All,Wszystko
None,Brak
"Allowed Scopes","Dopuszczalne zakresy"
"You need more permissions to delete this item(s): %1.","Potrzebujesz większych uprawnień, aby usunąć przedmiot(y): %1."
"You need more permissions to apply some of the rule updates.","Potrzebujesz więcej uprawnień do stosowania niektórych reguł aktualizacji."
"Please assign this entity to a store view.","Proszę przydzielić jednostkę do widoku sklepu."
"You can create orders only in an active store.","Możesz tworzyć zamówienia tylko w aktywnym sklepie."
"Please assign this item to a store view.","Proszę przydzielić ten przedmiot do widoku sklepu."
"You need more permissions to save this item.","Potrzebujesz większych uprawnień, aby zapisać ten element."
"You need more permissions to delete this item.","Potrzebujesz większych uprawnień, aby usunąć ten element."
"You need more permissions to view this item.","Potrzebujesz większych uprawnień, aby zobaczyć ten element."
"Please specify at least one website or one store group.","Proszę określić przynajmniej jedną stronę lub jedną grupę stron."
"You need more permissions to set All Scopes to a Role.","Potrzebujesz więcej uprawnień, aby przypisać Wszystkie Zakresy do roli."
"Incorrect website ID: %1","Nieprawidłowe ID strony: %1"
"You need more permissions to access website ""%1"".","Potrzebujesz więcej uprawnień do dostępu do witryny ""%1""."
"Incorrect store ID: %1","Nieprawidłowe ID sklepu: %1"
"You need more permissions to save this setting.","Potrzebujesz większych uprawnień, aby zapisać to ustawienie."
"Role Scopes","Zakresy ról"
Custom,Niestandardowe
"You don't have permissions to save this item in scope of current store view. Please, switch to allowed store view","Nie posiadasz uprawnień, aby zapisać ten przedmiot w aktualnym sklepie. Proszę, zmień na dozwolony widok sklepu"
"More permissions are needed to delete the ""%1"" item.","Więcej uprawnień jest potrzebnych do usunięcia elementu ""%1""."
"This entity needs to be assigned to a store view. Verify the entity assignment and try again.","Ten obiekt musi być przypisany do widoku sklepu. Sprawdź przypisanie i spróbuj ponownie."
"Orders can only be completed in an active store. Verify the store and try again.","Zamówienia mogą być realizowane tylko w aktywnym sklepie. Zweryfikuj sklep i spróbuj ponownie."
"This item needs to be assigned to a store view. Assign item and try again.","Ten element musi być przypisany do widoku sklepu. Przypisz element i spróbuj ponownie."
"More permissions are needed to save this item.","Więcej uprawnień jest potrzebnych do zapisania tego elementu."
"More permissions are needed to delete this item.","Dodatkowe uprawnienia są potrzebne do usunięcia tego elementu."
"More permissions are needed to view this item.","Dodatkowe uprawnienia są potrzebne do wyświetlenia tego elementu."
"At least one website or store group needs to be selected. Select and try again.","Co najmniej jedna witryna lub grupa sklepów musi być zaznaczona. Wybierz i spróbuj ponownie."
"More permissions are needed to set All Scopes to a Role.","Więcej uprawnień jest potrzebnych, aby ustawić wszystkie zakresy na rolę."
"The ""%1"" website ID is incorrect. Verify the website ID and try again.","Identyfikator witryny %1"" jest błędny. Zweryfikuj identyfikator witryny i spróbuj ponownie."
"The ""%1"" store ID is incorrect. Verify the store ID and try again.","Identyfikator sklepu ""%1"" jest błędny. Zweryfikuj identyfikator sklepu i spróbuj ponownie."
"More permissions are needed to save this setting.","Potrzeba większych uprawnień, aby zapisać te ustawienia."
"Read Details","Przeczytaj szczegóły"
"Mark as Read","Oznacz jako przeczytane"
"Are you sure?","Czy na pewno tego chcesz?"
Remove,Usuń
"Messages Inbox","Skrzynka odbiorcza"
"You have %1 new system messages","Masz nowe wiadomości systemowe: %1"
"You have %1 new system message","Masz %1 nową wiadomość systemową"
"Incoming Message","Nowa wiadomość"
close,zamknij
Notifications,Powiadomienia
"The message has been marked as Read.","Wiadomość została oznaczona jako przeczytana."
"We couldn't mark the notification as Read because of an error.","Nie udało się oznaczyć powiadomienia jako przeczytane z powodu błędu."
"Please select messages.","Wybierz wiadomości."
"A total of %1 record(s) have been marked as Read.","W sumie %1 rekord(y) zostały oznaczone jako przeczytane."
"Total of %1 record(s) have been removed.","W sumie %1 rekord(y) zostały usunięte."
"We couldn't remove the messages because of an error.","Nie udało się usunąć wiadomości z powodu błędu."
"The message has been removed.","Wiadomość została usunięta."
"1 Hour","1 godz."
"2 Hours","2 godz."
"6 Hours","6 godz."
"12 Hours","12 godz."
"24 Hours","24 godz."
critical,krytyczny
major,ważne
minor,drobne
notice,informacja
"Wrong message type","Nieprawidłowy typ wiadomości"
"Wrong notification ID specified.","Niepoprawny ID powiadomienia."
"{{base_url}} is not recommended to use in a production environment to declare the Base Unsecure URL / Base Secure URL. We highly recommend changing this value in your Magento <a href=""%1"">configuration</a>.","Nie zaleca się używania {{base_url}} jako bazowego adresu URL w środowisku produkcyjnym. Radzimy zmianę tej wartości w <a href=""%1"">konfiguracji</a>."
"One or more of the Cache Types are invalidated: %1. ","Istnieją nieaktualne pamięci podręczne: %1. "
"Please go to <a href=""%1"">Cache Management</a> and refresh cache types.","Przejdź do <a href=""%1"">strony zarządzania pamięciami podręcznymi</a> i odśwież je."
"We were unable to synchronize one or more media files. Please refer to the log file for details.","Nie byliśmy w stanie zsynchronizować jednego lub więcej plików multimedialnych. Zajrzyj do pliku z logami po więcej szczegółów."
"Synchronization of media storages has been completed.","Ukończono synchronizację przechowalni multimediów."
"Your web server is set up incorrectly and allows unauthorized access to sensitive files. Please contact your hosting provider.","Twój serwer nie jest poprawnie skonfigurowany i pozwala na nieautoryzowany dostęp do wrażliwych plików. Skontaktuj się z dostawcą usług hostingowych."
"System Messages:","Komunikaty systemowe:"
"Critical System Messages","Krytyczny komunikat systemowy"
"Major System Messages","Ważny komunikat systemowy"
"System messages","Komunikaty systemowe"
Close,Zamknij
"See All (","Zobacz wszystkie ("
" unread)"," nieprzeczytane)"
"Show Toolbar","Pokaż pasek narzędzi"
"Show List","Pokaż listę"
"Use HTTPS to Get Feed","Używaj HTTPS do pobierania kanałów"
"Update Frequency","Częstotliwość aktualizacji"
"Last Update","Ostatnia aktualizacja"
Severity,Priorytet
"Date Added","Data dodania"
Message,Wiadomość
Actions,Operacje
"Close popup","Zamknij wyskakujące okienko"
"You have viewed and resolved all recent system notices. Please refresh the web page to clear the notice alert.","Zobaczyłeś oraz rozwiązałeś wszystkie ostatnie powiadomienia systemowe. Odśwież stronę aby usunąć alert."
"Manage Shopping Cart","Zarządzaj koszykiem"
"Create Order","Utwórz zamówienie"
Back,Powrót
"Add Products","Dodaj produkty"
"Update Items and Quantities","Aktualizuj pozycje i ilości"
"Are you sure you want to clear your cart?","Czy na pewno chcesz opróżnić koszyk?"
"Clear my shopping cart","Opróżnij mój koszyk"
"Add selections to my cart","Dodaj wybrane do koszyka"
Cancel,Anuluj
"Shopping Cart for %1 in %2","Koszyk dla %1 w %2"
"Select products you want to buy","Wybierz produkty, które chcesz kupić"
Product,Produkt
Price,Cena
Quantity,Ilość
"Products in the Comparison List (%1)","Produkty na liście do porównania (%1)"
"Last ordered items (%1)","Ostatnio zamówione (%1)"
Products,Produkty
ID,Identyfikator
"Recently Compared Products (%1)","Ostatnio porównywane produkty (%1)"
"Recently Viewed Products (%1)","Ostatnio oglądane produkty (%1)"
"Add to Shopping Cart by SKU","Dodaj do koszyka po SKU"
"Add to Shopping Cart","Dodaj do koszyka"
"Wish List (%1)","Lista życzeń (%1)"
Apply,Zastosuj
Configure,Konfiguruj
"Add to Order by SKU","Dodaj do zamówienia po SKU"
"Add to Order","Dodaj do zamówienia"
"Add Products to Order","Dodaj produkty do zamówienia"
"<span><span id=""sku-attention-num"">%1</span> product(s) require attention.</span>","<span>Produkt(y) wymagające sprawdzenia: <span id=""sku-attention-num"">%1</span></span>"
"Remove All","Usuń wszystkie"
"Only %1%2%3 left in stock","Zostało na stanie tylko %1%2%3"
"You can buy up to %1 of these per purchase.","Maksymalna ilość do jednorazowego zakupu: %1."
"You must buy at least %1 of these per purchase.","Minimalna liczba sztuk w jednym zamówieniu to %1."
"Specify the product's options.","Określ opcje produktu."
"Alert me when this item is available.","Powiadom mnie, gdy ten produkt będzie dostępny."
"We can't find this customer.","Nie możemy znaleźć tego klienta."
"Shopping cart management is disabled for this customer.","Zarządzanie koszykiem jest wyłączone dla tego klienta."
"We can't find this store.","Nie udało się znaleźć tego sklepu."
Customers,Klienci
"Shopping Cart",Koszyk
"Sorry, something went wrong. You can find out more in the error log.","Niestety operacja się nie powiodła. Możesz znaleźć więcej informacji w logach."
"You do not have access to this.","Nie posiadasz dostępu do tej sekcji."
"Ordered item id is not received.","Identyfikator zamówionego produktu nie został otrzymany."
"Ordered item is not loaded.","Zamówiony produkt nie został załadowany."
"Quote item id is not received.","Identyfikator elementu oferty nie został odebrany."
"Quote item is not loaded.","Element cytatu nie został załadowany."
"The wish list item id is not received.","Identyfikator elementu listy życzeń nie został odebrany."
"The wish list item is not loaded.","Element listy życzeń nie został załadowany."
"An error has occurred. See error log for details.","Wystąpił błąd. Sprawdź dziennik błędów, by uzyskać szczegółowe informacje."
"You cannot configure a product.","Nie możesz skonfigurować produktu."
"You removed the items.","Usunięto elementy."
"You removed the item.","Usunięto element."
"You added %1 to your shopping cart.","Dodałeś %1 do koszyka."
"You cannot add a product.","Nie możesz dodać produktu."
"Order by SKU","Sortuj po SKU"
"The SKU was not found in the catalog.","Produkt nie został znaleziony w katalogu."
"Availability: Out of stock.","Dostępność: brak."
"We don't have as many of these as you want.","Wymagana ilość nie jest dostępna."
"You can't add this many to your cart.","Nie można dodać takiej ilości do koszyka."
"You need to choose options for your item.","Musisz wybrać opcje produktu."
"We can't add the item to your cart.","Nie udało się dodać produktu do koszyka."
"Please enter an actual number in the ""Qty"" field.","Wpisz liczbę w pole „Ilość”."
"This product is assigned to another website.","Ten produkt jest przypisany do innej witryny."
"You can add only enabled products.","Możesz dodać tylko włączone produkty."
"You cannot upload this file.","Nie możesz wgrać tego pliku."
"The file is empty.","Plik jest pusty."
"You have not entered a product SKU. Please <a href=""%1"">click here</a> to add product(s) by SKU.","Nie podano żadnego SKU produktu. <a href=""%1"">Przejdź tutaj</a>, aby dodać produkt(y) po SKU."
"You have not entered a product SKU.","Nie podałeś SKU produktu."
"We can't add a product to cart by id ""%1"".","Nie udało się dodać do koszyka produktu o ID „%1”."
"Something went wrong while reordering this product.","Wystąpił problem podczas zmiany kolejności tego produktu."
"We can't find this wish list.","Nie udało się odnaleźć tej listy życzeń."
"You added %1 product to your shopping cart.","Produkty dodane do koszyka: %1."
"You added %1 products to your shopping cart.","Produkty dodane do koszyka: %1."
"%1 product requires your attention.","Produkty wymagające sprawdzenia: %1."
"%1 products require your attention.","Produkty wymagające sprawdzenia: %1."
"Yes, for Specified Customer Groups","Tak, dla określonych grup klientów"
"Yes, for Everyone","Tak, dla wszystkich"
No,Nie
"The file is corrupt.","Plik jest uszkodzony."
"Please upload the file in .csv format.","Proszę przesłać plik w formacie .csv"
"%1 item(s) need your attention.","Produkty wymagające sprawdzenia: %1."
"Apply Coupon Code","Zastosuj kod kuponu"
"Remove Coupon Code","Usuń kod kuponu"
"The coupon code ""%1"" is not valid.","Kod kuponu ""%1"" nie jest prawidłowy."
"Shopping Cart Items","Produkty w koszyku"
Qty,Ilość
Subtotal,"Suma częściowa"
Discount,Zniżka
"Row Subtotal","Suma częściowa wiersza"
Action,Operacja
"No ordered items","Brak zamówionych produktów"
"Total %1 product(s)","Produkty: %1"
Subtotal:,"Suma częściowa:"
"Please select","Proszę wybrać"
"Move to Wish List","Przenieś do listy życzeń"
"No item specified.","Nie wybrano produktu."
"Are you sure you want to remove this item?","Czy na pewno chcesz usunąć ten produkt?"
"SKU number",SKU
"Upload File","Załaduj plik"
"Your csv file must include ""sku"" and ""qty"" columns.","Plik csv musi zawierać kolumny ""sku"" oraz ""qty""."
Reset,Resetuj
"Only <span id=""%1_max_allowed"">%2</span> in stock","Tylko <span id=""%1_max_allowed"">%2</span> szt. w magazynie"
Item,Produkt
"See price before order confirmation.","Zobacz cenę przed potwierdzeniem zamówienia."
"What's this?","Co to jest?"
"Incl. Tax","Z podatkiem"
"Excl. Tax","Bez podatku"
"Edit item parameters","Edytuj parametry produktu"
Edit,Edytuj
"Remove item","Usuń produkt"
"Products Requiring Attention","Produkty wymagające uwagi"
"Add to Cart","Dodaj do koszyka"
Sku,SKU
File,Plik
"File extensions allowed: .csv","Dozwolone rozszerzenia plików: .csv"
"Add Row","Dodaj wiersz"
"Remove Row","Usuń wiersz"
"Add Products By SKU","Dodaj produktu po SKU"
"Shopping Cart Management","Zarządzaj koszykiem"
"View Shopping Cart","Zobacz koszyk"
"View and modify Shopping Cart","Wyświetl i modyfikuj koszyk"
"Order by SKU Settings","Sortuj po ustawieniach SKU"
"Enable Order by SKU on My Account in Storefront","Włącz zamówienia przez SKU w zakładce Moje Konto w sklepie"
"Customer Groups","Grupy klientów"
"Apply Coupon","Zastosuj kupon"
"Order by SKU Description","Sortuj po opisie SKU"
"Display a Link to Loading a Spreadsheet","Wyświetl łącze do ładowania arkusza kalkulacyjnego"
"Defines whether a link to My Account &gt; Order by SKU page will be displayed on the widget","Określa, czy łącze do Moje Konto &gt; Zamów przez SKU będzie wyświetlone na widżecie"
"Link Text","Tekst łącza"
"The text of the link to the My Account &gt; Order by SKU page","Tekst łącza do strony Moje Konto &gt; Zamów przez SKU"
"Load a list of SKUs","Załaduj listę SKU"
"Order by SKU Template","Sortuj po szablonie SKU"
"SKU not found in catalog.","Nie znaleziono jednostki SKU w katalogu."
"This file needs to be in .csv format.","Plik ten musi być w formacie .csv."
"This customer couldn't be found. Verify the customer and try again.","Nie odnaleziono klienta. Zweryfikuj klienta i spróbuj ponownie."
"This store couldn't be found. Verify the store and try again.","Nie odnaleziono sklepu. Zweryfikuj sklep i spróbuj ponownie."
"An error occurred. For details, see the error log.","Wystąpił błąd. Aby uzyskać więcej informacji, zobacz dziennik błędów."
"The ordered item needs to be loaded. Load the item and try again.","Zamówiony przedmiot musi zostać załadowany. Załaduj przedmiot i spróbuj ponownie."
"The quote item ID needs to be received. Set the ID and try again.","Identyfikator produktu oferty musi zostać odebrany. Ustaw ID i spróbuj ponownie."
"The quote item needs to be loaded. Load the item and try again.","Element oferty musi zostać załadowany. Załaduj element i spróbuj ponownie."
"The wish list item ID needs to be received. Set the ID and try again.","Identyfikator elementu na liście życzeń jest wymagany. Ustaw identyfikator i spróbuj ponownie."
"The wish list item needs to be loaded. Load the item and try again.","Element listy życzeń musi zostać załadowany. Załaduj element i spróbuj ponownie."
"The file is corrupt and can't be used.","Plik jest uszkodzony i nie może być użyty."
"Please correct the data sent.","Proszę poprawić wprowadzone dane."
"Entity type model '%1' is not found","Nie znaleziono typu modelu '%1'"
"Entity type model must be an instance of \Magento\CatalogImportExport\Model\Export\Product\Type\AbstractType","Model obiektu musi być instancją \Magento\CatalogImportExport\Model\Export\Product\Type\AbstractType"
"There are no product types available for export","Brak rodzajów produktów możliwych do eksportu"
"%1 class doesn't implement \Magento\AdvancedRule\Model\Condition\FilterTextGeneratorInterface","Klasa %1 nie implementuje \Magento\AdvancedRule\Model\Condition\FilterTextGeneratorInterface"
"Sales Rule","Reguły sprzedaży"
"Index sales rule","Indeks reguł sprzedaży"
"Related Search Terms","Podobne zapytania"
"Add New Search Term","Dodaj nową frazę wyszukiwania"
"Missing search engine parameter.","Brakujący parametr wyszukiwarki."
"Successful! Test again?","Sukces! Powtórzyć test?"
"Connection failed! Test again?","Połączenie nie powiodło się! Powtórzyć test?"
"Enable Search Recommendations","Włącz rekomendacje wyszukiwania"
"When you enable this option your site may slow down.","Po włączeniu tej opcji strona może się spowolnić."
"Search Recommendations Count","Liczba podpowiedzi wyszukiwania"
"Show Results Count for Each Recommendation","Pokaż liczbę wyników dla każdej podpowiedzi"
"Enable Search Suggestions","Włącz podpowiedzi wyszukiwania"
"Search Suggestions Count","Liczba podpowiedzi wyszukiwania"
"Show Results Count for Each Suggestion","Pokaż liczbę wyników dla każdej podpowiedzi"
"Related search terms","Podobne wyszukiwania"
"Did you mean","Czy chodziło Ci o"
"Search Query","Fraza wyszukiwania"
Store,Sklep
Results,Rezultaty
Uses,Użyć
"Redirect URL","Przekierowanie URL"
"Suggested Term","Sugerowany termin"
Yes,Tak
Synonym,Synonim
"RPC call failed, connection timed out after %time_out.","Wywołanie RPC nie powiodło się, przekroczenie czasu połączenia %time_out."
"Message has been rejected: %1","Wiadomość została odrzucona: %1"
"Error while checking if topic is synchronous","Błąd podczas sprawdzania, czy temat jest synchroniczny"
"Subscription status","Status subskrypcji"
"Sorry, there has been an error processing your request. Please try again later.","Niestety, nastąpił błąd podczas przetwarzania Twojego żądania. Proszę spróbować ponownie później."
"Time value has an unsupported format","Wartość czasu ma nieobsługiwany format"
"Cron settings can't be saved","Nie można zapisać ustawienia cron"
"There was an error save new configuration value.","Wystąpił błąd. Zapisz nową wartość konfiguracji."
"Please select a vertical.","Wybierz pion."
"--Please Select--","--Proszę wybrać--"
"Command was not found.","Nie znaleziono polecenia."
"Input data must be string or convertible into string.","Dane wejściowe muszą być ciągiem znaków lub być konwertowalne na ciąg znaków."
"Input data must be non-empty string.","Dane wejściowe muszą być niepustym ciągiem znaków."
"Not valid cipher method.","Nieprawidłowa metoda szyfrowania."
"Encryption key can't be empty.","Klucz szyfrowania nie może być pusty."
"Source ""%1"" is not exist","Źródło ""%1"" nie istnieje"
"These arguments can't be empty ""%1""","Te argumenty nie mogą być puste ""%1"""
"Cannot find predefined integration user!","Nie można znaleźć zdefiniowanego użytkownika integracji!"
"File is not ready yet.","Plik nie jest możliwy do odczytania."
"Your Base URL has been changed and your reports are being updated. Advanced Reporting will be available once this change has been processed. Please try again later.","Twój podstawowy adres URL został zmieniony i raporty są aktualizowane. Zaawansowane Raportowanie będzie dostępne po przetworzeniu tej zmiany. Proszę spróbować ponownie później."
"Failed to synchronize data to the Magento Business Intelligence service. ","Nie można zsynchronizować dane z Magento Business Intelligence service. "
"<a href=""%1"">Retry Synchronization</a>","<a href=""%1"">Synchronizacja wierszy</a>."
TestMessage,WiadomośćTestowa
"Apps and Games","Aplikacje i gry"
"Athletic/Sporting Goods","Artykuły sportowe"
"Art and Design","Sztuka i projektowanie"
"Advanced Reporting","Zaawansowane Raportowanie"
"Gain new insights and take command of your business' performance, using our dynamic product, order, and customer reports tailored to your customer data.","Zdobądź nowe informacje i przejmij kontrolę nad wydajnością swojej firmy, za pomocą naszych dynamicznych produktów oraz raportów dostosowanych do Twoich danych o klientach."
"Go to Advanced Reporting","Idż do Zaawansowane Raportowanie"
Analytics,Analityka
Configuration,Konfiguracja
"Business Intelligence","Inteligencja Biznesowa"
"BI Essentials","Elementy BI"
"This service provides a dynamic suite of reports with rich insights about your business.
                Your reports can be accessed securely on a personalized dashboard outside of the admin panel by clicking on the
                ""Go to Advanced Reporting"" link. </br> For more information, see our <a href=""https://magento.com/legal/terms/cloud-terms"">
                terms and conditions</a>.","Ta usługa zapewnia dynamiczny zestaw raportów z bogatym wglądem w Twoją firmę.
                Dostęp do raportów można uzyskać bezpiecznie na spersonalizowanym pulpicie nawigacyjnym poza panelem administracyjnym, klikając łącze
                ""Przejdź do raportowania zaawansowanego"". </br> Więcej informacji można znaleźć w naszym <a href=""https://magento.com/legal/terms/cloud-terms""> regulaminie</a>.
                regulamin</a>."
"Advanced Reporting Service","Zaawansowane Usługi Raportowania"
"Time of day to send data","Pora dnia do wysyłania danych"
Industry,Branża
"In order to personalize your Advanced Reporting experience, please select your industry.","Aby spersonalizować środowisko Zaawansowane Raportowanie, proszę wybierz branżę."
"<strong>Get more insights from Magento Business Intelligence</strong>","<strong>uzyskaj więcej statystyk z Magento Business Intelligence</strong>"
"Magento Business Intelligence provides you with a simple and clear path to
                    becoming more data driven.</br> Learn more about <a target=""_blank""
                    href=""https://dashboard.rjmetrics.com/v2/magento/signup/"">Magento BI Essentials and BI Pro</a> tiers.","Magento Business Intelligence zapewnia proste i jasne ścieżki do coraz większej ilości danych.</br> Dowiedz się więcej o <a target=""_blank""
                    href=""https://dashboard.rjmetrics.com/v2/magento/signup/"">BI Essentials</a> warstwy."
"Auto Parts","Części samochodowe"
"Baby/Children’s Apparel, Gear and Toys","Dziecko/dzieci Odzież, sprzęt i zabawki"
"Beauty and Cosmetics","Uroda i kosmetyki"
"Books, Music and Magazines","Książki, muzyka i czasopisma"
"Crafts and Stationery","Rzemiosła i artykuły papiernicze"
"Consumer Electronics","Elektronika użytkowa"
"Deal Site","Strona transakcji"
"Fashion Apparel and Accessories","Moda ubrania i akcesoria"
"Food, Beverage and Grocery","Żywność, napoje i produkty spożywcze"
"Home Goods and Furniture","Przedmioty do domu i meble"
"Home Improvement",Majsterkowanie
"Jewelry and Watches","Biżuteria i zegarki"
"Mass Merchant","Klient hurtowy"
"Office Supplies","Artykuły biurowe"
"Outdoor and Camping Gear","Sprzęt outdoorowy i kempingowy"
"Pet Goods","Produkty dla zwierząt"
"Pharma and Medical Devices","Farmacja i urządzenia medyczne"
"Technology B2B","Technologia B2B"
Other,Inne
"The time value is using an unsupported format. Enter a supported format and try again.","Wartość czasu używa nieobsługiwanego formatu. Wprowadź obsługiwany format i spróbuj ponownie."
"Please select an industry.","Wybierz branżę."
"The data is invalid. Enter the data as a string or data that can be converted into a string and try again.","Dane są nieprawidłowe. Wprowadź dane jako ciąg znaków lub dane, które mogą zostać przekonwertowane na ciąg znaków i spróbuj ponownie."
"The data is invalid. Enter the data as a string and try again.","Dane są nieprawidłowe. Wprowadź dane jako ciąg i spróbuj ponownie."
"The data is invalid. Use a valid cipher method and try again.","Dane są nieprawidłowe. Użyj prawidłowej metody szyfrowania i spróbuj ponownie."
"Enter the encryption key and try again.","Wprowadź klucz szyfrowania i spróbuj ponownie."
"The ""%1"" source doesn't exist.","Źródło ""%1"" nie istnieje."
"Retry Synchronization","Ponów próbę synchronizacji"
Done,Gotowe
Retry,"Ponów próbę"
"'Action Details - #' .","'Szczegóły akcji - #'."
"%1 item(s) have been scheduled for update.""","%1 elementy zostały zaplanowane dla aktualizacji."""
"Bulk Actions Log","Masowe przetwarzanie"
"Bulk uuid %bulkUuid not exist","Nie istnieje masowy uuid %bulkUuid"
"Topic %1","Temat %1"
"Something went wrong while processing the request.","Coś poszło nie tak podczas przetwarzania zapytania."
"Error processing %key element of input data","Błąd przetwarzania elementu %key danych wejściowych"
"Sorry, something went wrong during product prices update. Please see log for details.","Przepraszam, coś poszło nie tak podczas aktualizacji ceny produktu. Proszę zajrzyj do dziennika błędów."
"%1 item(s) are currently being updated.","%1 elementy są obecnie aktualizowane."
"Task ""%1"": ","Zadanie ""%1"": "
"%1 item(s) have been scheduled for update.","%1 elementy zostały zaplanowane do aktualizacji.""."
"%1 item(s) have been successfully updated.","%1 elementy zostały pomyślnie zaktualizowane."
"%1 item(s) failed to update","elementy %1 nie powiodła się aktualizacja"
Details,Szczegóły
"View Details","Zobacz szczegóły"
Dismiss,Zignoruj
"Pending, in queue...","Oczekujące, w kolejce..."
"%1 items selected for mass update","%1 elementy wybrane do masowej aktualizacji"
", %1 successfully updated",", %1 pomyślnie zaktualizowano"
", %1 failed to update",", %1 nie udało się zaktualizować"
"Something went wrong.","Coś poszło nie tak."
"Action Log","Dziennik działań"
Report,Raport
"Bulk Actions","Masowe przetwarzanie"
"Action Logs","Dziennik działań"
"Days Saved in Log","Dni, zapisane w dzienniku"
"Description of Operation","Opis operacji"
Summary,Podsumowanie
"Start Time","Czas rozpoczęcia"
"Items to Retry","Elementy do ponowienia"
"To retry, select the items and click “Retry”.","Aby ponowić próbę, zaznacz elementy i kliknij przycisk ""Ponów próbę""."
"Items That Can’t Be Updated.","Elementy, które nie mogą być aktualizowane."
Status,Stan
"Meta Information",Metainformacje
Error,Błąd
"Dismiss All Completed Tasks","Odrzucić wszystkie zakończone zadania"
"Action Details - #","'Szczegóły akcji - #'"
"Number of Records Affected","Liczba rekordów, których dotyczy"
"We can't find the role for the user you wanted.","Nie możemy znaleźć roli dla żądanego użytkownika."
"Something went wrong while compiling a list of allowed resources. You can find out more in the exceptions log.","Coś poszło nie tak podczas kompilowania listy dozwolonych zasobów. Więcej informacji znajdziesz w dzienniku działań."
"The role wasn't found for the user. Verify the role and try again.","Nie została odnaleziona rola dla tego użytkownika. Zweryfikuj rolę i spróbuj ponownie."
"You created the order.","Złożono zamówienie."
"Order saving error: %1","Błąd podczas zapisywania zamówienia: %1"
"Please choose a payment method.","Wybierz metodę płatności."
"We can't process your order right now. Please try again later.","W tej chwili nie możemy zrealizować zamówienia. Spróbuj ponownie później."
"An error occurred on the server. Please try to place the order again.","Wystąpił błąd z serwerem. Spróbuj ponownie złożyć zamówienie."
"Credit Card: xxxx-%1","Karta kredytowa: xxxx-%1"
"amount %1","kwota %1"
failed.,nieudane.
successful.,"zakończona pomyślnie."
"Authorize.Net Transaction ID %1.","ID transakcji Authorize.Net %1."
authorize,autoryzuj
"authorize and capture","autoryzuj i przechwyć"
capture,przechwyć
refund,zwróć
void,unieważniony
"Gateway error: %1","Błąd bramki: %1"
"Something went wrong in the payment gateway.","Wystąpił błąd w bramce płatności."
"Invalid amount for capture.","Nieprawidłowa ilość do przechwycenia."
"Payment capturing error.","Błąd przechwycenia płatności."
"Invalid transaction ID.","Nieprawidłowy identyfikator transakcji."
"Payment voiding error.","Błąd unieważnienia płatności."
"Invalid amount for refund.","Nieprawidłowa kwota do refundacji."
"Payment refunding error.","Błąd refundacji płatności."
"The transaction was declined because the response hash validation failed.","Transakcja została odrzucona, ponieważ nie udało się zweryfikować odpowiedzi."
"This payment didn't work out because we can't find this order.","Płatności nie działa, ponieważ nie możemy znaleźć tego zamówienia."
"There was a payment authorization error.","Wystąpił błąd autoryzacji płatności."
"Please enter a transaction ID to authorize this payment.","Proszę wprowadzić ID transakcji, aby autoryzować płatność."
"Something went wrong: the paid amount doesn't match the order amount. Please correct this and try again.","Coś się zepsuło: wypłacona kwota nie pasuje do kwoty zamówienia. Popraw to i spróbuj ponownie."
"Transaction %1 has been approved. Amount %2. Transaction status is ""%3""","Transakcja %1 została zatwierdzona. Kwota transakcji wynosi %2. Status transakcji to ""%3"""
"Transaction %1 has been voided/declined. Transaction status is ""%2"". Amount %3.","%1 transakcji zostało anulowana/unieważniona. Status transakcji jest ""%2"". Kwota %3."
"Authorize Only","Tylko autoryzacja"
"Authorize and Capture","Autoryzuj i przechwyć"
"Unable to get transaction details. Try again later.","Nie udało się pobrać szczegółów transakcji. Spróbuj ponownie później."
"Electronic payments save the trees.","Płatności elektroniczne ratują drzewa."
"Credit Card Type","Typ karty kredytowej"
"Please Select",Wybierz
"Credit Card Number","Numer karty kredytowej"
"Expiration Date","Data ważności"
"Card Verification Number","Numer weryfikacyjny karty"
"Fraud Detection ","Wykrywanie nadużyć "
"FDS Filter Action","Akcja filtru FDS"
"AVS Response","Odpowiedź AVS"
"Card Code Response","Kod Karty Odpowiedzi"
"CAVV Response","Odpowiedź CAVV"
"Fraud Filters","Filtry nadużyć"
"Place Order","Złóż zamówienie"
"Sorry, but something went wrong. Please contact the seller.","Przepraszamy, ale coś poszło nie tak. Proszę skontaktować się ze sprzedawcą."
Enabled,Włączone
"Payment Action","Akcja płatności"
Title,Tytuł
"API Login ID","ID logowania API"
"Transaction Key","Klucz transakcji"
"Merchant MD5","MD5 handlowca"
"New Order Status","Status nowego zamówienia"
"Test Mode","Tryb testowy"
"Gateway URL","URL bramki"
"Transaction Details URL","Adres URL szczegóły transakcji"
"Accepted Currency","Akceptowana waluta"
Debug,"Tryb debug"
"Email Customer","Wyślij e-mail do klienta"
"Merchant's Email","E-mail handlowca"
"Credit Card Types","Typy kart kredytowych"
"Credit Card Verification","Weryfikacja karty kredytowej"
"Payment from Applicable Countries","Płatność ze stosownych krajów"
"Payment from Specific Countries","Płatność z wybranych krajów"
"Minimum Order Total","Minimalna suma zamówienia"
"Maximum Order Total","Maksymalna suma zamówienia"
"Sort Order","Kolejność sortowania"
"Cannot place order.","Nie można złożyć zamówienia."
"'Gateway error: ' .","'Błąd bramki: ' ."
"Unable to place order. Please try again later.","Nie można złożyć zamówienia. Proszę spróbować ponownie później."
"A server error stopped your order from being placed. Please try to place your order again.","Błąd serwera uniemożliwił realizację zlecenia. Proszę spróbuj ponownie."
"The transaction details are unavailable. Please try again later.","Szczegóły transakcji nie są dostępne. Spróbuj ponownie później."
"Authorize.Net Direct Post (Deprecated)","Authorize.Net Direct Post (nieużywana)"
"Signature Key","Klucz Podpisu"
"There was an error while trying to process the request.","Wystąpił błąd w czasie przetwarzania zapytania."
"This transaction cannot be refunded with its current status.","Płatność za transakcję nie może zostać zwrócona ze względu na jej obecny status."
"The authenticity of the gateway response could not be verified.","Autentyczność odpowiedzi z bramki nie może zostać zweryfikowana."
"Basic Authorize.Net Settings","Podstawowe ustawienia Authorize.Net"
Environment,Środowisko
"Public Client Key","Klucz Publiczny Klienta"
"Merchant MD5 (deprecated)","Merchant MD5 (nieużywany)"
"Advanced Authorize.Net Settings","Zaawansowane ustawienia Authorize.Net"
"Enable Credit Card Verification Field","Włącz pole weryfikacji karty kredytowej"
"Invalid request to gateway.","Nieprawidłowe zapytanie do bramki."
"Invalid gateway credentials.","Nieprawidłowe dane logowania do bramki."
"Transaction has been declined. Please try again later.","Transakcja została odrzucona. Prosimy spróbować ponownie później."
options,opcje
"Select all","Zaznacz wszystko"
"Deselect all","Odznacz wszystko"
"%s of %s selected","wybrano % z %"
"B2B Features","Funkcje B2B"
"Invalid Form Key. Please refresh the page.","Nieprawidłowy klucz formularza. Proszę odświeżyć stronę."
"You entered an invalid Secret Key. Please refresh the page.","Podałeś nieprawidłowy tajny klucz. Proszę odświeżyć stronę."
"Cache Storage Management","Zarządzanie przechowywaniem cache"
"Flush Magento Cache","Wyczyść pamięć podręczną Magento"
"The cache storage may contain additional data. Are you sure that you want to flush it?","W pamięci podręcznej mogą znajdować się dodatkowe dane. Czy na pewno chcesz wszystko wyczyścić?"
"Flush Cache Storage","Wyczyść całą pamięć podręczną"
Invalidated,Unieważniony
Orders,Zamówienia
Amounts,Ilości
Bestsellers,Bestsellery
"Most Viewed Products","Najczęściej oglądane"
"New Customers","Nowi klienci"
Customer,Klient
Guest,Gość
Items,Pozycje
Total,Łącznie
"Lifetime Sales","Całkowita wartość sprzedaży"
"Average Order","Średnia wartość zamówienia"
Average,Średnia
Views,Widoki
Revenue,Dochód
Tax,Podatek
Shipping,Dostawa
"Images (.gif, .jpg, .png)","Obrazki (.gif, .jpg, .png)"
"Media (.avi, .flv, .swf)","Multimedia (.avi, .flv, .swf)"
"All Files","Wszystkie pliki"
"Reset to Default","Przywróć domyślne"
"All Store Views","Wszystkie widoki sklepu"
"What is this?","Co to jest?"
"Save Account","Zapisz konto"
"My Account","Moje konto"
"Account Information","Dane konta"
"User Name","Nazwa użytkownika"
"First Name",Imię
"Last Name",Nazwisko
Email,E-mail
"User Email","E-mail użytkownika"
"New Password","Nowe hasło"
"Password Confirmation","Potwierdzenie hasła"
"Interface Locale","Język interfejsu"
"Current User Identity Verification","Weryfikacja tożsamości użytkownika"
"Your Password","Twoje hasło"
"Save Cache Settings","Zapisz ustawienia cache"
"Catalog Rewrites","Przekierowania katalogu"
Refresh,Odśwież
"Images Cache","Cache obrazków"
Clear,Wyczyść
"Search Index","Indeks wyszukiwania"
Rebuild,Przebuduj
"Inventory Stock Status","Status stanu magazynowego"
"Rebuild Catalog Index","Przebuduj indeks katalogu"
"Rebuild Flat Catalog Category","Przebuduj płaski katalog kategorii"
"Rebuild Flat Catalog Product","Przebuduj płaski katalog produktów"
"Cache Control","Kontrola cache"
"All Cache","Cała pamięć cache"
"No change","Bez zmian"
Disable,Wyłącz
Enable,Włącz
"Add Design Change","Dodaj zmianę wyglądu"
Delete,Usuń
Save,Zapisz
"Edit Design Change","Edycja zmiany wyglądu"
"New Store Design Change","Nowa zmiana wyglądu sklepu"
"General Settings","Ustawienia ogólne"
"-- Please Select --","-- Prosimy wybrać --"
"Custom Design","Indywidualny wygląd"
"Date From","Data od"
"Date To","Data do"
"Design Change","Zmiana wyglądu"
General,Ogólne
"Delete %1 '%2'","Usuń %1 ""%2"""
"Delete %1","Usuń %1"
"Block Information","Informacje o bloku"
"Backup Options","Opcje kopii zapasowej"
"Create DB Backup","Utwórz kopię bazy danych"
"Delete Store","Usuń sklep"
"Delete Web Site","Usuń witrynę"
"Save Web Site","Zapisz witrynę"
"Save Store","Zapisz sklep"
"Save Store View","Zapisz widok sklepu"
"Delete Store View","Usuń widok sklepu"
"Edit Web Site","Edytuj witrynę"
"New Web Site","Nowa witryna"
"Edit Store","Edytuj sklep"
"New Store","Nowy sklep"
"Edit Store View","Edycja widoku sklepu"
"New Store View","Nowy widok sklepu"
"Store Information","Informacje o sklepie"
"Web Site",Witryna
Name,Nazwa
Code,Kod
"Root Category","Kategoria bazowa"
"Default Store View","Domyślny widok sklepu"
"Store View Information","Informacje o widoku sklepu"
Disabled,Wyłączone
"Web Site Information","Informacje o witrynie"
"Default Store","Domyślny sklep"
"Set as Default","Ustaw jako domyślne"
Stores,Sklepy
"Create Website","Utwórz witrynę"
"Create Store","Utwórz sklep"
"Create Store View","Utwórz widok sklepu"
Home,"Strona główna"
"Are you sure you want to do this?","Czy na pewno chcesz to zrobić?"
"Add New Image","Dodaj nowy obraz"
"Export block for grid %1 is not defined","Nie zdefiniowano bloku eksportu dla tabeli %1"
"Reset Filter","Zresetuj filtr"
Search,Szukaj
Any,Dowolny
"All Countries","Wszystkie kraje"
From,Od
To,Do
"Date selector","Selektor daty"
"[ deleted ]","[ usunięty ]"
"Select All","Zaznacz wszystko"
" [deleted]"," [usunięty]"
"We couldn't find any records.","Nie mogliśmy znaleźć żadnych rekordów."
"Add New","Dodaj nowe"
"Invalid export type supplied for grid export block","Nieprawidłowy typ eksportu zastosowany dla bloku eksportu tabeli"
Export,Eksportuj
"Please correct the column format and try again.","Popraw format kolumny i spróbuj ponownie."
"Please select items.","Wybierz elementy."
Submit,Wyślij
"Unknown block type","Nieznany typ bloku"
"Please correct the tab configuration and try again. Tab Id should be not empty","Proszę poprawić konfigurację karty i spróbować ponownie. Identyfikator karty nie może być pusty"
"Please correct the tab configuration and try again.","Popraw konfigurację karty i spróbuj ponownie."
"You have logged out.","Wylogowanie zakończone."
"Specified cache type(s) don't exist: %1","Określone typy pamięci podręcznej nie istnieją: %1"
"The image cache was cleaned.","Cache obrazków został wyczyszczony."
"An error occurred while clearing the image cache.","Wystąpił błąd podczas czyszczenia pamięci cache obrazków."
"The JavaScript/CSS cache has been cleaned.","Cache JavaScript/CSS został wyczyszczony."
"An error occurred while clearing the JavaScript/CSS cache.","Wystąpił błąd podczas czyszczenia pamięci cache JavaScript/CSS."
"The static files cache has been cleaned.","Odświeżono pamięć podręczną plików statycznych."
"You flushed the cache storage.","Odświeżono wszystkie pamięci podręczne."
"The Magento cache storage has been flushed.","Składowanie cache Magento zostało opróżnione."
"Cache Management","Pamięć podręczna"
"You can't change status of cache type(s) in production mode","Nie można zmienić stanu typów pamięci podręcznej w trybie produkcyjnym"
"%1 cache type(s) disabled.","Pomyślnie wyłączone pamięci podręczne: %1."
"An error occurred while disabling cache.","Wystąpił błąd podczas wyłączania pamięci podręcznej."
"%1 cache type(s) enabled.","Pomyślnie włączone pamięci podręczne: %1."
"An error occurred while enabling cache.","Wystąpił błąd podczas włączania pamięci podręcznej."
"%1 cache type(s) refreshed.","Pomyślnie odświeżone pamięci podręczne: %1."
"An error occurred while refreshing cache.","Wystąpił błąd podczas odświeżania pamięci podręcznej."
Dashboard,Panel
"We updated lifetime statistic.","Zaktualizowaliśmy statystykę życia."
"We can't refresh lifetime statistics.","Nie możemy odświeżyć statystyki życia."
"invalid request","nieprawidłowe zapytanie"
"see error log for details","zobacz szczegóły w logu błędów"
"Service unavailable: %1","Usługa niedostępna: %1"
"Access Denied.","Dostęp zabroniony."
"You need more permissions to do this.","Potrzebujesz więcej uprawnień do wykonania tego."
"No search modules were registered","Brak zarejestrowanych modułów wyszukiwania"
"Please make sure that all global admin search modules are installed and activated.","Upewnij się, że wszystkie globalne moduły wyszukiwania są zainstalowane i aktywowane."
"You saved the account.","Szczegóły konta zostały zapisane."
"An error occurred while saving account.","Wystąpił błąd podczas zapisywania konta."
"You deleted the design change.","Zmiana projektowa została usunięta."
"You can't delete the design change.","Nie można usunąć zmiany projektowej."
"Store Design","Design sklepu"
"Edit Store Design Change","Edytuj zmianę projektową sklepu"
"You saved the design change.","Zmiana projektowa została zapisana."
"Manage Stores","Zarządzaj sklepami"
"The database was backed up.","Kopia zapasowa bazy danych została utworzona."
"We can't create a backup right now. Please try again later.","Nie można teraz utworzyć kopii zapasowej. Proszę spróbować później."
"Deleting a %1 will not delete the information associated with the %1 (e.g. categories, products, etc.), but the %1 will not be able to be restored. It is suggested that you create a database backup before deleting the %1.","Usunięcie %1 nie spowoduje usunięcia informacji powiązanych z %1 (np. kategorii, produktów itp.), ale %1 nie będzie mógł być odtworzony. Zalecane jest utworzenie kopii zapasowej bazy danych przed usunięciem %1."
"Something went wrong. Please try again.","Coś poszło nie tak. Proszę spróbować ponownie."
"This store cannot be deleted.","Ten sklep nie może być usunięty."
"You deleted the store.","Usunięto sklep."
"Unable to delete the store. Please try again later.","Nie można było usunąć sklepu. Proszę spróbować jeszcze raz później."
"This store view cannot be deleted.","Ten widok sklepu nie może być usunięty."
"Store View","Widok sklepu"
"You deleted the store view.","Usunięto widok sklepu."
"Unable to delete the store view. Please try again later.","Nie można było usunąć widoku sklepu. Proszę spróbować jeszcze raz później."
"This website cannot be deleted.","Ta witryna nie może zostać usunięta."
"You deleted the website.","Usunięto witrynę."
"Unable to delete the website. Please try again later.","Nie można było usunąć witryny. Proszę spróbować jeszcze raz później."
"The website does not exist.","Witryna nie istnieje."
"Before modifying the website code please make sure it is not used in index.php.","Przed modyfikacją kodu strony sklepu upewnij się, że nie jest on używany w index.php."
"The store does not exist","Sklep nie istnieje"
"Store view doesn't exist","Widok sklepu nie istnieje"
"Before modifying the store view code please make sure it is not used in index.php.","Przed modyfikacją kodu widoku sklepu upewnij się, że nie jest on używany w index.php."
"New ","Nowy "
"All Stores","Wszystkie sklepy"
"You saved the website.","Zapisano witrynę."
"The default store cannot be disabled","Domyślny sklep nie może zostać wyłączony"
"You saved the store view.","Zapisano widok sklepu."
"An inactive store view cannot be saved as default store view","Nieaktywny widok sklepu nie możne zostać zapisany jako widok domyślny"
"You saved the store.","Zapisano sklep."
"Something went wrong while saving. Please review the error log.","Coś się zepsuło podczas zapisywania. Przejrzyj dziennik błędów."
"Last 24 Hours","Ostatnie 24 godziny"
"Last 7 Days","Ostatnie 7 dni"
"Current Month","Bieżący miesiąc"
YTD,"Od początku roku"
2YTD,"Od dwóch lat"
"Authentication storage is incorrect.","Magazyn uwierzytelnienia jest niepoprawny."
"You did not sign in correctly or your account is temporarily disabled.","Nie zalogowałeś się poprawnie lub Twoje konto jest tymczasowo wyłączone."
"Authentication error occurred.","Wystąpił błąd uwierzytelniania."
"Admin session lifetime must be less than or equal to 31536000 seconds (one year)","Czas trwania sesji administratora musi być mniejszy lub równy 31536000 sekund (jeden rok)."
"Admin session lifetime must be greater than or equal to 60 seconds","Żywotność sesji administratora musi być większa lub równa 60 sekund."
Order,Zamówienie
"Order #%1","Zamówienie #%1"
"Sorry, you need permissions to view this content.","Nie posiadasz uprawnień do podglądu tego załącznika."
"Next steps","Następne kroki"
"If you think this is an error, try signing out and signing in again.","Jeśli uważasz, że to błąd, spróbuj się wylogować i zalogować ponownie."
"Contact a system administrator or store owner to gain permissions.","Skontaktuj się z administratorem systemu lub właścicielem sklepu, aby uzyskać uprawnienia."
"Return to ","Powrót do"
"previous page","poprzednia strona"
"Welcome, please sign in","Zaloguj się"
Username,"Nazwa użytkownika"
"user name","nazwa użytkownika"
Password,Hasło
password,hasło
"Sign in","Zaloguj się"
"Select Range:","Wybierz zakres:"
"No Data Found","Nie znaleziono danych"
"Chart is disabled. To enable the chart, click <a href=""%1"">here</a>.","Kliknij <a href=""%1"">tutaj</a>, aby włączyć wykres."
"Last Orders","Ostatnie zamówienia"
"Last Search Terms","Ostatnio wyszukiwane hasła"
"Top Search Terms","Najpopularniejsze wyszukiwania"
"There are no search keywords.","Nie ma słów kluczowych."
"View Statistics For:","Zobacz statystyki dla:"
"All Websites","Wszystkie witryny"
"Reload Data","Przeładuj dane"
"Browse Files...","Przeglądaj pliki..."
"Copyright &copy; %1 Magento Commerce Inc. All rights reserved.","Copyright&copy; %1 Magento Commerce Inc. Wszystkie prawa zastrzeżone."
"ver. %1","wer. %1"
"Magento Admin Panel","Panel admina Magento"
"Account Setting","Ustawienia konta"
"Customer View","Widok klienta"
"Sign Out","Wyloguj się"
"About the calendar","O kalendarzu"
"Go Today","Idź do dzisiaj"
Previous,Poprzednie
Next,Następne
WK,Tydz.
Time,Czas
Hour,Godzina
Minute,Minuta
"JavaScript may be disabled in your browser.","JavaScript może być wyłączony w Twojej przeglądarce."
"To use this website you must first enable JavaScript in your browser.","Aby używać tej strony musisz najpierw uruchomić JavaScript w swojej przeglądarce."
"This is only a demo store. You can browse and place orders, but nothing will be processed.","To jest testowy sklep. Możesz przeglądać produkty i składać zamówienia, ale nie zostaną one zrealizowane."
"Report an Issue","Zgłoś problem"
"Store View:","Widok sklepu:"
"Stores Configuration","Konfiguracja sklepów"
"Please confirm scope switching. All data that hasn't been saved will be lost.","Potwierdź zmianę poziomu. Wszystkie niezapisane dane zostaną utracone."
"Additional Cache Management","Dodatkowe opcje"
"Flush Catalog Images Cache","Odśwież zdjęcia produktów"
"Pregenerated product images files","Wygenerowane zdjęcia produktów"
"Flush JavaScript/CSS Cache","Odśwież style CSS i skrypty JS"
"Themes JavaScript and CSS files combined to one file","Pliki JavaScript i CSS szablonów skompresowane do jednego pliku"
"Flush Static Files Cache","Odśwież pliki statyczne"
"Preprocessed view files and static files","Przetworzone pliki szablonu i pliki statyczne"
Catalog,Katalog
"JavaScript/CSS Cache","Cache JavaScript/CSS"
"No records found.","Nie znaleziono wpisów."
Images,Obrazki
"Big Image","Duży obrazek"
Thumbnail,Miniatura
"Additional Settings","Ustawienia dodatkowe"
"records found","znalezione rekordy"
selected,wybrane
"per page","na stronę"
"Previous page","Poprzednia strona"
"of %1","z %1"
"Next page","Następna strona"
"Export to:","Eksportuj do:"
"Mass Actions","Masowe operacje"
"Unselect All","Odznacz wszystko"
"Select Visible","Zaznacz widoczne"
"Unselect Visible","Odznacz widoczne"
"Changes have been made to this section that have not been saved.","Wprowadzono zmiany do tej sekcji, które nie zostały zapisane."
"This tab contains invalid data. Please resolve this before saving.","Ta karta zawiera nieprawidłowe dane. Proszę rozwiązać ten problem przed zapisaniem."
"The information in this tab has been changed.","Informacje w tej zakładce zostały zmienione."
Loading...,Ładuję...
"We could not detect a size.","Nie można wykryć rozmiaru."
"We don't recognize or support this file extension type.","Nie rozpoznajemy ani nie obsługujemy tego typu rozszerzenia pliku."
"Warning message","Komunikat ostrzegawczy"
"This operation can take a long time","Operacja ta może zająć dużo czasu"
"Allow everything","Zezwól na wszystko"
"Magento Admin","Administrator Magento"
"Global Search","Globalne wyszukiwanie"
"SEO & Search","SEO i wyszukiwanie"
"User Content","Treści użytkowników"
Content,Zawartość
Elements,Elementy
Design,Wygląd
Schedule,Harmonogram
"Content translation","Tłumaczenie treści"
Settings,Ustawienia
Attributes,Cechy
"Other Settings",Inne
"Data Transfer","Transfer danych"
"Connect Manager","Menedżer połączeń"
"Package Extensions","Spakuj moduły"
Tools,Narzędzia
"Clean Cache Actions","Akcje czyszczenia pamięci podręcznej"
"Cache Types Management","Zarządzanie typami pamięci podręcznej"
"Toggle Cache Type","Przełączanie typu pamięci podręcznej"
"Refresh Cache Type","Typ odświeżania pamięci podręcznej"
"Catalog Images Cache","Pamięć podręczna obrazów katalogu"
"Flush Static Files","Płukanie plików statycznych"
"Web Setup Wizard","Kreator konfiguracji internetowej"
Currency,Waluta
Communications,Komunikacja
Services,Usługi
Advanced,Zaawansowane
"Disable Modules Output","Zablokuj wyjście modułów"
"Store Email Addresses","Adres e-mail sklepu"
"Custom Email 1","Niestandardowy e-mail 1"
"Sender Email","E-mail nadawcy"
"Sender Name","Nazwa nadawcy"
"Custom Email 2","Niestandardowy e-mail 2"
"General Contact","Kontakt ogólny"
"Sales Representative","Przedstawiciel handlowy"
"Customer Support","Obsługa klienta"
Developer,Programista
"Enabled Template Path Hints for Storefront","Włączone podpowiedzi ścieżki szablonu dla witryny Storefront"
"Enabled Template Path Hints for Admin","Włączone podpowiedzi ścieżki szablonu dla administratora"
"Add Block Names to Hints","Dodawanie nazw bloków do podpowiedzi"
"Template Settings",Szablony
"Allow Symlinks","Zezwól na symlinki"
"Warning! Enabling this feature is not recommended on production environments because it represents a potential security risk.","Ostrzeżenie! Włączenie tej funkcji nie jest zalecane w środowiskach produkcyjnych, ponieważ stanowi ona potencjalne zagrożenie dla bezpieczeństwa."
"Minify Html","Optymalizuj Html"
"Minification is not applied in developer mode.","Kompresja nie jest zastosowana w trybie dewelopera."
"Translate Inline","Tłumaczenie liniowe"
"Enabled for Storefront","Włączone dla sklepu"
"Enabled for Admin","Włączone dla Panelu Administracyjnego"
"Translate, blocks and other output caches should be disabled for both Storefront and Admin inline translations.","Pamięć podręczna tłumaczeń , bloków i wyjścia powinna być wyłączona dla katalogu i admina podczas tłumaczenia liniowego."
"JavaScript Settings",JavaScript
"Merge JavaScript Files","Złącz pliki JavaScript"
"Enable JavaScript Bundling","Włącz łączenie JavaScript"
"Minify JavaScript Files","Optymalizacja plików JavaScript"
"CSS Settings",CSS
"Merge CSS Files","Złącz pliki CSS"
"Minify CSS Files","Optymalizacja plików CSS"
"Image Processing Settings","Przetwarzanie obrazu"
"Image Adapter","Adapter obrazu"
"Static Files Settings","Pliki statyczne"
"Sign Static Files","Podpisz pliki statyczne"
"Country Options","Opcje kraju"
"Allow Countries","Dopuść kraje"
"Default Country","Domyślny kraj"
"European Union Countries","Kraje Unii Europejskiej"
"Top destinations","Główne miejsca docelowe"
"Locale Options","Opcje lokalizacji"
Timezone,"Strefa czasowa"
Locale,"Kod języka"
"First Day of Week","Pierwszy dzień tygodnia"
"Weekend Days","Dni weekendu"
"Store Name","Nazwa sklepu"
"Store Phone Number","Numer telefonu sklepu"
"Store Hours of Operation","Godziny pracy sklepu"
Country,Kraj
Region/State,Region/województwo
"ZIP/Postal Code","Kod pocztowy"
City,Miasto
"Street Address","Ulica i numer"
"Street Address Line 2","Druga linia adresu pocztowego"
"VAT Number","Numer NIP (VAT UE)"
"Single-Store Mode","Tryb pojedynczego sklepu"
"Enable Single-Store Mode","Włącz tryb pojedynczego sklepu"
"This setting will not be taken into account if system has more than one store view.","To ustawienie nie jest brane pod uwagę, jeśli system ma więcej niż jeden widok sklepu."
"Mail Sending Settings","Ustawienia wysyłania maili"
"Disable Email Communications","Zablokuj komunikację przez e-mail"
Host,Gospodarz
"Set Return-Path","Ustaw odpowiedź do"
"Return-Path Email","E-mail dla odpowedzi"
Admin,Administrator
"Admin User Emails","E-maile administracyjne"
"Forgot Password Email Template","Szablon wiadomości o zapomnianym haśle"
"Email template chosen based on theme fallback when ""Default"" option is selected.","Wybrany szablon e-mail oparty na temacie fallback po wybraniu opcji ""Default""."
"Forgot and Reset Email Sender","Resetowanie hasła i E-maila nadawcy"
"Startup Page","Strona startowa"
"Admin Base URL","Bazowy URL dla administratora"
"Use Custom Admin URL","Użyj niestandardowego adresu URL dla admina"
"Custom Admin URL","Indywidualny adres URL admina"
"Make sure that base URL ends with '/' (slash), e.g. http://yourdomain/magento/","Upewnij się, że bazowy URL kończy się '/' (ukośnik), np. http://twojadomena/magento/"
"Use Custom Admin Path","Użyj niestandardowej ścieżki dla admina"
"Custom Admin Path","Indywidualny adres URL admina"
"You will have to sign in after you save your custom admin path.","Musisz się zalogować po tym jak zapiszesz swoją niestandardową ściezkę admina."
Security,Bezpieczeństwo
"Recovery Link Expiration Period (hours)","Okres ważności linka odzyskującego (godziny)"
"Please enter a number 1 or greater in this field.","Prosimy o podanie cyfry 1 lub większej w tym polu."
"Add Secret Key to URLs","Dodaj sekretny klucz do URL"
"Login is Case Sensitive","Logowanie rozpoznaje wielkość liter"
"Admin Session Lifetime (seconds)","Czas trwania sesji Admina (w sekundach)"
"Please enter at least 60 and at most 31536000 (one year).","Proszę wprowadzić przynajmniej 60 i co najwyżej 31536000 (jeden rok)."
"Enable Charts","Włącz wykresy"
Web,Sieć
"Url Options","Opcje URL"
"Add Store Code to Urls","Dodaj kod sklepu do URL"
"<strong style=""color:red"">Warning!</strong> When using Store Code in URLs, in some cases system may not work properly if URLs without Store Codes are specified in the third party services (e.g. PayPal etc.).","<strong style=""color:red"">Ostrzeżenie! </strong> Podczas korzystania z kodu sklepu w adresach URL, w niektórych przypadkach system może nie działać poprawnie, jeśli adresy URL bez kodów sklepu są określone w usługach stron trzecich (np. PayPal itp.)."
"Auto-redirect to Base URL","Automatycznie przekieruj do bazowego URL"
"Search Engine Optimization","Optymalizacja dla wyszukiwarek"
"Use Web Server Rewrites","Używaj przekierowań serwera"
"Base URLs","Podstawowy URL"
"Base URL","Bazowy URL"
"Specify URL or {{base_url}} placeholder.","Określ adres URL lub zastępczy {{base_url}}."
"Base Link URL","Bazowy URL dla linków"
"Base URL for Static View Files","Podstawowy adres URL dla widoków statycznych plików"
"May be empty or start with {{unsecure_base_url}} placeholder.","Może być pusty lub zaczynać się od {{unsecure_base_url}}."
"Base URL for User Media Files","Podstawowy adres URL dla plików multimedialnych użytkownika"
"Base URLs (Secure)","Bazowy URL (bezpieczne)"
"Secure Base URL","Zabezpieczony bazowy URL"
"Specify URL or {{base_url}}, or {{unsecure_base_url}} placeholder.","Określ adres URL lub {{base_url}} lub {{unsecure_base_url}} symbol zastępczy."
"Secure Base Link URL","Podstawowy bezpieczny adres URL"
"Secure Base URL for Static View Files","Podstawowy bezpieczny adres URL dla widoków statycznych"
"May be empty or start with {{secure_base_url}}, or {{unsecure_base_url}} placeholder.","Może być pusty lub zaczynać się od {{secure_base_url}}, lub {{unsecure_base_url}}."
"Secure Base URL for User Media Files","Bezpieczny adres URL dla plików multimedialnych użytkownika"
"Use Secure URLs on Storefront","Używaj bezpiecznych URL na Storefront"
"Use Secure URLs in Admin","Użyj zabezpieczonych URLi dla admina"
"Enable HTTP Strict Transport Security (HSTS)","Włącz ścisłe zabezpieczenie transportu HTTP (HSTS)"
"Upgrade Insecure Requests","Uaktualnij niebezpieczne żądania"
"Offloader header","Nagłówek offloadera"
"Default Pages","Domyślne strony"
"Default Web URL","Domyślny URL sieciowy"
"Default No-route URL","Domyślny URL dla braku adresu"
"Session Validation Settings","Ustawienia walidacji sesji"
"Validate REMOTE_ADDR","Waliduj REMOTE_ADDR"
"Validate HTTP_VIA","Waliduj HTTP_VIA"
"Validate HTTP_X_FORWARDED_FOR","Waliduj HTTP_X_FORWARDED_FOR"
"Validate HTTP_USER_AGENT","Waliduj HTTP_USER_AGENT"
"Use SID on Storefront","Użyj identyfikatora SID w witrynie sklepu"
"Allows customers to stay logged in when switching between different stores.","Pozwala klientom pozostać zalogowanym podczas przełączania się między różnymi sklepami."
"Cache Type","Rodzaj pamięci podręcznej"
Description,Opis
Tags,Tagi
"<h1 class=""page-heading"">404 Error</h1><p>Page not found.</p>","<h1 class=""page-heading"">Błąd 404</h1><p>Strona nie została odnaleziona.</p>"
"Default Theme","Domyślny motyw"
"If no value is specified, the system default is used. The system default may be modified by third party extensions.","Jeśli nie określono żadnej wartości, używana jest domyślna wartość systemowa. Domyślne ustawienia systemowe mogą być modyfikowane przez rozszerzenia innych firm."
"Applied Theme","Zastosuj motyw"
"Design Rule","Reguła wyglądu"
"User Agent Rules","Reguły agenta użytkownika"
Pagination,Stronicowanie
"How many links to display at once.","Ile linków wyświetlać na raz."
"Pagination Frame","Ramka stronicowania"
"If current frame position does not cover utmost pages, it renders the link to current position plus/minus this value.","Jeśli aktualna pozycja ramki nie pokrywa najwyższych stron, renderuje link do aktualnej pozycji, plus/minus ta wartość."
"Pagination Frame Skip","Pomiń ramkę stronicowania"
"Alternative text for the previous pages link in the pagination menu. If empty, the default arrow image is used.","Alternatywny tekst dla linku do poprzedniej strony w menu paginacji. Jeśli pusty to zostanie użyty domyślny obrazek strzałki."
"Anchor Text for Previous","Tekst dla Poprzedni"
"Alternative text for the next pages link in the pagination menu. If empty, default arrow image is used.","Alternatywny tekst dla linku do następnej strony w menu paginacji. Jeśli pusty to zostanie użyty domyślny obrazek strzałki."
"Anchor Text for Next","Tekst dla Następny"
"Theme Name","Nazwa motywu"
"Please correct the tab configuration and try again. Tab Id should be not empry","Popraw konfigurację karty i spróbuj ponownie. Identyfikator karty nie powinien być empry"
"You have entered an invalid password for current user.","Wprowadzono nieprawidłowe hasło dla bieżącego użytkownika."
"Unable to delete store. Please, try again later.","Nie można usunąć sklepu. Spróbuj ponownie później."
"Unable to delete store view. Please, try again later.","Nie można usunąć widoku sklepu. Spróbuj ponownie później."
"Unable to delete website. Please, try again later.","Nie można usunąć strony. Spróbuj ponownie później."
"Access denied","Odmowa dostępu"
"Please try to sign out and sign in again.","Spróbuj się wylogować i zalogować ponownie."
"If you continue to receive this message, please contact the store owner.","Jeśli nadal będziesz otrzymywać tę wiadomość, skontaktuj się z właścicielem sklepu."
"You need more permissions to access this.","Aby uzyskać do niej dostęp, potrzebne są dodatkowe uprawnienia."
"Copyright&copy; %1 Magento Commerce Inc. All rights reserved.","Copyright&copy; %1 Magento Commerce Inc. Wszelkie prawa zastrzeżone."
"Report Bugs","Zgłaszanie błędów"
"Themes JavaScript and CSS files combined to one file.","Pliki JavaScript i CSS motywów połączone w jeden plik."
"Design Theme","Motyw projektu"
"User-Agent Exceptions","Wyjątki dotyczące User-Agent"
"Search strings are either normal strings or regular exceptions (PCRE). They are matched in the same order as entered. Examples:<br /><span style=""font-family:monospace"">Firefox<br />/^mozilla/i</span>","Wyszukiwane ciągi są zwykłymi ciągami lub wyjątkami regularnymi (PCRE). Są one dopasowywane w tej samej kolejności, w jakiej zostały wprowadzone. Przykłady:<br /><span style=""font-family:monospace"">Firefox<br />/^mozilla/i</span>"
"Find a string in client user-agent header and switch to specific design theme for that browser.","Znajdź ciąg znaków w nagłówku user-agent klienta i przełącz się na określony motyw graficzny dla tej przeglądarki."
"If the current frame position does not cover utmost pages, will render link to current position plus/minus this value.","Jeśli bieżąca pozycja ramki nie obejmuje wszystkich stron, link zostanie wyrenderowany do bieżącej pozycji plus/minus ta wartość."
"Alternative text for previous link in pagination menu. If empty, default arrow image will used.","Alternatywny tekst dla poprzedniego linku w menu paginacji. Jeśli puste, zostanie użyty domyślny obraz strzałki."
"Alternative text for next link in pagination menu. If empty, default arrow image will used.","Alternatywny tekst dla następnego linku w menu paginacji. Jeśli puste, zostanie użyty domyślny obraz strzałki."
"Enable Javascript Bundling","Włączenie obsługi Javascript"
"Recovery Link Expiration Period (days)","Okres ważności łącza odzyskiwania (dni)"
"Values less than 60 are ignored.","Wartości mniejsze niż 60 są ignorowane."
"Copyright &copy; %1 Magento, Inc. All rights reserved.","Copyright &copy; %1 Magento, Inc. Wszelkie prawa zastrzeżone."
"Add New User Agent Rule","Dodaj nową regułę agenta użytkownika"
"Search String","Ciąg wyszukiwania"
"Page not found.","Nie znaleziono strony."
"Add Block Class Type to Hints","Dodaj typ klasy bloku do podpowiedzi"
"When the adapter was changed, please flush Catalog Images Cache.","Po zmianie adaptera należy wyczyścić pamięć podręczną obrazów katalogu."
"For Windows server only.","Tylko dla serwera Windows."
"Images Upload Configuration","Konfiguracja przesyłania obrazów"
"Maximum Width","Maksymalna szerokość"
"Maximum allowed width for uploaded image.","Maksymalna dozwolona szerokość przesłanego obrazu."
"Maximum Height","Maksymalna wysokość"
"Maximum allowed height for uploaded image.","Maksymalna dozwolona wysokość przesłanego obrazu."
"<strong style=""color:red"">Warning!</strong> When using Store Code in URLs, in some cases system may not work properly if URLs without Store Codes are specified in the third-party services (e.g. PayPal etc.).","<strong style=""color:red"">Ostrzeżenie! </strong> Podczas korzystania z kodu sklepu w adresach URL, w niektórych przypadkach system może nie działać poprawnie, jeśli adresy URL bez kodów sklepu są określone w usługach stron trzecich (np. PayPal itp.)."
"I.e. redirect from http://example.com/store/ to http://www.example.com/store/","Np. przekierowanie z http://example.com/store/ na http://www.example.com/store/."
"Any of the fields allow fully qualified URLs that end with '/' (slash) e.g. http://example.com/magento/","Każde z pól dopuszcza w pełni kwalifikowane adresy URL zakończone znakiem ""/"" (ukośnik), np. http://example.com/magento/."
"May start with {{unsecure_base_url}} placeholder.","Może zaczynać się od symbolu zastępczego {{unsecure_base_url}}."
"Any of the fields allow fully qualified URLs that end with '/' (slash) e.g. https://example.com/magento/","Każde z pól dopuszcza w pełni kwalifikowane adresy URL zakończone znakiem ""/"" (ukośnik), np. https://example.com/magento/."
"May start with {{secure_base_url}} or {{unsecure_base_url}} placeholder.","Może zaczynać się od {{secure_base_url}} lub {{unsecure_base_url}}."
"Enter https protocol to use Secure URLs on Storefront.","Wprowadź protokół https, aby korzystać z bezpiecznych adresów URL w Storefront."
"Enter https protocol to use Secure URLs in Admin.","Wprowadź protokół https, aby korzystać z bezpiecznych adresów URL w panelu administracyjnym."
"See <a href=""https://www.owasp.org/index.php/HTTP_Strict_Transport_Security"" target=""_blank"">HTTP Strict Transport Security</a> page for details.","Szczegółowe informacje można znaleźć na stronie <a href=""https://www.owasp.org/index.php/HTTP_Strict_Transport_Security"" target=""_blank"">HTTP Strict Transport Security</a>."
"See <a href=""http://www.w3.org/TR/upgrade-insecure-requests/"" target=""_blank"">Upgrade Insecure Requests</a> page for details.","Szczegółowe informacje można znaleźć na stronie <a href=""http://www.w3.org/TR/upgrade-insecure-requests/"" target=""_blank"">Upgrade Insecure Requests</a>."
"If no value is specified, the system default is used. The system default may be modified by third-party extensions.","Jeśli żadna wartość nie jest podana, zostanie użyta domyślna wartość. Może być ona modyfikowana przez inne rozszerzenia."
label,etykieta
"Enable Frontend Resize","Zmiana rozmiaru po stronie klienta"
"Invalid security or form key. Please refresh the page.","Nieprawidłowy klucz zabezpieczeń lub formularza. Odśwież stronę."
"An item needs to be selected. Select and try again.","Należy wybrać element. Wybierz i spróbuj ponownie."
"These cache type(s) don't exist: %1","Te typy pamięci podręcznej nie istnieją: %1"
"The account sign-in was incorrect or your account is disabled temporarily. Please wait and try again later.","Logowanie do konta było nieprawidłowe lub konto jest tymczasowo wyłączone. Poczekaj i spróbuj ponownie później."
"An authentication error occurred. Verify and try again.","Wystąpił błąd uwierzytelniania. Zweryfikuj i spróbuj ponownie."
"The Admin session lifetime is invalid. Set the lifetime to 31536000 seconds (one year) or shorter and try again.","Czas życia sesji administratora jest nieprawidłowy. Ustaw czas życia na 31536000 sekund (jeden rok) lub krótszy i spróbuj ponownie."
"The Admin session lifetime is invalid. Set the lifetime to 60 seconds or longer and try again.","Czas życia sesji administratora jest nieprawidłowy. Ustaw czas życia na 60 sekund lub dłuższy i spróbuj ponownie."
"Save &amp; Continue","Zapisz &amp; Kontynuuj"
"Save &amp; Close","Zapisz &amp; Zamknij"
"Enable Hints for Storefront with URL Parameter","Włącz podpowiedzi dla witryny sklepu za pomocą parametru adresu URL"
"Parameter Value","Wartość parametru"
"Enable Template Path Hints for Storefront","Włącz podpowiedzi ścieżki szablonu dla witryny Storefront"
"Enable Template Path Hints for Admin","Włącz podpowiedzi ścieżki szablonu dla administratora"
"System Backup","Kopia systemu"
"Database and Media Backup","Kopia bazy danych i mediów"
"Database Backup","Kopia bazy danych"
"The archive can be uncompressed with <a href=""%1"">%2</a> on Windows systems.","Archiwum może zostać rozpakowane przy pomocy <a href=%1"">%2</a> w systemach Windows""."
"You need more permissions to activate maintenance mode right now.","Potrzebujesz więcej uprawnień, aby uaktywnić tryb przerwy technicznej."
"To create the backup, please deselect ""Put store into maintenance mode"" or update your permissions.","W celu utworzenia kopii zapasowej, usuń zaznaczenie ""Przełącz sklep w tryb konserwacji"" lub zaktualizuj swoje uprawnienia."
"Something went wrong while putting your store into maintenance mode.","Coś się zepsuło podczas przechodzenia sklepu w tryb konserwacji."
"You need more free space to create a backup.","Potrzebujesz więcej wolnego miejsca, aby utworzyć kopię zapasową."
"You need more permissions to create a backup.","Potrzebujesz więcej uprawnień, aby utworzyć kopię zapasową."
"We can't create the backup right now.","Nie możemy teraz utworzyć kopii zapasowej."
Backups,"Kopia zapasowa"
Backup,"Kopia zapasowa"
"We can't delete one or more backups.","Nie można usunąć jednej lub większej liczby kopii zapasowych."
failed,nieudane
successful,"zakończona pomyślnie"
"You deleted the selected backup(s).","Zaznaczone kopie zostały usunięte."
"Can't load snapshot archive","Nie można załadować archiwalnego obrazu"
"Please correct the password.","Proszę poprawić hasło."
"To complete the rollback, please deselect ""Put store into maintenance mode"" or update your permissions.","Aby ukończyć wycofywanie, usuń zaznaczenie opcji ""Przełącz sklep w tryb konserwacji"" lub zaktualizuj swoje uprawnienia."
"We can't find the backup file.","Nie możemy odnaleźć kopii zapasowej."
"We can't connect to the FTP right now.","Nie możemy teraz połączyć się z FTP."
"Failed to validate FTP.","Nie udało się potwierdzić FTP."
"You need more permissions to perform a rollback.","Potrzebujesz wyższych uprawnień do wykonania przywrócenia."
"Failed to rollback.","Nie udało się przywrócić kopii."
Database,"Baza danych"
"Database and Media","Baza danych i media"
"System (excluding Media)","System (z wyłączeniem Media)"
"You created the system backup.","Utworzyłeś kopię zapasową."
"You created the system backup (excluding media).","Utworzyłeś kopię zapasową (bez zawartości folderu media)."
"You created the database and media backup.","Utworzyłeś kopię zapasową bazy danych i zawartości folderu media."
"You created the database backup.","Utworzono kopię zapasową bazy danych."
"Please correct the order of creation for a new backup.","Proszę poprawić kolejność tworzenia nowej kopii zapasowej."
"The backup file does not exist.","Nie istnieje plik kopii zapasowej."
"The backup file path was not specified.","Plik ""%1"" kopii zapasowej nie został określony."
"The backup file ""%1"" does not exist.","Plik ""%1"" kopii zapasowej nie istnieje."
"Sorry, but we cannot read from or write to backup file ""%1"".","Przepraszam, ale my nie można odczytywać lub zapisać dane do pliku kopii zapasowej ""%1""."
"The backup file handler was unspecified.","Uchwyt pliku kopii zapasowej nie został określony."
"Something went wrong while writing to the backup file ""%1"".","Coś się zepsuło podczas zapisywania pliku kopii zapasowej ""%1""."
"We can't save the Cron expression.","Nie możemy zapisać wyrażenia Cron."
"You will lose any data created since the backup was made, including admin users, customers and orders.","Stracisz wszystkie dane utworzone od wykonania kopii zapasowej, w tym użytkowników administracyjnych, klientów i zamówienia."
"Are you sure you want to continue?","Czy na pewno chcesz kontynuować?"
"This may take a few moments.","To może chwilę potrwać."
"Be sure your store is in maintenance mode during backup.","Upewnij się, że Twój sklep jest w trybie konserwacji podczas wykonywania kopii zapasowej."
"Backup Name","Nazwa kopii zapasowej"
"Please use only letters (a-z or A-Z), numbers (0-9) or spaces in this field.","Prosimy o używanie jedynie liter (a-z lub A-Z), cyfr (0-9) lub spacji i # w tym polu."
"Maintenance mode","Tryb serwisowy"
"Please put your store into maintenance mode during backup.","Włącz tryb konserwacji Twojego sklepu podczas wykonywania kopii zapasowej."
Exclude,Wyłącz
"Exclude media folder from backup","Wyłącz katalog mediów z kopii zapasowej"
"Please enter the password to confirm rollback.","Wprowadź hasło, aby potwierdzić przywracanie."
"This action cannot be undone.","Ta akcja nie może być cofnięta."
"User Password","Hasło użytkownika"
"Please put your store into maintenance mode during rollback processing.","Przełącz swój sklep w trybie konserwacji na czas wycofywania zmian."
"Use FTP Connection","Użyj połączenia FTP"
"FTP credentials","Dane FTP"
"FTP Host","Host FTP"
"FTP Login","Login FTP"
"FTP Password","Hasło FTP"
"Magento root directory","Katalog źródłowy Magento"
"Create Backup","Wykonaj kopię"
Rollback,Przywracanie
"Scheduled Backup Settings","Ustawienia zaplanowanych kopii zapasowych"
"Enable Scheduled Backup","Włącz zaplanowaną kopię"
"Backup Type","Typ kopii zapasowej"
Frequency,Częstotliwość
"Maintenance Mode","Tryb remontowy"
"Are you sure you want to delete the selected backup(s)?","Czy na pewno chcesz usunąć wybraną kopię bezpieczeństwa?"
Size(bytes),Rozmiar(Bajty)
Type,Rodzaj
Download,Pobierz
"Backup functionality is disabled","Funkcjonalność kopii zapasowej jest wyłączona"
"Backup Settings","Ustawienia kopii zapasowej"
"Enable Backup","Włącz tworzenie kopii zapasowej"
"Scheduled Backup Type","Typ zaplanowanej kopii zapasowej"
"Disabled by default for security reasons","Domyślnie wyłączone ze względów bezpieczeństwa"
Banners,Banery
"Add Banner","Dodaj baner"
"Save Banner","Zapisz baner"
"Delete Banner","Usuń baner"
"Save and Continue Edit","Zapisz i kontynuuj edycję"
"New Banner","Nowy baner"
"Default Content","Domyślna zawartość"
"No Default Content","Brak domyślnej zawartości"
"Banner Default Content for All Store Views","Domyślna zawartość banera dla wszystkich widoków sklepu"
"Store View Specific Content","Określona zawartość widoku sklepu"
"Use Default","Użyj domyślnych"
"Related Promotions","Powiązane promocje"
Rule,Reguła
"Start Date","Data rozpoczęcia"
"End Date","Data zakończenia"
"Banner Name","Nazwa banera"
Active,Aktywny
Inactive,Nieaktywny
"Applies To",Dotyczy
"Any Banner Type","Dowolny typ banera"
"Specified Banner Types","Określone typy banerów"
"Specify Types","Określ rodzaje"
"Banner Information","Informacje o banerze"
Banner,Baner
"Banner Type","Typ banera"
Visibility,Widoczność
"Are you sure you want to delete these banners?","Czy na pewno chcesz usunąć te banery?"
"Related Banners","Powiązane banery"
Position,Pozycja
"This rule no longer exists.","Ta reguła już nie istnieje."
"This banner does not exist.","Ten baner nie istnieje."
"You deleted the banner.","Usunąłeś baner."
"Something went wrong while deleting banner data. Please review the action log and try again.","Coś poszło nie tak podczas usuwania danych banera. Przejrzyj dziennik akcji i spróbuj ponownie."
"We cannot find a banner to delete.","Nie możemy znaleźć banera do usunięcia."
"This banner no longer exists.","Ten baner już nie istnieje."
"Edit Banner","Edytuj baner"
"Please select a banner(s).","Wybierz baner(y)."
"You deleted %1 record(s).","Usunięto %1 rekord(ów)."
"Something went wrong while mass-deleting banners. Please review the action log and try again.","Coś poszło nie tak podczas masowego usuwania banerów. Przejrzyj dziennik akcji i spróbuj ponownie."
"You saved the banner.","Uratowałeś baner."
"We cannot save the banner.","Nie możemy uratować sztandaru."
"Please enter a name.","Proszę wpisać nazwę."
"Please specify default content for at least one store view.","Określ domyślną zawartość dla co najmniej jednego widoku sklepu."
"-- None --","-- Żaden --"
"Related Cart Price Rules","Powiązane zasady dotyczące cen koszyka"
"Related Catalog Price Rules","Powiązane zasady dotyczące cen katalogowych"
"Content Area",Zawartość
Footer,Stopka
Header,Nagłówek
"Left Column","Lewa kolumna"
"Right Column","Prawa kolumna"
"Manage Banners","Zarządzanie banerami"
"Banner Rotator","Rotator banerów"
"Displays Specified or Promotion Banners","Wyświetla określone lub promocyjne banery"
"Banners to Display","Banery do wyświetlenia"
"Specified Banners","Określone banery"
"Shopping Cart Promotions Related","Promocje związane z koszykami"
"Catalog Promotions Related","Powiązane promocje katalogowe"
"Restrict by Banner Types","Ograniczenia według typów banerów"
"Rotation Mode","Tryb obracania"
"Display all instead of rotating","Wyświetlić wszystkie zamiast obracać"
"One at the time, Random","Jeden na raz, losowo"
"One at the time, Series","Jeden na raz, seria"
"One at the time, Shuffle","Jeden na raz, tasowanie"
"Specify Banners","Określ banery"
"Banner Block Template","Szablon bloku banera"
"Banner Inline Template","Szablon wbudowanego banera"
"Dynamic Blocks","Bloki dynamiczne"
"Add Dynamic Block","Dodaj blok dynamiczny"
"Save Dynamic Block","Zapisz blok dynamiczny"
"Delete Dynamic Block","Usuń blok dynamiczny"
"New Dynamic Block","Nowy blok dynamiczny"
"Dynamic Block Default Content for All Store Views","Domyślna zawartość banera dla wszystkich widoków sklepu"
"Dynamic Block Properties","Właściwości bloku dynamicznego"
"Dynamic Block Name","Nazwa bloku dynamicznego"
"Any Dynamic Block Type","Każdy typ bloku dynamicznego"
"Specified Dynamic Block Types","Wybrany typ bloku dynamicznego"
"Dynamic Block Information","Informacje o bloku dynamicznym"
"Dynamic Block","Blok dynamiczny"
"Dynamic Block Type","Typ bloku dynamicznego"
"Are you sure you want to delete these dynamic blocks?","Czy na pewno chcesz usunąć te bloki dynamiczne?"
"Related Dynamic Blocks","Powiązane bloki dynamiczne"
"You deleted the dynamic block.","Skasowałeś blok dynamiczny."
"Something went wrong while deleting dynamic block data. Please review the action log and try again.","Coś poszło źle w momencie kasowania danych bloku dynamicznego. Proszę przejrzyj dziennik działań i spróbuj ponownie."
"We cannot find a dynamic block to delete.","Nie możemy znaleźć bloku dynamicznego do usunięcia."
"This dynamic block no longer exists.","Blok dynamiczny już nie istnieje."
"Edit Dynamic Block","Edytuj blok dynamiczny"
"Please select a dynamic block(s).","Wybierz  blok /lub bloki dynamiczne."
"Something went wrong while mass-deleting dynamic blocks. Please review the action log and try again.","Coś poszło nie tak podczas hurtowego usuwania bloków dynamicznych. Przejrzyj dziennik akcji i spróbuj ponownie."
"This dynamic block does not exist.","Blok dynamiczny nie istnieje."
"You saved the dynamic block.","Zapisałeś blok dynamiczny."
"We cannot save the dynamic block.","Nie można zapisać bloku dynamicznego."
"Manage Dynamic Blocks","Zarządzaj blokami dynamicznymi"
"Dynamic Blocks Rotator","Rotator bloków dynamicznych"
"Displays Specified or Promotion Dynamic Blocks","Wyświetla określone lub promowane bloki dynamiczne"
"Dynamic Blocks to Display","Bloki dynamiczne do wyświetlenia"
"Specified Dynamic Blocks","Określone bloki dynamiczne"
"Restrict by Dynamic Block Types","Ogranicz ze względu na typ bloku dynamicznego"
"Specify Dynamic Blocks","Określ bloki dynamiczne"
"Dynamic Block Template","Szablon bloku dynamicznego"
"Dynamic Block Inline Template","Szablon wbudowanego bloku dynamicznego"
"Status Label","Etykieta statusu"
"General Information","Informacje ogólne"
"Enable Dynamic Block","Włącz blok dynamiczny"
"Use Default Value","Użyj wartości domyślnej"
"Cart price rules allows you to setup promotions for items that are in the shopping cart.","Reguły cenowe koszyka umożliwiają konfigurację promocji dla produktów znajdujących się w koszyku."
"Add Cart Price Rules","Zasady dodawania ceny do koszyka"
"Related Catalog Price Rule","Powiązana reguła ceny katalogowej"
"Catalog price rules allows you to setup promotions for an items in catalog.","Reguły cen katalogowych umożliwiają ustawienie promocji dla pozycji w katalogu."
"Add Selected","Dodaj wybrane"
Remove,Usunąć
"Make sure that dynamic blocks rotator does not reference the dynamic block itself.","Upewnij się, że rotator bloków dynamicznych nie odwołuje się do samego bloku dynamicznego."
"Cart Price Rule Related","Powiązane zasady wartości koszyka"
"Catalog Price Rule Related","Powiązane Zasady cen Katalogowych"
"All Segments","Wszystkie segmenty"
"Customer Segment","Segment klienta"
"Allowed Credit Card Types","Dopuszczone rodzaje kart kredytowych"
"Add Rule","Dodaj regułę"
"Braintree Settlement Report","Raport dotyczący likwidacji Braintree"
"Sorry, but something went wrong","Przepraszamy, coś poszło nie tak"
"We can't initialize checkout.","Nie można zainicjować zamówienia."
"No authorization transaction to proceed capture.","Nie ma autoryzacji transakcji do kontynuowanie przechwytywania."
"Transaction is successful.","Transakcja zakończona sukcesem."
"Braintree error response.","Braintree błąd odpowiedzi."
"Payment method nonce can't be retrieved.","Nie można pobrać identyfikatora jednorazowego metody płatności."
"Wrong transaction status","Zły stan transakcji"
Authorize,Autoryzujautoryzuj
"Credit Card","Karta kredytowa"
ending,końcówka
expires,wygasa
"Please agree to all the terms and conditions before placing the order.","Prosimy zatwierdzić warunki zamawiania przed jego złożeniem."
"Transaction was failed.","Transakcja nie powiodła się."
"Please, enter valid Credit Card Number","Wprowadź prawidłowy numer karty kredytowej"
"Please, enter valid Expiration Date","Podaj prawidłową datę wygaśnięcia"
"Please, enter valid Card Verification Number","Wprowadź prawidłowy numer weryfikacyjny karty"
"Are you sure you want to delete this PayPal account","Czy na pewno chcesz usunąć to konto PayPal"
"PayPal Account","Konto PayPal"
"PayPal Logo","Logo PayPal"
"Credit Card Information","Informacje karty kredytowej"
"Save for later use.","Zapisz do późniejszego wykorzystania."
"This payment is not available","Ta płatność nie jest dostępna"
YY,RR
"Please try again with another form of payment.","Proszę spróbować ponownie z inną formę płatności."
"Sorry, but something went wrong.","Przepraszamy, coś poszło nie tak."
"Payment ","Płatność "
"Credit card type is not accepted by this merchant account.","Ten rodzaj płatności nie jest akceptowany przez tego sprzedawcę."
"Transaction can only be voided if status is authorized, submitted_for_settlement, or - for PayPal - settlement_pending.","Transakcja może być unieważniona tylko jeśli jej status jest następujący: autoryzowane, zgloszone_do_oplacenia, albo dla serwisu PayPal - oczekuje_na_platnosc."
"Credit transactions cannot be refunded.","Transakcja odroczona nie może zostać zrefundowana."
"Cannot refund a transaction unless it is settled.","Nie można zwrócić płatności za transakcję dopóki nie zostanie ona rozliczona."
"Cannot submit for settlement unless status is authorized.","Nie można przedstawić do rozliczenia dopóki nie uzyska statusu ""autoryzowana""."
"Customer does not have any credit cards.","Klient nie jest posiadaczem żadnych kart kredytowych."
"Transaction has already been completely refunded.","Transakcja została już w całości zrefundowana."
"Payment instrument type is not accepted by this merchant account.","Ten rodzaj płatności nie jest akceptowany przez tego sprzedawcę."
"Processor authorization code cannot be set unless for a voice authorization.","Kod autoryzacyjny procesora nie może być ustawiony, chyba że dla autoryzacji głosowej."
"Refund amount is too large.","Kwota zwrotu jest zbyt wysoka."
"Settlement amount is too large.","Kwota rozliczenia jest zbyt wysoka."
"Cannot provide a billing address unless also providing a credit card.","Nie można ustawić adresu rozliczeniowego bez jednoczesnego ustawienia karty kredytowej."
"Cannot refund a transaction with a suspended merchant account.","Nie można zwrócić kosztów transakcji, używając zawieszonego konta."
"Merchant account does not support refunds.","Konto sprzedawcy nie obsługuje zwrotów."
"Cannot refund a transaction transaction in settling status on this merchant account. Try again after the transaction has settled.","Nie można zwrócić kosztów nieopłaconej transakcji, używając tego konta sprzedawcy. Spróbuj ponownie, kiedy transakcja zostanie rozliczona."
"PayPal is not enabled for your merchant account.","PayPal nie jest włączony dla Twojego konta."
"Partial settlements are not supported by this processor.","Rozliczenia częściowe nie są obsługiwane przez tego operatora."
"Cannot submit for partial settlement.","Nie można przesłać do częściowego rozliczenia."
"Transaction can not be voided if status of a PayPal partial settlement child transaction is settlement_pending.","Transakcja nie może zostać unieważniona, jeśli transakcja PayPal będąca częściowym rozliczeniem tej transakcji ma status oczekuje_na_platnosc."
"Too many concurrent attempts to refund this transaction. Try again later.","Nastąpiło zbyt dużo jednoczesnych prób refundowania tej transakcji. Spróbuj ponownie później."
"Too many concurrent attempts to void this transaction. Try again later.","Nastąpiło zbyt dużo jednoczesnych prób unieważnienia tej transakcji. Spróbuj ponownie później."
"Accept credit/debit cards and PayPal in your Magento store.<br/>No setup or monthly fees and your customers never leave your store to complete the purchase.","Przyjmuj płatności kartą lub przez PayPal w twoim sklepie Magento.<br/> Zero konfiguracji oraz opłat, a twoi klienci nigdy nie opuszczą strony sklepu by dokonać zakupu."
"Enable this Solution","Włącz to rozwiązanie"
"Enable PayPal through Braintree","Włącz PayPal za pośrednictwem Braintree"
"Vault Enabled","Domyślny włączone"
"Basic Braintree Settings","Ustawienia podstawowe Braintree"
"Merchant ID","ID sprzedawcy"
"Public Key","Klucz publiczny"
"Private Key","Klucz prywatny"
"Advanced Braintree Settings","Ustawienia zaawansowane Braintree"
"Vault Title","Domyślny tytuł"
"Merchant Account ID","Identyfikator konta sprzedawcy"
"Advanced Fraud Protection","Zaawansowane zabezpieczenie przed oszustwem"
"Kount Merchant ID","Identyfikator sprzedawcy Kount"
"CVV Verification","Weryfikacja CVV"
"Country Specific Settings","Określone ustawienia kraju"
"Country Specific Credit Card Types","Rodzaj karty kredytowej kraju"
"PayPal through Braintree","PayPal za pośrednictwem Braintree"
"Override Merchant Name","Zastąp nazwę sprzedawcy"
"Require Customer's Billing Address","Wymagania Adres Rozliczeniowy Klienta"
"Allow to Edit Shipping Address Entered During Checkout on PayPal Side","Pozwala edytować adres dostawy podczas realizacji transakcji na stronie PayPal"
"Display on Shopping Cart","Wyświetl w koszyk"
"Skip Order Review","Pomiń krok z podsumowaniem zamówienia"
"3D Secure Verification Settings","Ustawienia bezpiecznej weryfikacji 3D"
"3D Secure Verification","3D bezpieczna weryfikacja"
"Threshold Amount","Wysokość progu"
"Verify for Applicable Countries","Weryfikuj wyszczególnione kraje"
"Verify for Specific Countries","Weryfikuj wybrane kraje"
"Dynamic Descriptors","Opis dynamiczny"
Phone,Telefon
URL,"ADRES URL"
"CVV is required.","Pole CVV jest wymagane."
"CVV must be 4 digits for American Express and 3 digits for other card types.","CVV musi składać się z 4 cyfr dla karty American Expres albo z 3 cyfr dla innych kart."
"Expiration date is required.","Wymagana data ważności."
"Expiration date is invalid.","Podana data ważności jest nieprawidłowa."
"Expiration year is invalid. It must be between 1975 and 2201.","Rok wygaśnięcia ważności karty jest niepoprawny. Wybierz rok pomiędzy 1975 a 2201."
"Expiration month is invalid.","Miesiąc w dacie ważności nie jest prawidłowy."
"Expiration year is invalid.","Rok w dacie ważności nie jest prawidłowy."
"Credit card number is required.","Wymagany jest numer karty kredytowej."
"Credit card number is invalid.","Numer karty kredytowej jest nieprawidłowy."
"Credit card number must be 12-19 digits.","Numer karty kredytowej musi mieć od 12 do 19 cyfr."
"Cardholder name is too long.","Nazwisko posiadacza karty kredytowej jest za długie."
"CVV verification failed.","Weryfikacja kodu CVV nie powiodła się."
"Postal code verification failed.","Weryfikacja kodu pocztowego nie powiodła się."
"Credit card number is prohibited.","Numer karty kredytowej jest zablokowany."
"Addresses must have at least one field filled in.","Przynajmniej jedno pole dla adresów musi być wypełnione."
"Company is too long.","Nazwa firmy jest zbyt długa."
"Extended address is too long.","Nazwa ulicy jest za długa."
"First name is too long.","Imię jest za długie."
"Last name is too long.","Nazwisko jest za długie."
"Locality is too long.","Nazwa miejscowości jest za długa."
"Postal code is required.","Kod pocztowy jest wymagany."
"Postal code may contain no more than 9 letter or number characters.","Kod pocztowy nie może zawierać więcej niż 9 liter lub cyfr."
"Region is too long.","Nazwa regionu jest za długa."
"Street address is required.","Nazwa ulicy jest wymagana."
"Street address is too long.","Nazwa ulicy jest zbyt długa."
"Postal code can only contain letters, numbers, spaces, and hyphens.","Kod pocztowy może zawierać tylko litery, cyfry, spacje i myślniki."
"US state codes must be two characters to meet PayPal Seller Protection requirements.","Kody stanów USA muszą zwierać dwa znaki, aby spełnić warunki ochrony sprzedających serwisu PayPal."
"Incomplete PayPal account information.","Niekompletne dane konta PayPal."
"Invalid PayPal account information.","Nieprawidłowe dane konta PayPal."
"PayPal Accounts are not accepted by this merchant account.","PayPal nie jest akceptowany przez tego sprzedawcę."
"Billing address format is invalid.","Format adresu rozliczeniowego jest niepoprawny."
"Country name is not an accepted country.","Nazwa państwa nie jest prawidłowa."
"Country code is not accepted. Please contact the store administrator.","Kod kraju nie został zaakceptowany. Skontaktuj się z administratorem sklepu."
"Provided country information is inconsistent.","Podane informacje o kraju są sprzeczne."
"Customer has already reached the maximum of 50 addresses.","Klient osiągnął już maksymalną liczbę 50 adresów."
"Address is invalid. Please contact the store administrator.","Adres jest niepoprawny. Skontaktuj się z administratorem sklepu."
"Error communicating with PayPal.","Błąd połączenia z serwisem PayPal."
"PayPal authentication expired.","Uwierzytelnienie PayPal wygasło."
"Error executing PayPal order.","Wystąpił błąd podczas wykonywania zamówienia PayPal."
"Error executing PayPal billing agreement.","Wystąpił błąd w trakcie realizacji płatności w ramach umowy rozliczeniowej PayPal."
"Apply filters in order to get results. Only first 100 records will be displayed in the grid, you will be able to download full version of the report in .csv format.","Stosować filtry w celu uzyskania wyników. Wyświetlane są tylko pierwsze 100 rekordów w siatce, będzie można pobrać pełną wersję raportu w formacie .csv."
Select...,Wybierz...
"Transaction Type","Rodzaj transakcji"
"Payment Type","Rodzaj płatności"
"PayPal Payment ID","Identyfikator płatności PayPal"
"Created At",Utworzono
"Transaction ID","Identyfikator transakcji"
"Order ID","ID zamówienia"
Amount,Kwota
"Settlement Code","Rozliczenie kod"
"Settlement Response Text","Tekst odpowiedzi na rozliczenia"
"Refund Ids",Zwroty
"Settlement Batch ID","Partia Rozliczeń ID"
Month,Miesiąc
Year,Rok
"Stored Card","Przechowywane karty"
"Credit card successfully added","Pomyślnie dodano kartę kredytową"
"Something went wrong while saving the card.","Coś się zepsuło podczas zapisywania kart."
"Credit card does not exist","Karta kredytowa nie istnieje"
"Delete Credit Card","Usuń kartę kredytową"
"There was error deleting the credit card","Wystąpił błąd podczas usuwania karty kredytowej"
"Credit card successfully deleted","Pomyślnie usunięto kartę kredytową"
"Edit Credit Card","Edytuj kartę kredytową"
"My Credit Cards","Karty kredytowe"
"New Credit Card","Nowa karta kredytowa"
"There was error during saving card data","Wystąpił błąd podczas zapisywania danych karty"
"We can't place the order.","Nie można złożyć zamówienia."
"Incorrect payment method.","Nieprawidłowa metoda płatności."
"We can't initialize checkout review.","Nie można zainicjować przeglądu zamówienia."
"We can't update shipping method.","Nie udało się zaktualizować metody dostawy."
"The processor declined your transaction, please re-enter your payment information","Procesor odrzucił transakcję. Wprowadź ponownie dane płatności"
"Transaction declined by gateway: Check card details or try another card","Transakcja została odrzucona przez bramkę płatności: Sprawdź poprawność danych lub użyj innej karty"
"Transaction declined: ","Transakcja odrzucona: "
"The processor responded with an unknown error","Procesor zwrócił nieznany błąd"
"Credit card type is not allowed for your country.","Ten rodzaj karty kredytowej nie jest dozwolony dla Twojego kraju."
"Credit card type is not allowed for this payment method.","Karta kredytowa nie jest dozwolona w tej metodzie płatności."
"Selected payment type is not allowed for billing country.","Wybrana płatność nie jest dozwolona dla wybranego kraju."
"Incomplete payment information.","Niekompletna informacja płatności."
"Please try again later","Spróbuj ponownie później"
"Can not find original authorization transaction for partial capture","Nie można znaleźć oryginalnej autoryzacji transakcji częściowego przechwytywania"
"There was an error capturing the transaction: %1.","Wystąpił błąd podczas przechwytywania transakcji: %1."
"This refund is for a partial amount but the Transaction has not settled.","Ten zwrot dotyczy kwoty częściowe ale transakcja nie jest rozliczona."
"Please wait 24 hours before trying to issue a partial refund.","Odczekaj 24 godziny przed kolejną próbą wydania częściowego zwrotu kosztów."
"There was an error refunding the transaction: %1.","Wystąpił błąd podczas zwrotu za transakcję: %1."
"Some transactions are already settled or voided and cannot be voided.","Niektóre transakcje są już rozstrzygnięte lub unieważnione i nie mogą być unieważnione."
"Voided capture.","Unieważnione przechwytywanie."
"There was an error voiding the transaction: %1.","Wystąpił błąd podczas anulowania transakcji: %1."
Invoice,Faktura
Shipment,Dostawa
"Invalid Customer ID provided","Zapewniono nieprawidłowy identyfikator klienta"
"some error",błąd
"a,b,c","a, b, c"
"Something went wrong while processing.","Coś się zepsuło podczas przetwarzania."
error,błąd
exception,wyjątek
"Payment Information","Informacje o płatności"
"Add new card","Dodaj nową kartę"
"Save this card for future use","Zapisz tę kartę aby wykorzystać w przyszłości"
or,lub
"Please confirm that you want to delete this credit card","Proszę potwierdzić, że chcesz usunąć tę kartę kredytową"
"Cardholder Name","Nazwisko posiadacza karty"
"* Required Fields","* pola wymagane"
"Card Verification Number Visual Reference","Wizualna referencja numeru weryfikacyjnego karty"
"Make Default","Ustaw jako domyślne"
"Billing Address","Adres rozliczeniowy"
Company,Firma
Address,Adres
State/Province,Województwo
"Please select region, state or province","Wybierz województwo"
"Zip/Postal Code","Kod pocztowy"
"Add Credit Card","Dodaj kartę kredytową"
"Card Number","Numer karty"
"Is Default","Jest domyślny"
"An error occured with payment processing.","Wystąpił błąd podczas przetwarzania płatności."
"Can not initialize PayPal (Braintree)","Nie można zainicjować PayPal (Braintree)"
"Capture action","Przejmij akcję"
"Use Vault","Użyj Vault"
"Allow Duplicate Cards","Umożliwić duplikat karty"
"Enable Credit Card auto-detection on Storefront","Włącz auto wykrywanie karty kredytowej na Storefront"
"Your Kount ID","Identyfikator Kount"
"Use Cache","Użyj pamięci podręcznej"
"Edit My Credit Cards","Edytuj karty kredytowe"
"Pay with PayPal","Zapłać z PayPal"
"Transaction is cancelled offline.","Transakcja jest anulowana w trybie offline."
"Braintree Settlement","Rozliczenie Braintree"
"If you don't specify the merchant account to use to process a transaction, Braintree will process it using your default merchant account.","Jeśli nie wybierzesz konkretnego konta do procesowania transakcji, Braintree wykona zlecenie używając konta domyślnego."
"Be sure to Enable Advanced Fraud Protection in Your Braintree Account in Settings/Processing Section","Upewnij się, że funkcja Advanced Fraud Protection w sekcji Ustawienia/Procesowanie twojego konta Braintree jest uruchomiona."
"Used for direct fraud tool integration. Make sure you also contact <a href=""mailto:accounts@braintreepayments.com"">accounts@braintreepayments.com</a> to setup your Kount account.","Używany do bezpośredniej integracji narzędzia do oszustw. Upewnij się również, że skontaktowałeś się z <a href=""mailto:accounts@braintreepayments.com"">accounts@braintreepayments.com</a>, aby skonfigurować swoje konto Kount."
"Be sure to Enable AVS and/or CVV in Your Braintree Account in Settings/Processing Section.","Pamiętaj, aby włączyć AVS i/lub CVV na swoim koncie Braintree w sekcji Ustawienia/Przetwarzanie."
"It is recommended to set this value to ""PayPal"" per store views.","Zalecane jest ustawienia tej wartości na ""PayPal"" na każy widok sklepu."
"This feature needs be enabled first for the merchant account through PayPal technical support.","Funkcję tę należy najpierw włączyć dla konta sprzedawcy za pośrednictwem pomocy technicznej PayPal."
"Also affects mini-shopping cart.","Również dotyczy mini-koszyka."
"Dynamic descriptors are sent on a per-transaction basis and define what will appear on your customers credit card statements for a specific purchase.
                            The clearer the description of your product, the less likely customers will issue chargebacks due to confusion or non-recognition.
                            Dynamic descriptors are not enabled on all accounts by default. If you receive a validation error of 92203 or if your dynamic descriptors are not displaying as expected,
                            please <a href=""mailto:support@getbraintree.com"">Braintree Support</a>.","Dynamiczne deskryptory są wysyłane dla każdej transakcji i definiują, co pojawi się na wyciągu z karty kredytowej klienta dla konkretnego zakupu.
                            Im jaśniejszy opis produktu, tym mniejsze prawdopodobieństwo, że klienci dokonają obciążenia zwrotnego z powodu pomyłki lub braku rozpoznania.
                            Dynamiczne deskryptory nie są domyślnie włączone na wszystkich kontach. Jeśli otrzymasz błąd walidacji 92203 lub jeśli dynamiczne deskryptory nie wyświetlają się zgodnie z oczekiwaniami,
                            prosimy o <a href=""mailto:support@getbraintree.com"">wsparcie Braintree</a>."
"The value in the business name field of a customer's statement. Company name/DBA section must be either 3, 7 or 12 characters
                                and the product descriptor can be up to 18, 14, or 9 characters respectively (with an * in between for a total descriptor name of 22 characters).","Wartość w polu nazwy firmy na wyciągu klienta. Sekcja nazwy firmy/DBA musi składać się z 3, 7 lub 12 znaków
                                a deskryptor produktu może składać się odpowiednio z maksymalnie 18, 14 lub 9 znaków (z * pomiędzy, aby całkowita nazwa deskryptora wynosiła 22 znaki)."
"The value in the phone number field of a customer's statement. Phone must be 10-14 characters and can only contain numbers, dashes, parentheses and periods.","Wartość w polu numeru telefonu na wyciągu klienta. Telefon musi składać się z 10-14 znaków i może zawierać tylko cyfry, myślniki, nawiasy i kropki."
"The value in the URL/web address field of a customer's statement. The URL must be 13 characters or shorter.","Wartość w polu adresu URL/adresu internetowego wyciągu klienta. Adres URL musi składać się z 13 lub mniej znaków."
"The Payment Token is not available to perform the request.","Token płatności nie jest dostępny do wykonania żądania."
"Checkout failed to initialize. Verify and try again.","Nie udało się zainicjować kasy. Sprawdź i spróbuj ponownie."
"The order wasn't placed. First, agree to the terms and conditions, then try placing your order again.","Zamówienie nie zostało złożone. Zaakceptuj warunki sprzedaży i spróbuj ponownie."
"Paypal account","Konto PayPal"
"Coinbase account","Coinbase konto"
"Europe bank account","Rachunek bankowy w Europie"
"Credit card","Karta kredytowa"
"Apple pay card","Karta Apple Pay"
"Android pay card","Karta płatnicza Android"
"Authorization expired","Autoryzacja wygasła"
Authorizing,Autoryzowanie
Authorized,Upoważniony
"Gateway rejected","Odrzucona brama"
Failed,Nieudane
"Processor declined","Procesor spadł"
Settled,Rozstrzygnięty
Settling,Rozliczanie
"Submitted for settlement","Przedstawione do rozstrzygnięcia"
Voided,Unieważniony
Unrecognized,Nierozpoznane
"Settlement declined","Rozliczenie spadła"
"Settlement pending","Rozliczenie czasu"
"Settlement confirmed","Rozliczenie potwierdzone"
Sale,Sprzedaż
Credit,Kredyt
"Vault enabled","Vault włączony"
"Percent Discount","Zniżka procentowa"
"-- Select --",--Wybierz--
Dynamic,Dynamiczny
Fixed,Stały
"Create New Option","Utwórz nową opcję"
"Bundle Items","Produkty w pakiecie"
"Add Products to Option","Dodaj produkty do opcji"
"Delete Option","Usuń opcję"
"What are you looking for?","Czego szukasz?"
"There is no defined renderer for ""%1"" option type.","Nie ma wybranego generatora dla typu opcji ""%1""."
"Only implemented for bundle product","Zaimplementowane tylko dla produktu w pakiecie"
"Product with specified sku: ""%1"" is not a bundle product","Produkt o określonym sku: ""%1"" nie jest produktem w pakiecie"
"Bundle product could not contain another composite product","Produkt w pakiecie nie może zawierać innego produktu złożonego"
"Id field of product link is required","Pole Id linku do produktu jest wymagane"
"Can not find product link with id ""%1""","Nie można znaleźć linku do produktu o identyfikatorze ""%1"""
"Could not save child: ""%1""","Nie można zapisać: ""%1"""
"Product with specified sku: ""%1"" does not contain option: ""%2""","Produkt o sku: ""%1"" nie zawiera opcji: ""%2"""
"Child with specified sku: ""%1"" already assigned to product: ""%2""","Dziecko z określonym sku: ""%1"" już przypisane do produktu: ""%2"""
"Product with specified sku: %1 is not a bundle product","Produkt o określonym sku: %1 nie jest produktem w pakiecie"
"Requested bundle option product doesn't exist","Żądany produkt opcji pakietu nie istnieje"
"%fieldName is a required field.","%fieldName jest polem wymaganym."
"Requested option doesn't exist","Żądana opcja nie istnieje"
"Cannot delete option with id %1","Nie można usunąć opcji o id %1"
"Could not save option","Nie można zapisać opcji"
"Price Range","Zakres ceny"
"As Low as","Już od"
Together,Razem
Separately,Oddzielnie
"Please specify product option(s).","Proszę określić opcję produktu."
"The options you selected are not available.","Opcje, które wybrałeś są niedostępne."
"The required options you selected are not available.","Wymagane opcje, które zaznaczyłeś są niedostępne."
"Please select all required options.","Proszę zaznaczyć wszystkie wymagane opcje."
"We can't add this item to your shopping cart right now.","Teraz nie ma możliwości dodania tego produktu do Twojego koszyka."
N/A,N/D
Percent,Procent
"We can't save custom-defined options for bundles with dynamic pricing.","Nie można zapisać opcji niestandardowych dla grup produktów z dynamicznymi cenami."
"Add Selected Products","Dodaj wybrane produkty"
"Add Option","Dodaj opcję"
"New Option","Nowa opcja"
"Option Title","Tytuł opcji"
"Default Title","Domyślny tytuł"
"Store View Title","Tytuł widoku sklepu"
"Input Type","Typ pola"
Drop-down,"Lista rozwijana"
"Radio Buttons","Pola wyboru"
Checkbox,"Pole wyboru"
"Multiple Select","Wielokrotny wybór"
Required,Wymagane
"Default Quantity","Domyślna ilość"
"User Defined","Zdefiniowane przez użytkownika"
"Price Type","Typ ceny"
Quantity:,Ilość:
"Choose a selection...","Wybierz selekcje..."
"Ship Bundle Items","Dostawa powiązanych produktów"
"There are no products in this option.","Brak produktów w tej opcji."
Default,Domyślny
Ordered,Zamówień
Invoiced,Zafakturowane
Shipped,Wysłane
Refunded,Zwrócone
Canceled,Anulowane
"As low as","Już od"
"Regular Price","Normalna cena"
"Buy %1 with %2 discount each","Kup %1 z %2 zniżki na każdym"
"Go back to product details","Wróć do szczegółów produktu"
"Customize and Add to Cart","Dostosuj i dodaj do koszyka"
"Your Customization","Twoje zmiany"
Availability,Dostępność
"In stock","W magazynie"
"Out of stock","Brak w magazynie"
Availability:,Dostępność:
"Customize %1","Dostosuj %1"
"No options of this product are available.","Brak opcji dla tego produktu."
"Gift Message","Wiadomość prezentowa"
From:,Z:
To:,Do:
Message:,Wiadomość:
"Product Name","Nazwa produktu"
"Discount Amount",Zniżka
"Row Total",Razem
"Qty Invoiced","Zafakturowana ilość"
"Qty Shipped","Ilość dostarczona"
"Add Products to New Option","Dodawaj produkty do nowych opcji"
"Add Products to Option ""%1""","Dodaj produkty do opcji ""%1"""
"Special Price","Cena specjalna"
"This is implemented for bundle products only.","Jest to zaimplementowane tylko dla produktów w pakiecie."
"The product with the ""%1"" SKU isn't a bundle product.","Produkt z jednostką SKU ""%1"" nie jest produktem w pakiecie."
"The bundle product can't contain another composite product.","Produkt pakietowy nie może zawierać innego produktu złożonego."
"The product link needs an ID field entered. Enter and try again.","Link do produktu wymaga wprowadzenia pola ID. Wprowadź i spróbuj ponownie."
"The product link with the ""%1"" ID field wasn't found. Verify the ID and try again.","Link do produktu z polem ID ""%1"" nie został znaleziony. Zweryfikuj ID i spróbuj ponownie."
"The bundle product doesn't exist. Review your request and try again.","Produkt w pakiecie nie istnieje. Sprawdź swoje żądanie i spróbuj ponownie."
"The option that was requested doesn't exist. Verify the entity and try again.","Żądana opcja nie istnieje. Zweryfikuj podmiot i spróbuj ponownie."
"The option couldn't be saved.","Opcja nie mogła zostać zapisana."
"""%fieldName"" is required. Enter and try again.","""%fieldName"" jest wymagane. Wprowadź i spróbuj ponownie."
"The option with ""%1"" ID can't be deleted.","Opcja o identyfikatorze ""%1"" nie może zostać usunięta."
"""option_id"" and ""parent_id"" values should be specified","wartości ""option_id"" i ""parent_id"" powinny być określone"
"""sku"" value should be specified","wartość ""sku"" powinna być określona"
"Unique constraint violation found","Znaleziono naruszenie unikalnego ograniczenia"
Always,Zawsze
"After number of attempts to login","Po liczbie prób logowania"
"Provided form does not exist","Podany formularz nie istnieje"
"Incorrect CAPTCHA","Niepoprawna CAPTCHA"
"Incorrect CAPTCHA.","Niepoprawna CAPTCHA"
"The account is locked. Please wait and try again or contact %1.","Konto zostało zablokowane. Proszę poczekać i spróbować ponownie lub skontaktować się z %1."
"Please enter the letters and numbers from the image","Wpisz litery i cyfry z obrazka"
"<strong>Attention</strong>: Captcha is case sensitive.","<strong>Uwaga</strong>: Captcha bierze pod uwagę wielkie i małe litery."
"Reload captcha","Przeładuj captcha"
"Please type the letters and numbers below","Prosimy wpisać litery i cyfry poniżej"
"Attention: Captcha is case sensitive.","Uwaga: Captcha rozróżnia wielkość liter."
"Enable CAPTCHA in Admin","Włącz CAPTCHA w panelu admina"
Font,Czcionka
Forms,Formularze
"Displaying Mode","Sposób wyświetlania"
"Number of Unsuccessful Attempts to Login","Ilość nieudanych prób logowania"
"If 0 is specified, CAPTCHA on the Login form will be always available.","Jeśli wybrane jest 0, CAPTCHA na formularzu logowania będzie zawsze włączona."
"CAPTCHA Timeout (minutes)","Timeout CAPTCHA (minuty)"
"Number of Symbols","Liczby lub symbole"
"Please specify 8 symbols at the most. Range allowed (e.g. 3-5)","Prosimy podać maksymalnie 8 znaków. Zakres dozwolony (np. 3-5)"
"Symbols Used in CAPTCHA","Symbole użyte w CAPTCHA"
"Please use only letters (a-z or A-Z) or numbers (0-9) in this field. No spaces or other characters are allowed.<br />Similar looking characters (e.g. ""i"", ""l"", ""1"") decrease chance of correct recognition by customer.","Prosimy o używanie jedynie liter (a-z lub A-Z) lub cyfr (0-9) w tym polu. Spacje i inne znaki nie są dozwolone.<br />Podobnie wyglądające znaki (np. ""i"", ""l"", ""1"") zmniejszają szansę pomyślnego rozpoznania przez użytkownika."
"Case Sensitive","Rozpoznaje wielkość liter"
"Enable CAPTCHA on Storefront","Włącz CAPTCHA na sklepie"
"CAPTCHA for ""Create user"" and ""Forgot password"" forms is always enabled if chosen.","CAPTCHA dla formularzy ""Tworzenie użytkownika"" i ""Zapomniane hasło"" będzie zawsze włączone, jeśli wybrane."
"Please enter the letters from the image","Wprowadź litery z obrazka"
"Please type the letters below","Wpisz litery poniżej"
Root,Baza
"Use Config Settings","Używaj ustawienia z konfiguracji"
"Use All Available Attributes","Używaj wszystkich dostępnych cech"
"Add Subcategory","Dodaj podkategorię"
"Add Root Category","Dodaj kategorię bazową"
Day,Dzień
"<label class=""label""><span>from</span></label>","<label class=""label""><span>od</span></label>"
"<label class=""label""><span>to</span></label>","<label class=""label""><span>do</span></label>"
[GLOBAL],[GLOBALNY]
[WEBSITE],[WITRYNA]
"[STORE VIEW]","[WIDOK SKLEPU]"
"WYSIWYG Editor",Edytor
"Add Product","Dodaj produkt"
"Product Attributes","Cechy produktu"
"Add New Attribute","Dodaj cechę"
"Save Attribute","Zapisz cechę"
"Save in New Attribute Set","Zapisz w nowym zestawie cech"
"Enter Name for New Attribute Set","Wprowadź nazwę dla nowego zestawu cech"
"Delete Attribute","Usuń cechę"
"Edit Product Attribute ""%1""","Edytuj cechę produktu ""%1"""
"New Product Attribute","Nowa cecha produktu"
"Advanced Attribute Properties","Zaawansowane właściwości cechy"
"Attribute Code","Kod cechy"
"This is used internally. Make sure you don't use spaces or more than %1 symbols.","Ta wartość jest używana wewnętrznie. Upewnij się, że nie ma spacji lub więcej niż %1 symboli."
"Default Value","Domyślna wartość"
"Unique Value","Unikalna wartość"
"Unique Value (not shared with other products)","Unikalna wartość (nie jest współdzielona z innymi produktami)"
"Not shared with other products.","Nie dzielone z innymi produktami."
"Input Validation for Store Owner","Sprawdzanie danych"
"Add to Column Options","Dodaj jako kolumnę"
"Select ""Yes"" to add this attribute to the list of column options in the product grid.","Wybierz ""Tak"" żeby dodać ten atrybut do listy opcji kolumny w siatce produktu."
"Use in Filter Options","Użyj w opcjach filtrowania"
"Select ""Yes"" to add this attribute to the list of filter options in the product grid.","Wybierz ""Tak"", aby dodać ten atrybut do listy opcji filtru w siatce produktu."
Website,Witryna
Global,Globalny
Scope,Zakres
"Declare attribute value saving scope.","Zadeklaruj zakres zapisywania wartości cechy."
"Storefront Properties","Właściwości w sklepie"
"Use in Search","Użyj do wyszukiwania"
"Visible in Advanced Search","Widoczny w zaawansowanym wyszukiwaniu"
"Comparable on Storefront","Dostępny do porównania"
"Use for Promo Rule Conditions","Dostępny w warunkach reguł promocyjnych"
"Enable WYSIWYG","Włącz WYSIWYG"
"Allow HTML Tags on Storefront","Dozwolone znaczniki HTML"
"Visible on Catalog Pages on Storefront","Widoczny w widoku produktu"
"Used in Product Listing","Dostępny na liście produktów"
"Depends on design theme.","Zależy od wyglądu motywu."
"Used for Sorting in Product Listing","Dostępny do sortowania na liście produktów"
"Media Image","Obrazek mediów"
Gallery,Galeria
"System Properties","Właściwości systemowe"
"Data Type for Saving in Database","Typ danych do zapisania w bazie"
Text,Tekst
Varchar,Tekst
Static,Statyczny
Datetime,"Data i czas"
Decimal,Dziesiętne
Integer,"Liczba całkowita"
"Globally Editable","Edytowalne globalnie"
"Attribute Information","Informacje cechy"
Properties,Właściwości
"Manage Labels","Zarządzaj etykietami"
Visible,Widoczny
Searchable,"Widoczny w wynikach wyszukiwania"
Comparable,Porównywalne
"Delete Selected Group","Usuń zaznaczoną grupę"
"You are about to delete all products in this attribute set. Are you sure you want to do that?","Masz zamiar usunąć wszystkie produkty z tego zestawu atrybutów. Czy na pewno chcesz to zrobić?"
"New Set Name","Nowa nazwa zestawu"
"Edit Attribute Set '%1'","Edytuj zestaw cech '%1'"
Empty,Pusty
"Add Attribute","Dodaj cechę"
"Add New Group","Dodaj grupę"
"Add Group","Dodaj grupę"
"Edit Attribute Set Name","Edytuj nazwę zestawu atrybutów"
"For internal use","Do użytku wewnętrznego"
"Based On","Bazujący na"
"Add New Attribute Set","Dodaj nowy zestaw cech"
"Add Attribute Set","Dodaj zestaw cech"
"Attribute Sets","Zestawy cech"
"Close Window","Zamknij okno"
"New Product","Nowy produkt"
"Save & Edit","Zapisz i edytuj"
"Save & New","Zapisz i dodaj nowy"
"Save & Duplicate","Zapisz i duplikuj"
"Save & Close","Zapisz i zamknij"
Change,Zmień
"Advanced Inventory","Stan magazynowy"
Websites,Witryny
"Products Information","Informacje o produktach"
"Create Category","Stwórz Kategorię"
"Category Name","Nazwa kategorii"
"Parent Category","Kategoria nadrzędna"
"If there are no custom parent categories, please use the default parent category. You can reassign the category at any time in <a href=""%1"" target=""_blank"">Products > Categories</a>.","Jeśli nie ma zdefiniowanych kategorii nadrzędnych, proszę użyć domyślnej kategorii nadrzędnej. Można zmienić przypisaną kategorię w dowolnym momencie w <a href=""%1"" target=""_blank""> Produkty > Kategorie</a>."
"Price Alert Subscriptions","Subskrypcja alertów cen"
"Stock Alert Subscriptions","Subskrypcja alertów stanu magazynu"
"There are no customers for this alert.","Nie ma klientów dla tego alertu."
"Subscribe Date","Data zapisu"
"Last Notified","Ostatnio zgłoszone"
"Send Count","Wyślij licznik"
"New Attribute","Nowa cecha"
"Attribute Set","Zestaw cech"
"Add New Option","Dodaj nową opcję"
"Import Options","Opcje importowania"
Import,Importuj
"Add New Row","Dodaj nowy rząd"
"Delete Row","Usuń rząd"
"Tier Pricing","Poziomy cen"
"Default Price","Domyślna cena"
"ALL GROUPS","WSZYSTKIE GRUPY"
"Add Price","Dodaj cenę"
"Default Values","Wartości domyślne"
"Related Products","Produkty powiązane"
Up-sells,"Produkty alternatywne"
Cross-sells,"Sprzedaże krzyżowe"
"Size for %1","Rozmiar dla %1"
"Watermark File for %1","Plik znaku wodnego dla %1"
"Position of Watermark for %1","Pozycja znaku wodnego dla %1"
"Name in %1","Nazwa w %1"
"Change Status","Zmień status"
"Update Attributes","Aktualizuj cechy"
"start typing to search category","zacznij pisać by szukać kategorii"
"New Category","Nowa kategoria"
"Add New Images","Dodaj nowe obrazki"
"Inc. Tax","Z podatkiem"
"Does this have a weight?","To ma wagę?"
"Notify Low Stock RSS","RSS powiadomień o produktach na wyczerpaniu"
"Low Stock Products","Produkty na wyczerpaniu"
"%1 has reached a quantity of %2.","%1 osiągnął ilość %2."
"Go to Home Page","Przejdź na stronę główną"
"Subscribe to RSS Feed","Subskrybuj kanał RSS"
"Products Comparison List","Lista porównania produktów"
AM,"przed południem"
PM,"po południu"
"New Products from %1","Nowe produkty od %1"
"New Products","Nowe produkty"
"%1 - Special Products","%1 - specjalne produkty"
"Click for price","Kliknij po cenę"
"Special Expires On: %1","Promocja wygasa: %1"
"Price: %1","Cena: %1"
"Special Price: %1","Cena promocyjna: %1"
"Special Products","Specjalne produkty"
"Manage Catalog Categories","Zarządzaj kategoriami katalogu"
"Manage Categories","Zarządzanie kategoriami"
"You deleted the category.","Usunąłeś kategorię."
"Something went wrong while trying to delete the category.","Kategoria nie została usunięta z powodu błędu."
Categories,Kategorie
"Category is not available for requested store.","Dla wybranego sklepu kategoria jest niedostępna."
"There was a category move error.","Wystąpił błąd podczas przenoszenia kategorii."
"You moved the category.","Kategoria została przeniesiona."
"Attribute ""%1"" is required.","Atrybut ""%1"" jest wymagany."
"You saved the category.","Zapisano kategorię."
"Something went wrong while saving the category.","Nie udało się zapisać kategorii."
"Please select products for attributes update.","Wybierz produkty do uaktualnienia cech."
"Please make sure to define SKU values for all processed products.","Upewnij się że zdefiniowano wartość SKU dla wszystkich produktów przetworzonych."
"A total of %1 record(s) were updated.","Zaktualizowano łącznie %1 rekordów."
"Something went wrong while updating the product(s) attributes.","Atrybuty produktów nie zostały zaktualizowane z powodu błędów."
"Unable to add attribute","Nie można dodać atrybutu"
"Please, specify attributes","Proszę określić atrybuty"
"Manage Product Attributes","Zarządzaj cechami produktu"
"We can't delete the attribute.","Nie można usunąć tego atrybutu."
"You deleted the product attribute.","Atrybut produktu został usunięty."
"We can't find an attribute to delete.","Nie odnaleziono atrybutu."
"This attribute no longer exists.","Taki atrybut nie istnieje."
"This attribute cannot be edited.","Ta cecha nie może być edytowana."
"Edit Product Attribute","Edytuj cechę produktu"
"An attribute set named '%1' already exists.","Zestaw cech o nazwie '%1' już istnieje."
"Something went wrong while saving the attribute.","Coś się zepsuło podczas zapisywania cechy."
"Attribute code ""%1"" is invalid. Please use only letters (a-z), numbers (0-9) or underscore(_) in this field, first character should be a letter.","Kod atrybutu ""%1"" jest nieprawidłowy. W tym polu należy używać tylko liter (a-z), cyfr (0-9) lub podkreślenia(_), pierwszy znak powinien być literą."
"We can't update the attribute.","Nie można zaktualizować atrybut."
"You saved the product attribute.","Atrybut produktu zapisany."
"An attribute with this code already exists.","Atrybut z tym kodem już istnieje."
"An attribute with the same code (%1) already exists.","Cecha o podanym kodzie (%1) już istnieje."
"The value of Admin must be unique.","Wartość pola ""Admin"" musi być unikatowa."
"The value of Admin scope can't be empty.","Wartość w polu Admin nie może być pusta."
"You duplicated the product.","Zduplikowałeś produkt."
"This product doesn't exist.","Produkt nie istnieje."
"Invalid product id. Should be numeric value greater than 0","Nieprawidłowe ID produktu. Prawidłowa wartość to liczba, większa od zera"
"A group with the same name already exists.","Grupa o takiej samej nazwie już istnieje"
"Something went wrong while saving this group.","Grupa nie została zapisana z powodu błędu."
"A total of %1 record(s) have been deleted.","Usunięto %1 rekordów."
"A total of %1 record(s) have been updated.","Zaktualizowano %1 rekordów."
"Something went wrong while updating the product(s) status.","Status produktu nie został zaktualizowany z powodu błędu."
"Unable to save product","Nie można zapisać produktu"
"You saved the product.","Produkt zapisany."
"SKU for product %1 has been changed to %2.","SKU produktu %1 zostało zmienione na %2."
"The image cannot be removed as it has been assigned to the other image role","Obraz nie może zostać usunięty, ponieważ został przypisany do roli innego obrazu"
"New Attribute Set","Nowy zestaw atrybutów"
"The attribute set has been removed.","Zesaw cech został usunięty."
"We can't delete this set right now.","Nie możemy teraz usunąć tego zestawu."
"New Set","Nowy zestaw"
"Manage Product Sets","Zarządzaj zestawami produktu"
"Manage Attribute Sets","Zarządzaj zestawami cech"
"This attribute set no longer exists.","Ten zestaw cech już nie istnieje."
"You saved the attribute set.","Zapisałeś zestaw atrybutów."
"Something went wrong while saving the attribute set.","Coś się zepsuło podczas zapisywania cechy."
"You added product %1 to the comparison list.","Produkt %1 został dodany do listy porównawczej."
"You cleared the comparison list.","Wyczyściłeś listę porównania."
"Something went wrong  clearing the comparison list.","Coś poszło nie tak podczas czyszczenia listy porównania."
"You removed product %1 from the comparison list.","Produkt %1 został usunięty z listy porównania."
"1 item","1 element"
"%1 items","%1 elementów"
"Are you sure you want to remove this item from your Compare Products list?","Czy na pewno chcesz usunąć wszystkie elementy z listy Porównaj produkty?"
"Are you sure you want to remove all items from your Compare Products list?","Czy na pewno chcesz usunąć wszystkie elementy z listy Porównaj produkty?"
"Invalid attribute %1","Nieprawidłowy atrybut %1"
Grid,Siatka
List,Lista
"Bad controller interface for showing product","Zły sterownik interfejsu dla produktu"
"Product is not loaded","Produkt nie jest załadowany."
"Make sure the To Date is later than or the same as the From Date.","Upewnij się, że data zakończenia jest późniejsza lub ta sama co data rozpoczęcia."
"Sorry, but we can't find the new parent category you selected.","Przepraszam, ale nie możemy znaleźć nowych kategorii nadrzędnych."
"Sorry, but we can't find the new category you selected.","Przepraszam, ale nie możemy znaleźć nowych kategorii."
"We can't move the category because the parent category name matches the child category name.","Nie można przenieść kategorii ponieważ nazwa nadrzędnej kategorii jest taka sama jak nazwa kategorii podrzędnej."
"Something went wrong while getting the image url.","Coś poszło nie tak podczas pobierania adresu zdjęcia."
"Can't delete root category.","Nie można usunąć kategorii głównej."
"The value of attribute ""%1"" must be unique.","Wartość atrybutu ""%1"" musi być unikalna."
"Default Product Listing Sort by does not exist in Available Product Listing Sort By.","Domyślne sortowanie nie istnieje w dostepnych opcjach sortowania."
"No layout updates","Brak aktualizacji układu"
"Products only","Tylko produkty"
"Static block only","Tylko blok statyczny"
"Static block and products","Bloki statyczne i produkty"
"Please select a static block.","Wybierz blok"
"Could not save product ""%1"" with position %2 to category %3","Nie można przypisać produktu ""%1"" z pozycją %2 do kategorii %3"
"Category does not contain specified product","Kategoria nie zawiera określonego produktu"
"Could not save product ""%product"" with position %position to category %category","Nie można zapisać produktu ""%product"" z pozycją %position do kategorii %category"
"Operation do not allow to move a parent category to any of children category","Operacja nie pozwala przenieść kategorii nadrzędnej do żadnej z kategorii podrzędnych"
"Could not move category","Nie można przenieść kateogrii"
"Could not save category: %1","Nie można zapisać kategorii: %1"
"Cannot delete category with id %1","Nie można usunąć kategorii o identyfikatorze %1"
"-- Please Select a Category --","-- Prosimy wybrać kategorię --"
"Grid Only","Tylko siatka"
"List Only","Tylko lista"
"Grid (default) / List","Siatka (domyślnie) / lista"
"List (default) / Grid","Lista (domyślna) / siatka"
"Automatic (equalize price ranges)","Automatycznie (wyrównuje zakresy cen)"
"Automatic (equalize product counts)","Automatycznie (wyrównuje liczbę produktów)"
Manual,Ręcznie
"-- Please select --",--Wybierz--
"Product Thumbnail Itself","Miniatura produktu"
"Parent Product Thumbnail","Miniatura produktu nadrzędnego"
"12h AM/PM","12h przed/po południu"
24h,"24 godz."
Stretch,Rozciągnij
Tile,Kafelek
Top/Left,Góra/lewo
Top/Right,Góra/prawo
Bottom/Left,Dół/lewo
Bottom/Right,Dół/prawo
Center,Środek
"%1 doesn't extends \Magento\Framework\Model\AbstractModel","%1 nie rozszerza \Magento\Framework\Model\AbstractModel"
"Something went wrong while saving the file(s).","Coś się zepsuło podczas zapisywania plików."
"File can not be saved to the destination folder.","Nie można zapisać plików w folderze docelowym."
"Unknown EAV indexer type ""%1"".","Nieznany typ indeksu EAV ""%1""."
"We can't rebuild the index for an undefined product.","Nie można przebudować indeksu dla niezdefiniowanego produktu."
"Bad value was supplied.","Podano błędną wartość."
"The Flat Catalog module has a limit of %2$d filterable and/or sortable attributes.Currently there are %1$d of them.Please reduce the number of filterable/sortable attributes in order to use this module","Moduł płaskiego katalogu ma ograniczenie do %2$d filtrowalnych i/lub sortowalnych cech. Aktualnie masz tam %1$d z nich. Prosimy zredukować liczbę filtrowalnych/sortowalnych cech w celu użycia tego modułu"
"Unsupported product type ""%1"".","Typ produktu ""%1"" nie jest wspierany."
"Please correct the category.","Proszę poprawić kategorię."
"Must be category model instance or its id.","Musi być instancją modelu kategorii lub jej identyfikatorem."
"The attribute model is not defined.","Model atrybutu jest niezdefiniowany."
Category,Kategoria
"%1 was not found in algorithms","%1 nie zostało znalezione w algorytmach"
"%1 doesn't extend \Magento\Catalog\Model\Layer\Filter\Dynamic\AlgorithmInterface","%1 nie rozszerza \Magento\Catalog\Model\Layer\Filter\Dynamic\AlgorithmInterface"
"%1 doesn't extends \Magento\Catalog\Model\Layer\Filter\AbstractFilter","%1 nie rozszerza \Magento\Catalog\Model\Layer\Filter\AbstractFilter"
"The filter must be an object. Please set the correct filter.","Filtr musi być obiektem. Proszę ustawić poprawny filtr."
"Clear Price","Wyczyść cenę"
"%1 and above","%1 i więcej"
"The filters must be an array.","Filtry muszą być tablicą."
"Product was not registered","Produkt nie został zarejestrowany"
"Store was not registered","Sklep nie został zarejestrowany"
"Group price must be a number greater than 0.","Cena grupowa musi być liczbą większą niż 0."
"Media Gallery converter should be an instance of EntryConverterInterface.","Konwerter mediów galerii powinien być instancją EntryConverterInterface."
"There is no MediaGalleryEntryConverter for given type","Nie ma MediaGalleryEntryConverter dla danego typu"
"Please enter a number 0 or greater in this field.","Prosimy o podanie cyfry 0 lub większej w tym polu."
"The value of attribute ""%1"" must be set","Wartość atrybutu ""%1"" musi być ustawiona"
"SKU length should be %1 characters maximum.","Długość SKU musi mieć co najmniej %1 znaków."
"Please enter a valid number in this field.","Prosimy o wprowadzenie poprawnego numeru w tym polu."
"We found a duplicate website, tier price, customer group and quantity.","Znaleziono zduplikowaną witrynę, poziom cen, grupę klientów i ilość."
"Percentage value must be a number between 0 and 100.","Wartość procentowa musi być liczbą pomiędzy 0 i 100."
"Invalid option id %1","Błędny identyfikator opcji %1"
"Can not create attribute set based on non product attribute set.","Nie można utworzyć zestawu atrybutów na podstawie zestawu atrybutów innego niż produkt."
"Can not create attribute set based on not existing attribute set","Nie można utworzyć zestawu atrybutów na podstawie nieistniejącego zestawu atrybutów"
"Provided Attribute set non product Attribute set.","Podany zestaw atrybutów oparty o zestaw atrybutów dla nie produktów."
"Use config","Użyj konfiguracji"
"Attribute Set already exists.","Zestaw atrybutów już istnieje."
"We couldn't copy file %1. Please delete media with non-existing images and try again.","Nie udało się skopiować pliku %1. Proszę usunąć media z nie istniejącym obrazem i spróbować ponownie."
"The image content is not valid.","Zawartość obrazu jest nieprawidłowa."
"Cannot save product.","Nie można zapisać produktu."
"Failed to save new media gallery entry.","Nie udało się zapisać nowego wpisu galerii multimediów."
"There is no image with provided ID.","Nie ma obrazu z podanym identyfikatorem."
"Such product doesn't exist","Taki produkt nie istnieje"
"Such image doesn't exist","Taki obraz nie istnieje"
"The image does not exist.","Obraz nie istnieje."
"Please correct the image file type.","Popraw typ pliku obrazu."
"We couldn't move this file: %1.","Nie mogliśmy przenieść tego pliku: %1."
"Can't get information about the picture: %1","Nie można pobrać informacji o zdjęciu: %1"
"The image could not be resized: ","Nie można zmienić rozmiaru obrazu:"
"Some images could not be resized. See log file for details.","Nie można było zmienić rozmiaru niektórych obrazów. Szczegóły można znaleźć w pliku dziennika."
"The option type to get group instance is incorrect.","Typ opcji aby uzyskać instancję grupę jest nieprawidłowy."
"Select type options required values rows.","Proszę wybrać typ opcji z wymaganymi wartościami."
"ProductSku should be specified","Należy określić ProductSku"
"Could not remove custom option","Nie można usunąć opcji niestandardowej"
"Please specify date required option(s).","Prosimy o określenie wymaganych opcji daty."
"Please specify time required option(s).","Prosimy o określenie wymaganych opcji czasu."
"Please specify product's required option(s).","Określ wymagane opcje produktu."
"The option instance type in options group is incorrect.","Instancja typu opcji w grupie opcji jest niepoprawna."
"The product instance type in options group is incorrect.","Instancja typu produktu w grupie opcji jest niepoprawna."
"The configuration item option instance in options group is incorrect.","Instancja elementu konfiguracji opcji w grupie opcji jest niepoprawna."
"The configuration item instance in options group is incorrect.","Instancja elementu konfiguracji w grupie opcji jest nieprawidłowa."
"The BuyRequest instance in options group is incorrect.","Instancja BuyRequest w grupie opcji jest niepoprawna."
"We can't add the product to the cart because of an option validation issue.","My nie można dodać produkt do koszyka z powodu problemu opcji sprawdzania poprawności."
"%1 doesn't extends \Magento\Catalog\Model\Product\Option\Type\DefaultType","%1 nie rozszerza \Magento\Catalog\Model\Product\Option\Type\DefaultType"
"The file options format is not valid.","Format opcji pliku jest nieprawidłowy."
"The file '%1' for '%2' has an invalid extension.","Plik '%1' dla '%2' ma nieprawidłowe rozszerzenie."
"The maximum allowed image size for '%1' is %2x%3 px.","Maksymalny dozwolony rozmiar obrazu dla '%1' jest %2x%3 px."
"The file '%1' you uploaded is larger than the %2 megabytes allowed by our server.","Plik '%1' jest większy niż %2 megabajtów dozwolone przez nasz serwer."
"The file '%1' is empty. Please choose another one","Plik '%1' jest pusty. Wybierz inny plik"
"The file '%1' is invalid. Please choose another one","Plik '%1' jest nieprawidłowy. Proszę wybrać inny"
"File '%1' is not an image.","Plik '%1' nie jest obrazem."
"Validation failed. Required options were not filled or the file was not uploaded.","Walidacja nie powiodła się. Wymagane opcje nie zostały wypełnione lub plik nie został przesłany."
"The file you uploaded is larger than %1 Megabytes allowed by server","Przesłany plik jest większy niż %1 megabajtów dozwolonych przez serwer"
"Option required.","Wymagana opcja."
"The file is empty. Please choose another one","Plik jest pusty. Wybierz inny plik"
"Some of the selected item options are not currently available.","Niektóre wybrane opcje nie są dostępne."
"The text is too long.","Tekst jest zbyt długi."
"Invalid attribute %fieldName = %fieldValue.","Nieprawidłowa cecha %fieldName = %fieldValue."
"Requested store is not found. Row ID: SKU = %SKU, Store ID: %storeId.","Nie znaleziono sklepu. Row ID: SKU = %SKU, Store ID: %storeId."
"Invalid attribute Cost = %cost. Row ID: SKU = %SKU, Store ID: %storeId.","Nieprawidłowa cecha Koszt = %cost. ID wiersza: SKU = %SKU, ID sklepu: %storeId."
"Could not save Prices.","Nie udało się zapisać Cen."
"Could not delete Prices","Nie można usunąć Cen"
"Requested product doesn't exist. Row ID: SKU = %SKU, Store ID: %storeId, Price From: %priceFrom, Price To: %priceTo.","Żądany produkt nie istnieje. Identyfikator wiersza: SKU = %SKU, Store ID: %storeId, Price From: %priceFrom, PriceTo: %priceTo."
"Requested store is not found. Row ID: SKU = %SKU, Store ID: %storeId, Price From: %priceFrom, Price To: %priceTo.","Wybrany sklep nie istnieje. ID wiersza: SKU = %SKU, Sklep: %storeId, Cena Od: %priceFrom, Cena Do: %priceTo."
"Invalid attribute %label = %priceTo. Row ID: SKU = %SKU, Store ID: %storeId, Price From: %priceFrom, Price To: %priceTo.","Nieprawidłowa cecha %label = %priceTo. Row ID: SKU = %SKU, Store ID: %storeId, Price From: %priceFrom, Price To: %priceTo."
"Invalid attribute Price = %price. Row ID: SKU = %SKU, Store ID: %storeId, Price From: %priceFrom, Price To: %priceTo.","Nieprawidłowa cecha Cena = %price. Row ID: SKU = %SKU, Store ID: %storeId, Price From: %priceFrom, Price To: %priceTo."
"Could not save Tier Prices","Nie można zapisać poziomów cenowych"
"Could not replace Tier Prices","Nie można zastąpić poziomów cenowych"
"Could not delete Tier Prices","Nie można usunąć poziomów cenowych"
"Invalid attribute SKU = %SKU. Row ID: SKU = %SKU, Website ID: %websiteId, Customer Group: %customerGroup, Quantity: %qty.","Nieprawidłowy atrybut SKU = %SKU. Identyfikator wiersza: SKU = %SKU, Identyfikator witryny sieci Web: % websiteId, Grupy klientów: %customerGroup, Ilość: %qty."
"Invalid attribute Price = %price. Row ID: SKU = %SKU, Website ID: %websiteId, Customer Group: %customerGroup, Quantity: %qty.","Nieprawidłowy atrybut ceny = %price. Identyfikator wiersza: SKU = %SKU, Identyfikator witryny sieci Web: % websiteId, Grupy klientów: %customerGroup, Ilość: %qty."
"Invalid attribute Price Type = %priceType. Row ID: SKU = %SKU, Website ID: %websiteId, Customer Group: %customerGroup, Quantity: %qty.","Nieprawidłowy typ ceny = %priceType. Identyfikator wiersza: SKU = %SKU, Identyfikator witryny sieci Web: %websiteId, Grupy klientów: %customerGroup, Ilość: %qty."
"Invalid attribute Quantity = %qty. Row ID: SKU = %SKU, Website ID: %websiteId, Customer Group: %customerGroup, Quantity: %qty.","Nieprawidłowy atrybut ilości = %qty. Identyfikator wiersza: SKU = %SKU, Identyfikator witryny sieci Web: % websiteId, Grupy klientów: %customerGroup, Ilość: %qty."
"Invalid attribute Website ID = %websiteId. Row ID: SKU = %SKU, Website ID: %websiteId, Customer Group: %customerGroup, Quantity: %qty.","Nieprawidłowy atrybut ID strony = %websiteId. Identyfikator wiersza: SKU = %SKU, Identyfikator witryny sieci Web: % websiteId, Grupy klientów: %customerGroup, Ilość: %qty."
"We found a duplicate website, tier price, customer group and quantity: Customer Group = %customerGroup, Website ID = %websiteId, Quantity = %qty. Row ID: SKU = %SKU, Website ID: %websiteId, Customer Group: %customerGroup, Quantity: %qty.","Znaleźliśmy duplikat strony internetowej, poziomu cen, grupy odbiorców i ilość: Grupa klientów = %customerGroup, strony o ID = %websiteId, ilość = %qty. Identyfikator wiersza: SKU = %SKU, Identyfikator witryny sieci : %websiteId, Grupy klientów: %customerGroup, Ilości: %qty."
"No such entity with Customer Group = %customerGroup. Row ID: SKU = %SKU, Website ID: %websiteId, Customer Group: %customerGroup, Quantity: %qty.","Brak takiego podmiotu z grupą klientów =%customerGroup. Identyfikator wiersza: SKU = %SKU, Identyfikator witryny: %websiteId, Grupa klientów: %customerGroup, Ilość: %qty."
"This product doesn't have tier price","Ten produkt nie ma ceny poziomej"
"Product hasn't group price with such data: customerGroupId = '%1', website = %2, qty = %3","Produkt nie posiada grup cen z takimi danymi: customerGroupId = ""%1"", strona = %2, ilość = %3"
"Invalid data provided for tier_price","Podano nieprawidłowe dane dla tier_price"
"Could not save group price","Nie można zapisać ceny grupowej"
"Please provide valid data","Podaj prawidłowe dane"
"Values of following attributes are invalid: %1","Wartości następujących atrybutów są nieprawidłowe: %1"
"We can't create writeable directory ""%1"".","Nie możemy utworzyć zapisywalnego katalogu ""%1""."
"The file upload failed.","Przesyłanie pliku nie powiodło się."
"The product has required options.","Produkt posiada wymagane opcje."
"Something went wrong while processing the request.","Coś się zepsuło podczas przetwarzania żądania."
"%1 doesn't extends \Magento\Catalog\Model\Product\Type\AbstractType","%1 nie rozszerza \Magento\Catalog\Model\Product\Type\AbstractType"
"%1 doesn't extends \Magento\Catalog\Model\Product\Type\Price","%1 nie rozszerza \Magento\Catalog\Model\Product\Type\Price"
"Not Visible Individually","Niewidoczne pojedyńczo"
"Catalog, Search","Katalog, wyszukiwanie"
"Something went wrong while removing products from the websites.","Coś się zepsuło podczas usuwania produktów ze strony internetowej."
"Something went wrong while adding products to websites.","Coś się zepsuło podczas dodawania produktów do strony internetowej."
"Group with id ""%1"" does not exist.","Grupa o id ""%1"" nie istnieje."
"Attribute group that contains system attributes can not be deleted","Grupa atrybutów zawierająca atrybuty systemowe nie może zostać usunięta."
"Collection provider is not registered","Dostawca usług windykacyjnych nie jest zarejestrowany"
"Unknown link type: %1","Nieznany typ łącza: %1"
"Provided link type ""%1"" does not exist","Podany typ łącza ""%1"" nie istnieje"
"Invalid data provided for linked products","Nieprawidłowe dane dla powiązanych produktów"
"Product with SKU '%1' is not linked to product with SKU '%2'","Produkt z SKU %1 nie jest powiązany z produktem z SKU %2"
"Product %1 doesn't have linked %2 as %3","Produkt %1 nie jest połączony %2 jako %3"
"Requested product doesn't exist","Żądany produkt nie istnieje"
"Product with SKU ""%1"" does not exist","Produkt o jednostce SKU ""%1"" nie istnieje"
"Invalid product data: %1","Nieprawidłowe dane produktu: %1"
"Database connection error","Problem z połączeniem do bazy danych"
"Database deadlock found when trying to get lock","Zakleszczenie bazy danych przy próbie założenia blokady"
"Database lock wait timeout exceeded","Przekroczono limit czasu oczekiwania na zablokowanie bazy danych"
"Unable to remove product %1","Nie można usunąć produktu %1"
"Requested product does not support images.","Żądany produkt nie obsługuje obrazów."
"There are not websites for assign to product","Nie ma stron internetowych do przypisania do produktu"
"Could not assign product ""%1"" to websites ""%2""","Produkt ""%1"" nie może być przypisany do strony ""%2"""
"Could not save product ""%1"" with websites %2","Nie można zapisać produktu ""%1"" ze stroną %2"
"We cannot determine the field name.","Nie można określić nazwy pola."
"Attribute '%1' is locked. %2","Cecha '%1' jest zablokowana. %2"
"Do not change the scope. %1","Nie zmieniaj zakresu. %1"
"Processor %1 doesn't implement BaseSelectProcessorInterface","Procesor %1 nie implementuje interfejsu BaseSelectProcessorInterface"
"A product type is not defined for the indexer.","Typ produktu nie jest zdefiniowany dla indeksowania."
"%1 doesn't extend \Magento\Catalog\Model\ResourceModel\Product\Indexer\Price\DefaultPrice","%1 nie rozszerza \Magento\Catalog\Model\ResourceModel\Product\Indexer\Price\DefaultPrice"
"Product with SKU %1 is not linked to product with SKU %2","Produkt z SKU %1 nie jest związany z produktem z SKU %2"
Dropdown,"Lista rozwijana"
"%1 doesn't extend \Magento\Framework\Filter\Template","%1 nie rozszerza \Magento\Framework\Filter\Template"
"Some text is here.","Część tekstu znajduje się tutaj."
"Some exception","Pewien wyjątek"
"Could not get extension attributes","Nie można pobrać cech rozszerzenia"
message,wiadomość
"Lock wait timeout","Czas oczekiwania na blokadę"
"Advanced Pricing",Cena
"Customer Group Price","Cena dla grupy klientów"
"Customer Group","Grupa klienta"
"Special Price From","Cena promocyjna od"
"Product Alerts","Alerty produktów"
"Alert stock","Alarm zapasów"
"Alert price","Powiadomienie o cenie"
"Alert Price","Powiadomienie o cenie"
"Select Attribute","Wybierz cechę"
"Create New Attribute","Utwórz nową cechę"
"Customizable Options","Indywidualne opcje"
"Custom options let customers choose the product variations they want.","Niestandardowe opcje pozwalają kupującym wybierać warianty produktów, których potrzebują."
"Select Product","Wybierz produkt"
"Add Value","Dodaj wartość"
"Option Type","Rodzaj opcji"
"Max Characters","Maks znaków"
"Compatible File Extensions","Zgodne rozszerzenia pliku"
"Enter separated extensions, like: png, jpg, gif.","Wprowadź rozszerzenia oddzielone przecinkiem, na przykład: png, jpg, gif."
"Maximum Image Size","Maksymalny rozmiar obrazka"
"Please leave blank if it is not an image.","Proszę zostawić puste, jeśli nie jest to obraz."
"This item has weight","Ta pozycja ma przypisaną wagę"
"This item has no weight","Ta pozycja nie ma przypisanej wagi"
"Set Product as New From","Ustaw produkt jako nowy od"
"Related Products, Up-Sells, and Cross-Sells","Produkty powiązane, Up-Sells i Cross-Sells"
"Related products are shown to customers in addition to the item the customer is looking at.","Powiązane produkty są pokazywane klientom jako dodatek do oglądanych przez nich produktów."
"Add Related Products","Dodaj produkty"
"An up-sell item is offered to the customer as a pricier or higher-quality alternative to the product the customer is looking at.","Produkty typu „up-sell” są dla klientów droższą lub lepszą jakościowo alternatywą dla oglądanych przez nich produktów."
"Add Up-Sell Products","Dodaj produkty"
"Up-Sell Products","Produkty Up-Sell "
"These ""impulse-buy"" products appear next to the shopping cart as cross-sells to the items already in the shopping cart.","Produkty typu „cross-sell” pojawiają się w koszyku jako dodatki zwiększające wielkość zamówienia."
"Add Cross-Sell Products","Dodaj produkty"
"Cross-Sell Products","Produkty Cross-sell"
"Schedule Update From","Ustaw aktualizację od"
"Product in Websites","Dostępność w witrynach"
"If your Magento installation has multiple websites, you can edit the scope to use the product on specific sites.","Jeśli twoja instalacja Magento ma wiele witryn internetowych, możesz edytować zakres, aby używać produktu na określonych witrynach."
name,nazwa
"Copy Data from","Kopiowanie danych z"
"If there are no custom parent categories, please use the default parent category. You can reassign the category at any time in <a href=""%1"" target=""_blank"">Products &gt; Categories</a>.","Jeśli nie ma zdefiniowanych kategorii nadrzędnych, proszę użyć domyślnej kategorii nadrzędnej. Można zmienić przypisaną kategorię w dowolnym momencie w <a href=""%1"" target=""_blank""> Produkty &gt; Kategorie</a>."
"This operation can take a long time","Ta operacja może zająć dużo czasu"
"Collapse All","Zwiń wszystko"
"Expand All","Rozwiń wszystko"
"Please confirm site switching. All data that hasn't been saved will be lost.","Potwierdź zmianę poziomu. Wszystkie niezapisane dane zostaną utracone."
"Manage Titles (Size, Color, etc.)","Zarządzaj etykietami (Rozmiar, Kolor itp.)"
"Manage Options (Values of Your Attribute)","Zarządzaj opcjami (wartościami cechy)"
"Sort Option","Opcja sortowania"
Groups,Grupy
"Double click on a group to rename it.","Kliknij dwukrotnie na grupę, aby zmienić jej nazwę."
"Unassigned Attributes","Nieprzypisane cechy"
"A name is required.","Nazwa jest wymagana."
"This group contains system attributes. Please move system attributes to another group and try again.","Nie możesz usunąć cech z tego zestawu. Przenieś je do innego zestawu i ponów próbę."
"Please select a node.","Wybierz węzeł."
"Please enter a new group name.","Wprowadź nazwę nowej grupy."
"An attribute group named ""/name/"" already exists.","Grupa atrybutów o nazwie ""/ nazwa /"" już istnieje."
"Sorry, we're unable to complete this request.","Przepraszamy, nie możemy zrealizować tego żądania."
"You can't remove attributes from this attribute set.","Nie można usuwać atrybutów z tego zestawu atrybutów."
"Custom Options","Indywidualne opcje"
"This is a required option.","Ta opcja jest wymagana."
"The field isn't complete.","Pole nie jest kompletne."
"Compatible file extensions to upload","Kompatybilne rozszerzenia wgrywanego pliku"
"Maximum image width","Maksymalna szerokość obrazka"
"Maximum image height","Maksymalna wysokość obrazka"
"Maximum number of characters:","Maksymalna ilość znaków:"
"start typing to search template","Zacznij pisać, aby wyszukać szablon"
"Product online","Produkt włączony"
"Product offline","Produkt wyłączony"
"Product online status","Status online produktu"
"Manage Stock","Zarządzaj stanami"
"Out-of-Stock Threshold","Przedział dla braku w magazynie"
"Minimum Qty Allowed in Shopping Cart","Minimalna ilość w koszyku"
"Maximum Qty Allowed in Shopping Cart","Maksymalna ilość w koszyku"
"Qty Uses Decimals","Ilość używa wartości dziesiętnych"
Backorders,Rezerwacje
"Notify for Quantity Below","Powiadamiaj o ujemnej ilości"
"Enable Qty Increments","Włącz zwiększanie ilości"
"Qty Increments","Zwiększanie ilości"
"Stock Availability","Dostępność towaru"
"In Stock","W magazynie"
"Out of Stock","Brak w magazynie"
"Add Product To Websites","Dodaj produkty do witryn"
"Remove Product From Websites","Usuń produkt z witryn"
"To hide an item in catalog or search results, set the status to ""Disabled"".","Aby ukryć produkt w katalogu lub w wynikach wyszukiwania, należy ustawić jego stan na ""Wyłączony""."
"Delete Custom Option","Usuń opcję niestandardowe"
"Sort Custom Options","Niestandardowe opcje sortowania"
"Sort Custom Option","Niestandardowe opcje sortowania"
"Item Price","Cena produktu"
"and above","i powyżej"
"Delete Tier","Usuń poziom"
"Product In Websites","Dostępność w witrynach"
"(Copy data from: %1)","(Kopiuj dane z: %1)"
"Browse to find or drag image here","Przeglądaj, aby znaleźć lub przeciągnij obraz tutaj"
"Delete image","Usuń obraz"
Hidden,ukryty
"Alt Text","Tekst alternatywny"
Role,Rola
"Image Size","Rozmiar zdjęcia"
"Image Resolution","Rozdzielczość zdjęcia"
"{width}^{height} px","{szerokość}^{wysokość} px"
"Hide from Product Page","Ukryj na stronie produktu"
"Allow Multiple Boxes for Shipping","Zezwól na dzielenie wysyłki"
"start typing to search attribute","Zacznij pisać, aby wyszukać cechę"
"Basic Settings","Podstawowe ustawienia"
"Advanced Settings","Zaawansowane ustawienia"
"Special Price","Cena promocyjna"
"Buy %1 for: ","Kup %1 za: "
"Buy %1 for %2 each and <strong class=""benefit"">save<span class=""percent tier-%3"">&nbsp;%4</span>%</strong>","Kup %1 po %2 za każdy i <strong class=""benefit"">zaoszczędź<span class=""percent tier-%3"">&nbsp;%4</span>%</strong>"
"Buy %1 for %2 each","Kup %1 dla %2 poszczególnych"
"Shop By","Kupuj wg"
"Shopping Options","Opcje zakupów"
"Compare Products","Porównaj produkty"
"Print This Page","Drukuj stronę"
"Remove Product","Usuwanie produktu"
"Add to Wish List","Dodaj do listy życzeń"
"You have no items to compare.","Nie dodałeś żadnych produktów do porównania."
"Remove This Item","Usuń ten element"
Compare,Porównaj
"Clear All","Wyczyść wszystko"
Prev,Poprzedni
"We can't find products matching the selection.","Nie możemy odnaleźć pasujących produktów do zaznaczenia."
"Learn More","Dowiedz się więcej"
"Add to Compare",Porównaj
"We found other products you might like!","Znaleźliśmy inne produkty, które mogą Cię zainteresować!"
"More Choices:","Więcej możliwości:"
"Check items to add to the cart or","Zaznacz produkty, żeby dodać je do koszyka lub"
"select all","zaznacz wszystko"
"Items %1-%2 of %3","Produkty %1-%2 z %3"
"%1 Item","%1 element"
"%1 Items","Produkty %1"
Show,Pokaż
"Sort By","Sortuj wg"
"Set Ascending Direction","Ustaw kierunek rosnący"
"Set Descending Direction","Ustaw kierunek malejący"
"View as","Zobacz jako"
"More Information","Więcej informacji"
Loading...,Ładowanie...
Submit,Prześlij
"We don't recognize or support this file extension type.","Nie możemy rozpoznać lub obsługiwać tego typu rozszerzenia pliku."
"Configure Product","Konfiguruj produkt"
"This value does not follow the specified format (for example, 200x300).","Wartość ta nie jest zgodna z określonym formatem (na przykład 200x300)."
"Select type of option.","Proszę wybrać rodzaj opcji."
"Please add rows to option.","Dodaj rzędy do opcji."
"Choose existing category.","Wybierz istniejącej kategorii."
"Image Detail","Szczegóły obrazu"
Adding...,Dodawanie...
Added,Dodane
"does not implement Storage Interface","Nie implementuje Interfejsu Pamięci"
"unselect all","odznacz wszystko"
Inventory,Magazyn
"Catalog Section","Sekcja katalogu"
Small,Mały
Main,Główny
"Custom image","Zdjęcie niestandardowe"
"Product Fields Auto-Generation","Auto generowanie pola produktu"
"Mask for SKU","Maska dla SKU"
"Use {{name}} as Product Name placeholder","Używaj {{name}} jako nazwa zastępcza"
"Mask for Meta Title","Maska dla Meta tytuł"
"Mask for Meta Keywords","Maska dla Meta słów kluczowych"
"Use {{name}} as Product Name or {{sku}} as Product SKU placeholders","Użyj {{name}} jako nazwa produktu lub {{sku}} jako SKU produktu"
"Mask for Meta Description","Maska dla opisu Meta"
"Use {{name}} and {{description}} as Product Name and Product Description placeholders","Użyj {{name}} i {{description}} jako nazwa produktu i opis produktu"
"Recently Viewed/Compared Products","Ostatnio oglądane/porównywane produkty"
"Lifetime of products in Recently Viewed Widget","Żywotność produktów w ostatnio oglądanym pluginie"
"Lifetime of products in Recently Compared Widget","Żywotność produktów w ostatnio oglądanym pluginie"
"Synchronize widget products with backend storage","Synchronizacja widżetów produktów z magazynem zaplecza"
Storefront,"Witryna sklepu"
"List Mode","Tryb listy"
"Products per Page on Grid Allowed Values","Dozwolona ilość produktów na stronie (widok siatki)"
Comma-separated.,"Oddzielone przecinkami."
"Products per Page on Grid Default Value","Domyślna ilość produktów na stronie (widok siatki)"
"Must be in the allowed values list","Musi znajdować się na liście dozwolonych wartości"
"Products per Page on List Allowed Values","Dozwolona ilość produktów na stronie (widok listy)"
"Products per Page on List Default Value","Domyślna ilość produktów na stronie (widok listy)"
"Use Flat Catalog Category","Użyj płaskiego katalogu kategorii"
"Use Flat Catalog Product","Użyj płaskiego katalogu produktów"
"Product Listing Sort by","Wykaz produktów sortowany wg"
"Allow All Products per Page","Zezwól na pokazywanie wszystkich produktów na stronie"
"Whether to show ""All"" option in the ""Show X Per Page"" dropdown","Czy wyświetlać opcję ""Wszystkie"" w menu rozwijanym ""Pokaż X na stronę""?"
"Allow Dynamic Media URLs in Products and Categories","Zezwalaj na dynamiczne adresy URL multimediów w produktach i kategoriach"
"E.g. {{media url=""path/to/image.jpg""}} {{skin url=""path/to/picture.gif""}}. Dynamic directives parsing impacts catalog performance.","Na przykład {{media url=""path/to/image.jpg""}}. {{skin url=""path/to/picture.gif""}}. Dynamiczne parsowanie dyrektyw wpływa na wydajność katalogu."
"Product Image Placeholders","Obrazki zastępcze produktu"
"Page Title Separator","Separator tytułu strony"
"Use Canonical Link Meta Tag For Categories","Zastosuj meta tag Canonical dla kategorii"
"Use Canonical Link Meta Tag For Products","Zastosuj meta tag Canonical dla produktów"
"Catalog Price Scope","Zakres cen w katalogu"
"This defines the base currency scope (""Currency Setup"" > ""Currency Options"" > ""Base Currency"").","Definiuje zakres bazowej waluty (Ustawienia waluty"" > ""Opcje waluty"" > ""Bazowa waluta"").""."
"Category Top Navigation","Nawigacja górna kategorii"
"Maximal Depth","Maksymalna głębokość"
"Date & Time Custom Options","Indywidualne opcje daty i czasu"
"Use JavaScript Calendar","Użyj kalendarza JavaScript"
"Date Fields Order","Kolejność pól daty"
"Time Format","Format czasu"
"Year Range","Zakres lat"
"Please use a four-digit year format.","Proszę użyć czerto cyfrowego formatu roku."
"Use Static URLs for Media Content in WYSIWYG for Catalog","Używanie statycznych adresów URL dla zawartości multimedialnej w WYSIWYG dla katalogu"
"This applies only to catalog products and categories. Media content will be inserted into the editor as a static URL. Media content is not updated if the system configuration base URL changes.","Dotyczy to tylko produktów katalogowych i kategorii. Zawartość multimedialna zostanie wstawiona do edytora jako statyczny adres URL. Zawartość multimedialna nie jest aktualizowana w przypadku zmiany podstawowego adresu URL konfiguracji systemu."
"Top Level Category","Kategoria najwyższego poziomu"
"Product Info Column","Kolumna informacji o produkcie"
"Block after Info Column","Blok za kolumną informacyjną"
"Product Flat Data","Płaskie dane produktu"
"Reorganize EAV product structure to flat structure","Przeorganizuj strukturę EAV produktów do płaskiej struktury"
"Category Flat Data","Płaskie dane kategorii"
"Reorganize EAV category structure to flat structure","Przeorganizuj strukturę EAV kategorii do płaskiej struktury"
"Category Products",Produkty
"Indexed category/products association","Zaindeksowane powiązania kategorii/produktów"
"Product Categories","Kategorie produktu"
"Indexed product/categories association","Indeksowane produktu/kategorii skojarzeń"
"Product Price",Cena
"Index product prices","Indeksuj ceny produktów"
"Product EAV","Produkt EAV"
"Index product EAV","Indeks produktu EAV"
"Catalog New Products List","Lista nowych produktów katalogu"
"List of Products that are set as New","Lista produktów oznaczonych jako Nowe"
"Display Type","Typ wyświetlania"
"All products - recently added products, New products - products marked as new","Wszystkie produkty - ostatnio dodane, Nowe produkty - produkty oznaczone jako nowe"
"All products","Wszystkie produkty"
"New products","Nowe produkty"
"Display Page Control","Pokazuj nawigację stron"
"Number of Products per Page","Ilość produktów na stronie"
"Number of Products to Display","Ilość produktów do pokazania"
Template,Szablon
"New Products Grid Template","Szablon siatki nowych produktów"
"New Products List Template","Szablon listy nowych produktów"
"New Products Images and Names Template","Nowe zdjęcia produktów i nazw szablonów"
"New Products Names Only Template","Szablon tylko nowych nazw produktów"
"New Products Images Only Template","Szablon tylko nowych zdjęć produktów"
"Cache Lifetime (Seconds)","Czas ważności cache (sekundy)"
"86400 by default, if not set. To refresh instantly, clear the Blocks HTML Output cache.","86400 domyślnie, jeśli nie jest ustawiona. Aby odświeżyć natychmiast, wyczyść pamięć podręczną Blocks HTML Output."
"Catalog Product Link","Link produktu"
"Link to a Specified Product","Link do wybranego produktu"
"Select Product...","Wybierz produkt..."
"Anchor Custom Text","Własny tekst kotwicy"
"If empty, we'll use the product name here.","Jeśli puste, wykorzystana zostanie nazwa produktu."
"Anchor Custom Title","Własny tytuł kotwicy"
"Product Link Block Template","Szablon blokowy linku produktu"
"Product Link Inline Template","Szablon liniowy linku produktu"
"Catalog Category Link","Link kategorii katalogu"
"Link to a Specified Category","Link do wybranej kategorii"
"Select Category...","Wybierz kategorię..."
"If empty, we'll use the category name here.","Jeśli puste, użyj nazwy kategorii tutaj."
"Category Link Block Template","Szablon bloku linku kategorii"
"Category Link Inline Template","Szablon linii linku kategorii"
"Recently Viewed Products","Ostatnio oglądane produkty"
"List of Products Recently Viewed by Visitor","Lista produktów ostatnio porównywanych przez odwiedzającego"
"UI Component","Komponent UI"
"Number of Products to display","Pokazywana liczba produktów"
"Product attributes to show","Atrybuty produktu do pokazania"
Image,Obrazek
"Learn More Link","Link Dowiedz się więcej"
"Buttons to show","Przycisk do wyświetlenia"
"Add to Wishlist","Dodaj do schowka"
"Viewed Products Grid Template","Szablon siatki oglądanych produktów"
"Viewed Products List Template","Szablon listy oglądanych produktów"
"Viewed Products Sidebar Template","Oglądane szablony pasków bocznych"
"Recently Compared Products","Ostatnio porównywane produkty"
"List of Products Recently Compared by Visitor","Lista produktów ostatnio porównywanych przez odwiedzającego"
"Compared Products Grid Template","Szablon siatki porównywanych produktów"
"Compared Products List Template","Szablon listy porównywanych produktów"
Set,Ustaw
"Category Information","Informacje o kategorii"
"Enable Category","Włącz kategorię"
"Include in Menu","Pokaż w menu"
"Category Image","Obraz kategorii"
"Add CMS Block","Dodaj blok CMS"
"Display Settings",Wyświetlanie
"Display Mode","Tryb wyświetlania"
Anchor,"Zakotwiczona (wyświetla filtry atrybutów)"
"Available Product Listing Sort By","Sortuj listę dostępnych produktów po"
"Use All","Użyj wszystkie"
"Default Product Listing Sort By","Sortuj listę domyślnych produktów po"
"Layered Navigation Price Step","Krok cen w nawigacji warstwowej"
"URL Key","Klucz URL"
"Meta Title","Meta tytuł"
"Meta Keywords","Słowa kluczowe"
"Meta Description","Opis strony META"
"Products in Category",Produkty
Theme,Temat
Layout,Układ
"Layout Update XML","XML aktualizacji układu"
"Apply Design to Products","Zastosuj projekt do produktów"
"Schedule Design Update","Harmonogram aktualizacji wyglądu"
"Product Image Watermarks","Znaki wodne produktu"
Base,Podstawa
"Allowed file types: jpeg, gif, png.","Dozwolone typy plików: jpeg, gif, png."
"Image Opacity","Przezroczystość obrazu"
"Example format: 200x300.","Przykładowy format: 200x300."
"Image Position","Położenie obrazu"
"Attribute Properties","Właściwości cechy"
"Attribute Label","Etykieta cechy"
"Catalog Input Type for Store Owner","Typ pola katalogu dla właściciela sklepu"
Values,Wartości
"Add this attribute to the list of column options in the product grid.","Dodaj ten atrybut do listy opcji kolumny w siatce produktu."
"Add this attribute to the list of filter options in the product grid.","Dodaj ten atrybut do listy opcji filtrowania w siatce produktu."
"Delete selected items?","Usunąć wybrane pozycje?"
"Delete items","Usuń pozycje"
"Change status","Zmień status"
"Update attributes","Aktualizuj cechy"
Overview,Podgląd
"Skip to the end of the images gallery","Przejdź na koniec galerii"
"Skip to the beginning of the images gallery","Przejdź na początek galerii"
"Recently Compared","Ostatnio porównywane"
"Add To Cart","Dodaj do koszyka"
"Add To Compare","Dodaj do porównania"
"Learn more","Dowiedz się więcej"
"Recently Viewed","Ostatnio oglądane"
"Save Category","Zapisz kategorię"
"Delete Category","Usuń kategorię"
"New Subcategory","Nowa podkategoria"
"New Root Category","Nowa kategoria główna"
"Set Root Category for Store","Ustaw kategorię główną dla sklepu"
"Custom Design","Projekt niestandardowy"
"Category Data","Kategoria Dane"
"Not shared with other products","Nie jest współdzielony z innymi produktami"
"Declare attribute value saving scope","Deklarowanie zakresu zapisywania wartości atrybutu"
"Depends on design theme","Zależy od motywu projektu"
"We saved the price alert subscription.","Zachowaliśmy subskrypcję alertu cenowego."
"We saved the stock notification.","Zachowaliśmy powiadomienie o zapasach."
"Images and Videos","Zdjęcia i filmy"
"Click here or drag and drop to add images.","Kliknij tutaj lub przeciągnij i upuść, aby dodać obrazy."
"There was a category move error. %1","Wystąpił błąd przeniesienia kategorii. %1"
"You moved the category","Przeniesiono kategorię"
"This product no longer exists.","Ten produkt już nie istnieje."
"We can't find the image file.","Nie możemy znaleźć pliku obrazu."
"productFactory is already set","productFactory jest już ustawiony"
"Could not save product option","Nie można zapisać opcji produktu"
"Product option with id %1 does not exist","Opcja produktu o id %1 nie istnieje"
"Are you sure you want to delete this category?","Czy na pewno usunąć tę kategorię?"
"Set root category for this store in the <a href=""%1"">configuration</a>.","Ustaw kategorię główną dla tego sklepu w <a href=""%1"">konfiguracji</a>."
"Manage Options (values of your attribute)","Zarządzaj opcjami (wartości atrybutu)"
"An attribute group named ""/name/"" already exists"".","Grupa atrybutów o nazwie ""/nazwa/"" już istnieje""."
"Close panel","Zamknięcie panelu"
"Allow Multiple Boxes for Shipping.","Zezwalaj na wysyłkę w wielu pudełkach."
"Watermark Default Size","Domyślny rozmiar znaku wodnego"
"Watermark Opacity, Percent","Krycie znaku wodnego, procent"
Watermark,"Znak wodny"
"Watermark Position","Pozycja znaku wodnego"
none,brak
"File validation failed.","Weryfikacja pliku nie powiodła się."
text,tekst
"Tier Price","Cena Poziomu"
"If your Magento site has multiple views, you can set the scope to apply to a specific view.","Jeśli witryna Magento ma wiele widoków, można ustawić zakres tak, aby dotyczył określonego widoku."
"Sort Products By","Sortuj produkty według"
"Default Product Sorting","Domyślne sortowanie produktów"
"Use Parent Category Settings","Użyj ustawień kategorii nadrzędnej"
"Page not found","Nie znaleziono strony"
"Full file path is expected.","Oczekiwana jest pełna ścieżka do pliku."
from,od
to,do
"The attribute couldn't be saved due to an error. Verify your information and try again. If the error persists, please try again later.","Atrybut nie mógł zostać zapisany z powodu błędu. Zweryfikuj informacje i spróbuj ponownie. Jeśli błąd nadal występuje, spróbuj ponownie później."
"The attribute couldn't be validated due to an error. Verify your information and try again. If the error persists, please try again later.","Atrybut nie mógł zostać zweryfikowany z powodu błędu. Zweryfikuj informacje i spróbuj ponownie. Jeśli błąd nadal występuje, spróbuj ponownie później."
"Tier prices data should be array, but actually other type is received","Dane cen poziomów powinny być tablicą, ale w rzeczywistości odbierany jest inny typ"
"Price indexer ""%1"" must implement %2 or %3","Indexer cen ""%1"" musi zaimplementować %2 lub %3"
"You added product %1 to the <a href=""%2"">comparison list</a>.","Dodano produkt %1 do <a href=""%2"">listy porównania produktów</a>."
"Maximum %1 characters","Maksymalna ilość znaków: %1"
remaining,pozostałe
"too many","zbyt wiele"
"Sending attribute values as package.","Wysyłanie wartości atrybutów jako pakiet."
"This value does not follow the specified format (for example, 200X300).","Ta wartość nie ma odpowiedniego formatu (na przykład 200X300)."
"Applies to category pages","Dotyczy stron kategorii"
"Remember Category Pagination","Pamiętaj o paginacji kategorii"
"Changing may affect SEO and cache storage consumption.","Zmiana może mieć wpływ na zużycie pamięci podręcznej i SEO."
"Images Upload Configuration","Konfiguracja przesyłania zdjęć"
Quality,Jakość
"Jpeg quality for resized images 1-100%.","Jakość Jpeg dla zmienionych obrazów 1-100%."
Cost,Koszt
"The ""%1"" attribute is required. Enter and try again.","Atrybut ""%1"" jest wymagany. Wprowadź i spróbuj ponownie."
"Attributes were missing and must be specified.","Brakowało atrybutów, które muszą zostać określone."
"The value of Admin must be unique. (%1)","Wartość Admin musi być unikalna. (%1)"
"The product was unable to be saved. Please try again.","Nie udało się zapisać produktu. Spróbuj ponownie."
"The value of the ""%1"" attribute isn't unique. Set a unique value and try again.","Wartość atrybutu ""%1"" nie jest unikalna. Ustaw unikalną wartość i spróbuj ponownie."
"The category doesn't contain the specified product.","Kategoria nie zawiera określonego produktu."
"The %1 value wasn't found in the algorithms.","Wartość %1 nie została znaleziona w algorytmach."
"The filters are invalid. Set them in an array and try again.","Filtry są nieprawidłowe. Ustaw je w tablicy i spróbuj ponownie."
"The product wasn't registered.","Produkt nie został zarejestrowany."
"The store wasn't registered. Verify the store and try again.","Sklep nie został zarejestrowany. Zweryfikuj sklep i spróbuj ponownie."
"The ""%1"" attribute value is empty. Set the attribute and try again.","Wartość atrybutu ""%1"" jest pusta. Ustaw atrybut i spróbuj ponownie."
"The attribute set couldn't be created because it's based on a non-product attribute set.","Zestaw atrybutów nie mógł zostać utworzony, ponieważ jest oparty na zestawie atrybutów innym niż produkt."
"The attribute set couldn't be created because it's based on a non-existing attribute set.","Zestaw atrybutów nie mógł zostać utworzony, ponieważ jest oparty na nieistniejącym zestawie atrybutów."
"The image content is invalid. Verify the content and try again.","Zawartość obrazu jest nieprawidłowa. Zweryfikuj zawartość i spróbuj ponownie."
"The product can't be saved.","Produkt nie może zostać zapisany."
"The new media gallery entry failed to save.","Nie udało się zapisać nowej galerii mediów."
"No image with the provided ID was found. Verify the ID and try again.","Nie znaleziono obrazu z podanym ID. Sprawdź ID i spróbuj ponownie."
"The product doesn't exist. Verify and try again.","Produkt nie istnieje. Sprawdź i spróbuj ponownie."
"The image doesn't exist. Verify and try again.","Obraz nie istnieje. Zweryfikuj i spróbuj ponownie."
"The image doesn't exist.","Obraz nie istnieje."
"The image type for the file is invalid. Enter the correct image type and try again.","Typ obrazu dla pliku jest nieprawidłowy. Wprowadź prawidłowy typ obrazu i spróbuj ponownie."
"The ""%1"" file couldn't be moved.","Nie można przenieść pliku ""%1""."
"The ProductSku is empty. Set the ProductSku and try again.","ProductSku jest puste. Ustaw ProductSku i spróbuj ponownie."
"The custom option couldn't be removed.","Opcja niestandardowa nie mogła zostać usunięta."
"The product's required option(s) weren't entered. Make sure the options are entered and try again.","Nie wprowadzono wymaganych opcji produktu. Upewnij się, że opcje zostały wprowadzone i spróbuj ponownie."
"The file options format is invalid. Use a correct format and try again.","Format opcji pliku jest nieprawidłowy. Użyj poprawnego formatu i spróbuj ponownie."
"The file ""%1"" is empty. Select another file and try again.","Plik ""%1"" jest pusty. Wybierz inny plik i spróbuj ponownie."
"The validation failed. Make sure the required options are entered and the file is uploaded, then try again.","Walidacja nie powiodła się. Upewnij się, że wymagane opcje zostały wprowadzone i plik został przesłany, a następnie spróbuj ponownie."
"The file was too big and couldn't be uploaded. Use a file smaller than %1 MBs and try to upload again.","Plik był zbyt duży i nie mógł zostać przesłany. Użyj pliku mniejszego niż %1 MB i spróbuj przesłać go ponownie."
"The required option wasn't entered. Enter the option and try again.","Nie wprowadzono wymaganej opcji. Wprowadź opcję i spróbuj ponownie."
"The file is empty. Select another file and try again.","Plik jest pusty. Wybierz inny plik i spróbuj ponownie."
"The text is too long. Shorten the text and try again.","Tekst jest zbyt długi. Skróć tekst i spróbuj ponownie."
"The product that was requested doesn't exist. Verify the product and try again. Row ID: SKU = %SKU, Store ID: %storeId, Price From: %priceFrom, Price To: %priceTo.","Żądany produkt nie istnieje. Zweryfikuj produkt i spróbuj ponownie. Identyfikator wiersza: SKU = %SKU, ID sklepu: %storeId, Cena od: %priceFrom, Cena do: %pryceTo."
"Tier price is unavailable for this product.","Cena poziomu jest niedostępna dla tego produktu."
"The tier_price data is invalid. Verify the data and try again.","Dane tier_price są nieprawidłowe. Zweryfikuj dane i spróbuj ponownie."
"The group price couldn't be saved.","Ceny grupowej nie udało się uratować."
"The data was invalid. Verify the data and try again.","Dane są nieprawidłowe. Zweryfikuj je i spróbuj ponownie."
"Values in the %1 attributes are invalid. Verify the values and try again.","Wartości w atrybutach %1 są nieprawidłowe. Zweryfikuj wartości i spróbuj ponownie."
"We can't create the ""%1"" writeable directory.","Nie możemy utworzyć katalogu ""%1"" do zapisu."
"The file upload failed. Try to upload again.","Przesyłanie pliku nie powiodło się. Spróbuj przesłać plik ponownie."
"The product has required options. Enter the options and try again.","Wymagane jest podanie opcji dla tego produktu. Uzupełnij i spróbuj ponownie."
"The group with the ""%1"" ID doesn't exist. Verify the ID and try again.","Nie znaleziono grupy z ID ""%1"". Sprawdź ID i spróbuj ponownie."
"The attribute group can't be deleted because it contains system attributes.","Grupa atrybutów nie może zostać usunięta, ponieważ zawiera atrybuty systemowe."
"The collection provider isn't registered.","Dostawca kolekcji nie jest zarejestrowany."
"The ""%1"" link type is unknown. Verify the type and try again.","Typ łącza ""%1"" jest nieznany. Sprawdź typ i spróbuj ponownie."
"The ""%1"" link type wasn't found. Verify the type and try again.","Nie znaleziono typu łącza ""%1"". Sprawdź typ i spróbuj ponownie."
"The linked products data is invalid. Verify the data and try again.","Dane powiązanych produktów są nieprawidłowe. Zweryfikuj je i spróbuj ponownie."
"The product that was requested doesn't exist. Verify the product and try again.","Żądany produkt nie istnieje. Zweryfikuj produkt i spróbuj ponownie."
"The Product with the ""%1"" SKU doesn't exist.","Produkt z SKU ""%1"" nie istnieje."
"The ""%1"" product couldn't be removed.","Produkt ""%1"" nie mógł zostać usunięty."
"Category with ID: %s doesn't exist","Kategoria o ID %s nie istnieje"
"Product Name or SKU","Nazwa produktu lub SKU"
"Start typing to find products","Rozpocznij wpisywanie, aby znaleźć produkty"
"Product with ID: %s doesn't exist","Produkt o ID %s nie istnieje"
"Processor %1 doesn't implement WysiwygConfigDataProcessorInterface. It will be skipped","Procesor %1 nie implementuje WysiwygConfigDataProcessorInterface. Zostanie pominięty"
"An item needs to be selected. Select and try again.","Przynajmniej jeden element musi zostać wybrany. Wybierz i spróbuj ponownie."
"Use Static URLs for Media Content in WYSIWYG","Zastosuj statyczne adresy URL dla multimediów w edytorze WYSIWYG"
"Media content will be inserted into the editor as a static URL. Media content is not updated if the system configuration base URL changes.","Treści graficzne będą wstawiane do edytora jako statyczne adresy URL. Treści graficzne nie są aktualizowane, jeśli bazowy adres URL jest zmieniony w konfiguracji."
"Default Layouts","Domyślne układy"
"Default Product Layout","Domyślny układ produktu"
"Default Category Layout","Domyślny układ kategorii"
"
                    Time in seconds between the widget updates.
                    <br/>If not set, equals to 86400 seconds (24 hours). To update widget instantly, go to Cache Management and clear Blocks HTML Output cache.
                    <br/>Widget will not show products that begin to match the specified conditions until cache is refreshed.
                ","
                    Czas w sekundach między aktualizacjami widżetu.
                    <br/>Jeśli nie ustawione, wynosi 86400 sekund (24 godziny). Aby natychmiast zaktualizować widżet, przejdź do zarządzania pamięcią podręczną i wyczyść pamięć podręczną HTML
                    <br/>Widżet nie pokaże produktów, które zaczynają odpowiadać określonym warunkom, dopóki pamięć podręczna nie zostanie odświeżona.
                "
"Text Editor input type requires WYSIWYG to be enabled in Stores > Configuration > Content Management.","Edytor tekstu wymaga włączenia WYSIWYG w: Sklepy > Konfiguracja > Zarządzanie treścią."
"Attribute code ""%1"" is invalid. Please use only letters (a-z or A-Z), numbers (0-9) or underscore(_) in this field, first character should be a letter.","Kod atrybutu ""%1"" jest nieprawidłowy. W tym polu należy używać wyłącznie liter (a-z lub A-Z), cyfr (0-9) lub podkreślenia(_), przy czym pierwszy znak powinien być literą."
"Edit Event","Edycja zdarzenia"
"Add Event","Dodaj wydarzenie"
Events,Zdarzenia
"Add Catalog Event","Dodaj zdarzenie katalogu"
"Back to Category","Powrót do kategorii"
"Edit Catalog Event","Edytuj zdarzenie katalogu"
"Catalog Event Information","Informacje o zdarzeniu katalogu"
Upcoming,Nadchodzące
Open,Otwarty
Closed,Zamknięty
"Display Countdown Ticker On","Wyświetlanie odliczania"
"Category Page","Strona kategorii"
"Product Page","Strona produktu"
"Coming Soon",Wkrótce
"Sale Ends In","Sprzedaż kończy się"
"You deleted the event.","Usunięto zdarzenie."
"New Event","Nowe zdarzenie"
"Something went wrong while saving this event.","Coś się zepsuło podczas zapisywania tego wydarzenia."
"We did not upload your image.","Nie przesłaliśmy twojego obrazu."
"You saved the event.","Zapisano zdarzenie."
"%1 is required.","%1 jest wymagane."
"Please make sure the end date follows the start date.","Upewnij się, że data końcowa następuje po dacie rozpoczęcia."
"Event for selected category","Zdarzenie dla wybranej kategorii"
"Lister Block","Blok listujący"
"This product is no longer on sale.","Ten produkt nie jest już w sprzedaży."
"Some of these products can no longer be sold.","Niektóre z tych produktów nie mogą być sprzedawane."
"Select Category","Wybierz kategorię"
Days,Dni
Hrs,godz
Mins,min
Sec,sek
"Preview Sale","Podgląd sprzedaży"
"Go To Sale","Przejdź do sprzedaży"
"View Sale","Zobacz sprzedaż"
"Catalog Events","Zdarzenia katalogu"
"Enable Catalog Events Functionality","Włącz funkcjonalność zdarzeń katalogu"
"Enable Catalog Event Widget on Storefront","Włącz widget wydarzeń katalogu na stronie"
"Number of Events to be Displayed in Event Slider Widget","Liczba zdarzeń, które mają być wyświetlane w przypadku widżetu karuzeli"
"You can override this default value in CMS using the limit=""x"" variable. Leave empty for no limitation.","Można zastąpić tę domyślną wartość w CMS zmienając zmienną limit=""x"". Pozostaw puste żeby usunąć ograniczenia."
"Events to Scroll per Click in Event Slider Widget","Ilość zdarzeń przesuwanych po kliknięciu w widżet karuzeli zdarzeń"
"You can override this default value in CMS using the limit=""x"" variable.","Można zastąpić tę domyślną wartość w CMS zmienając zmienną limit=""x""."
"Catalog Events Carousel","Karuzela zdarzeń katalogu"
"List all open Catalog Events as a Paginated Carousel","Lista wszystkich otwartych zdarzeń katalogów jako karuzela"
"Frame Size","Rozmiar ramki"
"Number of Items to display at once","Liczba elementów wyświetlanych na raz"
Scroll,Przewijanie
"Number of Items to scroll per click","Liczba elementów przewijanym po kliknięciu"
"Block Custom Width","Niestandardowa szerokość bloku"
"If empty, we'll automatically set the width value in pixels.","Jeśli puste, automatycznie ustawimy szerokość w pikselach."
"Catalog Events Carousel Default Template","Domyślny szablon karuzeli zdarzeń katalogu"
"Category ID","ID kategorii"
Start,Początek
End,Koniec
"Countdown Ticker",Odliczanie
"Edit Event...","Edytuj wydarzenie..."
"Add Event...","Dodaj zdarzenie..."
"Concrete type for %1 not implemented","Typ betonu dla %1 nie został zaimplementowany"
"Missing key %1 in product data","Brakuje klucza %1 w danych produktu"
"""model"" value should be specified","wartość ""model"" musi być określona"
"""path"" value should be specified","wartość ""path"" musi być określona"
"currentPage value %1 specified is greater than the number of pages available.","obecny numer strony %1 jest większy niż dostępna ilość stron."
"""id for category should be specified","""id danej kategorii musi być określone"
"No child sku found for product link.","Brak podrzędnych sku dla produktu."
"'search' or 'filter' input argument is required.","Uzupełnienie argumentu 'search' lub 'filter' jest wymagane."
"SimpleProduct type not defined in schema.","Typ Prostego Produktu nie jest zdefiniowany w schemacie."
"'category_id' only supports 'eq' condition type.","'category_id' wspiera tylko typ warunku 'eq'."
"Cannot resolve layered filter type","Nie można określić typu filtra warstwowego"
"Cannot resolve type","Nie można określić typu"
"Category doesn't exist","Kategoria nie istnieje"
"""image_type"" value should be specified","Wartość ""image_type"" musi być określona"
"currentPage value %1 specified is greater than the %2 page(s) available.","obecny numer strony %1 jest większy niż dostępna ilość stron %2."
"There are no product types available for export.","Brak rodzajów produktów możliwych do eksportu."
"'Entity type model must be an instance of ' .","'Typ modelu musi być instancją ' ."
"Wrong attribute set code ""%1"", please correct it and try again.","Nieprawidłowy kod zestawu atrybutów ""%1"", popraw go i spróbuj ponownie."
"Category ""%1"" has not been created.","Kategoria ""%1"" nie została utworzona."
"File directory '%1' is not readable.","Katalog '%1' nie jest ustawiony do odczytu."
"File directory '%1' is not writable.","Katalog '%1' nie jest ustawiony do zapisu."
"Value for 'price' sub attribute in 'store' attribute contains incorrect value","Wartość atrybutu 'cena' w 'sklep' zawiera nieprawidłową wartość"
"Value for 'type' sub attribute in 'custom_options' attribute contains incorrect value, acceptable values are: 'dropdown', 'checkbox'","Wartość dla podatrybutu 'type' w atrybucie 'custom_options' zawiera nieprawidłową wartość, dopuszczalne wartości to: 'dropdown', 'checkbox'"
"Please enter a value for title.","Wprowadź wartości dla tytułu."
"Value for 'price' sub attribute in 'custom_options' attribute contains incorrect value","Wartość atrybutu 'cena' w 'custom_options' zawiera nieprawidłową wartość"
"Value for 'maximum characters' sub attribute in 'custom_options' attribute contains incorrect value","Wartość atrybutu 'Maksymalna znaków' w 'custom_options' zawiera nieprawidłową wartość"
"Value for 'sort order' sub attribute in 'custom_options' attribute contains incorrect value","Wartość atrybutu 'cena' w 'custom_options' zawiera nieprawidłową wartość"
"Value for 'value price' sub attribute in 'custom_options' attribute contains incorrect value","Wartość atrybutu 'cena' w 'custom_options' zawiera nieprawidłową wartość"
"This name is already being used for custom option. Please enter a different name.","Ta nazwa jest już używana dla niestandardowych opcji. Podaj inną nazwę."
"Custom options have different types.","Niestandardowe opcje mają różne typy."
"Every option entity must have a parent product entity.","Każda opcja musi mieć obiekt produktu nadrzędnego."
"Please correct the parameters.","Proszę poprawić parametry."
"File '%1' was not found or has read restriction.","Plik '%1' nie został znaleziony lub posiada ograniczenie odczytu."
"Entity type model must be an instance of Magento\CatalogImportExport\Model\Import\Product\Type\AbstractType","Model typu podmiotu musi być instancją typu Magento\CatalogImportExport\Model\Import\Product\Type\AbstractType"
"Entity type model must be an instance of '%1'","Model typu jednostki musi być instancją ""%1"
"Disallowed file type.","Niedozwolony typ pliku."
"Value for multiselect attribute %s contains duplicated values","Wartość dla atrybutu multiselect %s zawiera zduplikowane wartości"
"Invalid Stock data for insert","Nieprawidłowe dane magazynowe do wstawienia"
"Value for 'type' sub attribute in 'custom_options' attribute contains incorrect value, acceptable values are: %1","Wartość dla podatrybutu 'type' w atrybucie 'custom_options' zawiera nieprawidłową wartość, dopuszczalne wartości to: %1"
"Minimum Qty","Minimalna ilość"
"Add Minimum Qty","Dodaj minimalną ilość"
"Could not rebuild index for empty products array","Nie można odbudować indeksu do pustej tablicy produktów"
"The stock item for Product is not valid.","Pozycja magazynowa dla produktu jest nieprawidłowa."
"This product is out of stock.","Ten produkt jest niedostępny na magazynie."
"Some of the products are out of stock.","Niektóre produkty nie są obecnie na magazynie."
"The stock item for Product in option is not valid.","Jednostka ilości dla produktu w opcji nie jest poprawna."
"Undefined product type","Niezdefiniowany rodzaj produktu"
"%1 is not a correct comparison method.","%1 nie jest poprawną metodą porównania."
"No Backorders","Bez rezerwacji"
"Allow Qty Below 0","Zezwól na ilość mniejszą od 0"
"Allow Qty Below 0 and Notify Customer","Zezwól na ilość mniejszą od 0 i powiadom klienta"
"Unable to save Stock Item","Nie można zapisać pozycji magazynowej"
"Stock Item with id ""%1"" does not exist.","Pozycja magazynowa o id ""%1"" nie istnieje."
"Unable to remove Stock Item with id ""%1""","Nie można usunąć pozycji zapasów o identyfikatorze ""%1"""
"Unable to save Stock","Nie można zapisać zapasów"
"Stock with id ""%1"" does not exist.","Zapas o id ""%1"" nie istnieje."
"Unable to remove Stock with id ""%1""","Nie można usunąć stanu o identyfikatorze ""%1"""
"Unable to save Stock Status","Nie można zapisać stanu zapasów"
"Unable to remove Stock Status for product %1","Nie można usunąć stanu magazynowego dla produktu %1"
"Invalid stock id: %1. Only default stock with id %2 allowed","Nieprawidłowy identyfikator towaru: %1. Dozwolony jest tylko domyślny zapas o identyfikatorze %2"
"Invalid stock item id: %1. Should be null or numeric value greater than 0","Nieprawidłowy identyfikator pozycji magazynowej: %1. Powinno być null lub wartość numeryczna większa niż 0"
"Invalid stock item id: %1. Assigned stock item id is %2","Nieprawidłowy identyfikator pozycji magazynowej: %1. Przypisany identyfikator pozycji magazynowej to %2"
"Not all of your products are available in the requested quantity.","Nie wszystkie produkty są dostępne w żądanej ilości."
"The fewest you may purchase is %1.","Najmniej, ile możesz zakupić to %1."
"Please correct the quantity for some products.","Proszę poprawić ilość dla niektórych produktów."
"The most you may purchase is %1.","Maksymalna kwota zakupu wynosi %1."
"We don't have as many ""%1"" as you requested.","Nie mamy tylu ""%1"", o ile prosiłeś."
"We don't have as many ""%1"" as you requested, but we'll back order the remaining %2.","Nie mamy tyle ""%1"", ile zamawiasz, jednak zarezerwujemy pozostałe %2."
"We don't have ""%1"" in the requested quantity, so we'll back order the remaining %2.","Nie mamy ""%1"" w żądanej ilości, więc zarezerwujemy pozostałe %2."
"You can buy %1 only in quantities of %2 at a time.","Możesz kupić %1 tylko w ilościach po %2 na raz."
"You can buy this product only in quantities of %1 at a time.","Możesz kupić ten produkt tylko w ilościach po %1 na raz."
"Decimal qty increments is not allowed.","Dziesiętne przyrosty ilości nie są dozwolone."
"Stock Status","Stan magazynowy"
"%1 is available to buy in increments of %2","%1 jest do kupienia w przyrostach co %2"
"Only %1 left","Tylko %1 pozostał"
"Product availability","Dostępność produktu"
"Inventory Section","Sekcja stanów magazynowych"
"Stock Options","Opcje stanów"
"Decrease Stock When Order is Placed","Zmniejsz stan magazynowy po złożeniu zamówienia"
"Set Items' Status to be In Stock When Order is Cancelled","Ustaw status produktu na Dostępny kiedy zamówienie zostanie anulowane"
"Display Out of Stock Products","Pokazuj produkty, których brak w magazynie"
"Products will still be shown by direct product URLs.","Produkt będzie nadla widoczny pod bezpośrednim podanym adresem."
"Only X left Threshold","Przedział do pozostało X produktów"
"Display Products Availability in Stock on Storefront","Pokazuj dostępność produktów w sklepie"
"Product Stock Options","Opcje stanów magazynowych"
"Please note that these settings apply to individual items in the cart, not to the entire cart.","Pamiętaj, że te ustawienia odnoszą się do pojedynczych pozycji w koszyku, a nie do całego koszyka."
"Automatically Return Credit Memo Item to Stock","Automatycznie zwróć produkt z faktury korygującej do magazynu"
Stock,Zapasy
"Index stock","Indeksuj stany"
"Display products availability in stock on Storefront.","Wyświetlanie dostępności produktów w magazynie w witrynie Storefront."
"Use Deferred Stock Update","Użyj odroczonej aktualizacji zapasów"
"Changing can take some time due to processing whole catalog.","Zmiana może zająć trochę czasu ze względu na przetwarzanie całego katalogu."
"The Product stock item is invalid. Verify the stock item and try again.","Pozycja magazynowa produktu jest nieprawidłowa. Zweryfikuj pozycję magazynową i spróbuj ponownie."
"The stock item was unable to be saved. Please try again.","Nie udało się zapisać pozycji magazynowej. Spróbuj ponownie."
"The stock item with the ""%1"" ID wasn't found. Verify the ID and try again.","Pozycja magazynowa o identyfikatorze ""%1"" nie została znaleziona. Zweryfikuj identyfikator i spróbuj ponownie."
"The stock was unable to be saved. Please try again.","Nie udało się zapisać akcji. Spróbuj ponownie."
"The stock with the ""%1"" ID wasn't found. Verify the ID and try again.","Nie znaleziono zapasów o identyfikatorze ""%1"". Zweryfikuj identyfikator i spróbuj ponownie."
"The stock status was unable to be saved. Please try again.","Nie udało się zapisać stanu magazynowego. Spróbuj ponownie."
"The ""%1"" value is invalid for stock ID. Enter stock with a default value of %2 to try again.","Wartość ""%1"" jest nieprawidłowa dla identyfikatora magazynu. Wprowadź zapas z domyślną wartością %2, aby spróbować ponownie."
"The ""%1"" value is invalid for stock item ID. Enter either zero or a number than zero to try again.","Wartość ""%1"" jest nieprawidłowa dla identyfikatora pozycji magazynowej. Wprowadź zero lub liczbę większą od zera, aby spróbować ponownie."
"The ""%1"" value is invalid for stock item ID. Use the stock item ID's assigned ""%2"" value and try again.","Wartość ""%1"" jest nieprawidłowa dla identyfikatora pozycji magazynowej. Użyj wartości ""%2"" przypisanej do identyfikatora pozycji magazynowej i spróbuj ponownie."
"The Product with the ""%1"" SKU doesn't exist.","Produkt o jednostce SKU ""%1"" nie istnieje."
"The requested qty is not available","Żądana ilość nie jest dostępna"
"Quantity increments can't use decimals. Enter a new increment and try again.","Przyrosty ilości nie mogą używać ułamków dziesiętnych. Wprowadź nowy przyrost i spróbuj ponownie."
"""model"" value should be specified","Należy określić wartość ""model"""
"New Permission","Nowe uprawnienie"
"You already have a permission with this scope.","Masz już uprawnienia z tego zakresu."
(Allow),(Zezwalaj)
(Deny),(Zabroń)
"Category Permissions","Uprawnienia do kategorii"
"Browsing Category","Przeglądanie kategorii"
"Display Product Prices","Wyświetlanie cen produktów"
"No, Redirect to Landing Page","Nie, przekieruj do strony docelowej"
"Permission with the same scope","Uprawnienie o tym samym zakresie"
"You may need more permissions to access this category.","Potrzebujesz uprawnień do dostępu do tej kategorii."
"You may need more permissions to access this product.","Potrzebujesz więcej uprawnień do dostępu do tego produktu."
"You cannot add ""%1"" to the cart.","Nie można dodać ""%1"" do koszyka."
"Permissions do not depend on store views.","Uprawnienia nie zależą od widoku sklepu."
"All Customer Groups","Wszystkie grupy klientów"
Allow,Zezwól
Deny,Zabroń
"Use parent","Użyj nadrzędnego"
"Category Permissions Section","Sekcja uprawnień kategorii"
"<strong style=""color:red"">Warning!</strong> By default this feature restricts all categories.","<strong style=""color:red"">Ostrzeżenie! </strong> Domyślnie ta funkcja ogranicza wszystkie kategorie."
"Allow Browsing Category","Zezwalaj na przeglądanie kategorii"
"Landing Page","Strona docelowa"
"Allow Adding to Cart","Umożliwia dodawanie do koszyka"
"Disallow Catalog Search By","Zablokuj przeszukiwanie katalogów względem"
"Catalog Category Permissions","Uprawnienia do katalogu kategorii"
"Indexed permissions for categories","Indeksowane uprawnienia dla kategorii"
"Catalog Product Permissions","Uprawnienia do katalogu produktów"
"Indexed permissions for products","Indeksowane uprawnienia dla produktów"
"Delete Rule","Usuń regułę"
"Save and Apply","Zapisz i zastosuj"
"Catalog Price Rule","Reguły cenowe katalogu"
"Add New Rule","Dodaj regułę"
"Apply Rules","Zastosuj reguły"
Conditions,Warunki
"Conditions (don't add conditions if rule is applied to all products)","Warunki (nie dodawaj warunków, jeśli reguła jest zastosowana do wszystkich produktów)"
Promotions,Promocje
"We found updated rules that are not applied. Please click ""Apply Rules"" to update your catalog.","Znaleźliśmy zaktualizowane reguły, które nie zostały zastosowane. Kliknij ""Zastosuj reguły"", aby zaktualizować katalog."
"We can't apply the rules.","Nie możemy zastosować podanych reguł."
"You deleted the rule.","Możesz usunąć regułę."
"We can't delete this rule right now. Please review the log and try again.","Nie możemy teraz usunąć reguły. Przejrzyj dziennik i spróbuj ponownie."
"We can't find a rule to delete.","Nie możemy odnaleźć reguły do usunięcia."
"New Catalog Price Rule","Nowa reguła cen w katalogu"
"Edit Rule","Edytuj regułę"
"New Rule","Nowa reguła"
"You saved the rule.","Zapisałeś regułę."
"Something went wrong while saving the rule data. Please review the error log.","Coś się zepsuło podczas zapisywania danych reguły. Przejrzyj logi błędów."
Promo,Promocja
"Unable to save rule %1","Nie można zapisać reguły %1"
"Rule with specified ID ""%1"" not found.","Nie znaleziono reguły o określonym ID ""%1""."
"Unable to remove rule %1","Nie można usunąć reguły %1"
"Catalog rule indexing failed. See details in exception log.","Indeksowanie reguły katalogu nie powiodła się. Zobacz szczegóły w dzienniku wyjątków."
"Percentage discount should be between 0 and 100.","Zniżka procentowa powinno zawierać się między 0 i 100."
"Discount value should be 0 or greater.","Wartość znizki powinno być 0 lub większa."
"Unknown action.","Nieznane działanie."
"Update the Product","Aktualizuj produkt"
"Rule price","Reguła ceny"
"To Fixed Value","Do stałej wartości"
"To Percentage","Do wartości procentowej"
"By Fixed value","O stałą wartość"
"By Percentage","O wartość procentową"
"Update product's %1 %2: %3","Aktualizacja produktu %1 %2: %3"
"Apply as percentage of original","Zastosowanie jako procent oryginału"
"Apply as fixed amount","Zastosowanie jako stała kwota"
"Adjust final price to this percentage","Dostosuj cenę końcową do tego procentu"
"Adjust final price to discount value","Dostosuj cenę końcową na wartość rabatu"
"Conditions Combination","Kombinacja warunków"
"Product Attribute","Cecha produktu"
"Updated rules applied.","Zaktualizowane reguły zostały zastosowane."
"You disabled %1 Catalog Price Rules based on ""%2"" attribute.","Wyłączono %1, katalog cena zasad w oparciu o atrybut ""%2""."
"Catalog Rule Product","Produkt reguły katalogu"
"Indexed rule/product association","Indeksowane powiązanie reguła/produkt"
"Catalog Product Rule","Reguła produktu katalogu"
"Indexed product/rule association","Indeksowane powiązanie produkt/reguła"
"Rule Information","Informacje o regule"
"Rule Name","Nazwa reguły"
Priority,Priorytet
"Discard subsequent rules","Odrzuć kolejne reguły"
"Edit Rule '%1'","Edytuj regułę ""%1"
"Pricing Structure Rules","Zasady struktury cenowej"
"Subproduct discounts","Rabaty na podprodukty"
"Wrong rule specified.","Podano nieprawidłową regułę."
"Undefined condition type ""%1"" passed in.","Przekazano niezdefiniowany typ warunku ""%1""."
"Undefined SQL operator ""%1"" passed in. Valid operators are: %2","Przekazano niezdefiniowany operator SQL ""%1"". Poprawne operatory to: %2"
"Undefined rule operator ""%1"" passed in. Valid operators are: %2","Przekazano niezdefiniowany operator reguły ""%1"". Poprawne operatory to: %2"
"Undefined rule aggregator ""%1"" passed in. Valid operators are: %2","Przekazano niezdefiniowany agregator reguł ""%1"". Poprawne operatory to: %2"
"The ""%1"" rule was unable to be saved. Please try again.","Nie udało się zapisać reguły ""%1"". Spróbuj ponownie."
"The rule with the ""%1"" ID wasn't found. Verify the ID and try again.","Nie znaleziono reguły o identyfikatorze ""%1"". Zweryfikuj identyfikator i spróbuj ponownie."
"The ""%1"" rule couldn't be removed.","Nie można było usunąć reguły ""%1""."
"Future Update in this time range already exists. Select a different range to add a new Future Update.","Future Update w tym zakresie czasu już istnieje. Wybierz inny zakres, aby dodać nową aktualizację Future Update."
"Smth went to exception","Smth udał do wyjątków"
"Scheduled Changes","Planowane zmiany"
"Update Information","Informacje o aktualizacji"
"Remove Catalog Price Rule from Update","Usunąć regułę katalogu cen z aktualizacji"
"Schedule Update","Harmonogram aktualizacji"
"Update Name","Zaktualizowana nazwa"
"Save as a New Update","Zapisz jako nową aktualizację"
"Move to Another Update","Przenieść do innej aktualizacji"
"Delete the Update","Usuń aktualizację"
"The catalog price rule will be removed from the update and all scheduled changes will be lost.","Reguła cen koszyka zostanie usunięta z aktualizacji, a wszystkie zaplanowane zmiany zostaną utracone."
"End Time","Czas zakończenia"
"Catalog Price Rules","Reguły cenowe katalogu"
"Remove Catalog Price Rule from Campaign","Usuń regułę ceny z kampanii"
"Future Update End Time cannot be equal or earlier than Start Time.","Czas zakończenia przyszłej aktualizacji nie może być równy ani wcześniejszy niż czas rozpoczęcia."
"Move to Another Campaign","Przejdź do innej kampanii"
"Deleting the update will remove the catalog price rule from this campaign and all scheduled changes will be lost.","Usunięcie aktualizacji spowoduje usunięcie reguły ceny katalogowej z tej kampanii, a wszystkie zaplanowane zmiany zostaną utracone."
"Future Update already exists in this time range. Set a different range and try again.","Usługa Future Update już istnieje w tym zakresie czasu. Ustaw inny zakres i spróbuj ponownie."
"Catalog Advanced Search","Zaawansowane wyszukiwanie w katalogu"
"Advanced Search Results","Wyniki wyszukiwania zaawansowanego"
"Search Weight","Waga wyszukiwania"
Relevance,Znaczenie
"Search results for: '%1'","Wyniki wyszukiwania dla: '%1'"
"Minimum Search query length is %1","Minimalna długość zapytania wynosi %1"
"Search term is empty","Wyszukiwane hasło jest puste"
"Please specify at least one search term.","Podaj co najmniej jedno wyszukiwane hasło."
"%1 and greater","%1 i więcej"
"up to %1","do %1"
". "" which is inconsistent with state of scope resolver""",". "" co jest niezgodne ze stanem resolwera zakresu"""
"Sorry, something went wrong. You can find out more in the error log.","Przepraszamy, coś poszło nie tak. Więcej informacji można znaleźć w dzienniku błędów."
"Bucket does not exist","Wiadro nie istnieje"
"Search Settings","Ustawienia wyszukiwania"
"Advanced Search","Wyszukiwanie zaawansowane"
"<strong>%1 item</strong> were found using the following search criteria","<strong>%1 produktów</strong> zostało znalezionych przy pomocy następujących kryteriów"
"<strong>%1 items</strong> were found using the following search criteria","<strong>%1 produktów</strong> zostało znalezionych przy pomocy następujących kryteriów"
"We can't find any items matching these search criteria.","Nie znajdujemy żadnych elementów spełniających te kryteria wyszukiwania."
"Modify your search.","Zmodyfikuj swoje zapytanie."
"Don't see what you're looking for?","Nie możesz znaleźć tego czego szukasz?"
"Your search returned no results.","Brak wyników wyszukiwania."
"Catalog Search",Wyszukiwanie
"Popular Search Terms","Popularne wyszukiwane frazy"
"Minimal Query Length","Minimalna długość zapytania"
"Maximum Query Length","Maksymalna długość zapytania"
"Number of top search results to cache","Liczba najlepszych wyników wyszukiwania do buforowania"
"Rebuild Catalog product fulltext search index","Przebuduj fultekstowy indeks produktów katalogu"
"Bucket do not exists","Wiadro nie istnieje"
"Modify your search","Modyfikowanie wyszukiwania"
"Test Exception","Wyjątek testowy"
"Please enter a valid price range.","Proszę wprowadzić poprawny zakres cen."
"Number of popular search terms to be cached for faster response. Use “0” to cache all results after a term is searched for the second time.","Liczba popularnych wyszukiwanych haseł, które mają być buforowane w celu szybszej odpowiedzi. Użyj ""0"", aby buforować wszystkie wyniki po drugim wyszukiwaniu terminu."
"Enable EAV Indexer","Włącz indeksator EAV"
"Enter a search term and try again.","Wprowadź wyszukiwane hasło i spróbuj ponownie."
"An error occurred. For details, see the error log.","Wystąpił błąd. Szczegółowe informacje można znaleźć w dzienniku błędów."
"The bucket doesn't exist.","Wiadro nie istnieje."
"Deprecation Notice","Powiadomienie o wycofaniu"
"Autocomplete Limit","Limit autouzupełniania"
"Invalid attribute %fieldName = %fieldValue.","Nieprawidłowy atrybut %fieldName = %fieldValue."
"The requested price is not found.","Nie można odnaleźć żądanej ceny."
"Update %1 from %2 to %3.","Aktualizacja %1 z %2 do %3."
View/Edit,Wyświetl/Edytuj
Preview,Podgląd
"Set Product as New","Ustaw produkt jako nowy"
"Sort Products By","Sortuj produkty wg"
"Default Product Sorting","Domyślnie sortowanie produktów"
"New Theme","Nowy temat"
"The category will be removed from the update and all scheduled changes will be lost.","Kategoria zostanie usunięta z aktualizacji i wszystkie zaplanowane zmiany zostaną utracone."
"Remove Product from Update","Usuń produkt z aktualizacji"
"The product will be removed from the update and all scheduled changes will be lost.","Produkt zostanie usunięty z aktualizacji i wszystkie zaplanowane zmiany zostaną utracone."
"Currently Active","Aktualnie aktywne"
Path,Ścieżka
"Remove Category from Campaign","Usuń kategorię z kampanii"
"Deleting the update will remove the page from this campaign and all scheduled changes will be lost.","Usunięcie aktualizacji spowoduje usunięcie strony z tej kampanii, a wszystkie zaplanowane zmiany zostaną utracone."
"Remove Product from Campaign","Usuń produkt z kampanii"
"Deleting the update will remove the product from this campaign and all scheduled changes will be lost.","Usunięcie aktualizacji spowoduje usunięcie produktu z tej kampanii, a wszystkie zaplanowane zmiany zostaną utracone."
"Problem with creating product update.","Problem z utworzeniem aktualizacji produktu."
"Create Permanent Redirect for old URL","Utwórz przekierowanie dla poprzedniego klucza URL"
"Invalid URL key","Błędny klucz URL"
"Category URL Suffix","Sufiks URL kategorii"
"You need to refresh the cache.","Musisz odświeżyć pamięć podręczną."
"Product URL Suffix","Sufiks URL produktu"
"Use Categories Path for Product URLs","Użyj ścieżek kategorii dla adresów produktów"
"Create Permanent Redirect for URLs if URL Key Changed","Utwórz stałe przekierowanie dla adresów jeśli klucz URL sie zmienił"
"Please choose a condition to add.","Wybierz warunek do dodania."
"Catalog Products List","Lista produktów"
"List of Products","Lista produktów"
"Products Grid Template","Szablon Siatek Produktów"
"
                    Time in seconds between the widget updates.
                    <br/>If not set, equals to 86400 seconds (24 hours). To update widget instantly, go to Cache Management and clear Blocks HTML Output cache.
                    <br/>Widget will not show products that begin to match the specified conditions until cache is refreshed.
                ","
                    Czas w sekundach między aktualizacjami widżetu.
                    <br/>Jeśli nie jest ustawiony, wynosi 86400 sekund (24 godziny). Aby zaktualizować widżet natychmiast, przejdź do Zarządzania pamięcią podręczną i wyczyść pamięć podręczną Wyjście HTML bloków.
                    <br/>Widget nie będzie pokazywał produktów, które zaczną pasować do określonych warunków, dopóki pamięć podręczna nie zostanie odświeżona.
                "
"Invalid method: %1","Nieprawidłowa metoda: %1"
State/Province,Województwo/Region
"My Cart (1 item)","Koszyk (1)"
"My Cart (%1 items)","Koszyk (%1)"
"My Cart","Mój koszyk"
"For delivery questions.","Dla pytań o dostawę."
"Customer is already registered","Klient jest już zarejestrowany"
"Your session has expired","Twoja sesja wygasła"
"A letter with further instructions will be sent to your email.","Mail z dalszymi instrukcjami zostanie wysłany na Twój adres e-mail."
"You added %1 to your shopping cart.","Dodano %1 do koszyka."
"We can't find the quote item.","Nie można znaleźć produktu oferty."
"We cannot configure the product.","Nie możemy skonfigurować produktu."
"You used coupon code ""%1"".","Użyty kod kuponu ""%1""."
"You canceled the coupon code.","Kod kuponu został anulowany."
"We cannot apply the coupon code.","Nie jest możliwe zastosowanie tego kodu kuponu."
"We can't remove the item.","Nie można usunąć produktu."
"%1 was updated in your shopping cart.","%1 został zaktualizowany w Twoim koszyku."
"We can't update the item right now.","Obecnie nie można zaktualizować elementu."
"We can't update the shopping cart.","Nie jest możliwe zaktualizowanie koszyka."
"One-page checkout is turned off.","Proces zakupu na jednej stronie jest wyłączony."
"Guest checkout is disabled.","Możliwość składania zamówień przez użytkowników niezalogowanych jest wyłączona."
Checkout,Zamówienie
"Please agree to all the terms and conditions before placing the order.","Prosimy zatwierdzić warunki zamówienia przed jego złożeniem."
"Something went wrong while processing your order. Please try again later.","Coś poszło nie tak, jak powinno podczas przetwarzania Twojego zamówienia. Prosimy spróbować ponownie później."
"%1 doesn't extend \Magento\Checkout\CustomerData\ItemInterface","%1 nie rozszerza \Magento\Checkout\CustomerData\ItemInterface"
"Payment Method","Metoda płatności"
"Payment Page","Strona płatności"
"We can't find the product.","Produkt nie został odnaleziony."
"We found an invalid request for adding product to quote.","Znaleźliśmy błędne polecenia dodania produktu do zapytania."
"The product does not exist.","Produkt nie istnieje."
"We don't have some of the products you want.","Nie posiadamy kilku produktów, których potrzebujesz."
"We don't have as many of some products as you want.","Nie posiadamy takiej ilości produktów, jakiej oczekujesz."
"Quantity was recalculated from %1 to %2","Ilość została przeliczona z %1 do %2"
"We adjusted product quantities to fit the required increments.","Dostosowaliśmy ilości produktów do wymaganych przyrostów."
"This quote item does not exist.","Ten element w koszyku nie istnieje."
"Display number of items in cart","Wyświetlaj ilość produktów w koszyku"
"Display item quantities","Wyświetlaj ilości produktów"
"An error occurred on the server. Please try to place the order again.","Wystąpił błąd na serwerze. Spróbuj ponownie złożyć zamówienie."
"Shipping address is not set","Adres dostawy nie jest ustawiony"
"Unable to save shipping information. Please check input data.","Nie udało się zapisać informacji o dostawie. Proszę o sprawdzenie wpisanych danych."
"Carrier with such method not found: %1, %2","Nie odnaleziono dostawcy i jego formy dostawy: %1, %2"
"Shipping method is not applicable for empty cart","Metoda dostawy nie jest stosowana dla pustego koszyka"
" item"," pozycja"
" items"," produkty"
"Totals calculation is not applicable to empty cart","Obliczanie sumy nie jest stosowane do pustego koszyka"
"Invalid data","Nieprawidłowe dane"
"The customer address is not valid.","Adres klienta nie jest prawidłowy."
"Invalid shipping method","Nieprawidłowa metoda dostawy"
"There are more than one shipping addresses.","Istnieje więcej niż jeden adres dostawy."
"Sorry, guest checkout is not available.","Przepraszamy, opcja zamówienia bez logowania jest niedostępna."
"You must confirm your account. Please check your email for the confirmation link or <a href=""%1"">click here</a> for a new link.","Musisz potwierdzić swoje konto. Proszę sprawdzić pocztę, czy przyszedł link potwierdzający lub <a href=""%1""> kliknij tutaj,</a> aby wysłać nowy link."
"Load customer quote error","Błąd wczytywania zapytania klienta"
"Error message!","Komunikat o błędzie!"
Error!,Błąd!
"DB exception","Wyjątek bazy danych"
"Print receipt","Wydrukuj paragon"
"Apply Discount Code","Zastosuj kod rabatowy"
"Enter discount code","Wprowadź kod rabatowy"
"Apply Discount","Zastosuj zniżkę"
"Cancel Coupon","Anuluj kupon"
"Continue Shopping","Kontynuuj zakupy"
"Clear Shopping Cart","Opróżnij koszyk"
"Update Shopping Cart","Przelicz koszyk"
"Update Cart","Przelicz koszyk"
"Edit item parameters","Edytuj parametry elementu"
"You have no items in your shopping cart.","Nie posiadasz produktów w koszyku."
"Click <a href=""%1"">here</a> to continue shopping.","Kliknij <a href=""%1"">tutaj</a>, aby kontynuować zakupy."
"Estimate Tax","Oszacuj podatek"
"Estimate Shipping and Tax","Oszacuj koszt dostawy i podatku"
"Order #","Zamówienie #"
"Proceed to Checkout","Przejdź do kasy"
"Your order number is: %1.","Numer zamówienia: %1."
"Your order # is: <span>%1</span>.","Numer Twojego zamówienia to: <span>%1</span>."
"We'll email you an order confirmation with details and tracking info.","Zostanie wysłany e-mail z potwierdzeniem zamówienia oraz informacje umożliwiające śledzenie przesyłki."
"Payment Transaction Failed Reminder","Przypomnienie o nieudanej płatności"
"Payment Transaction Failed","Płatność nie powiodła się"
Reason,Powód
"Checkout Type","Typ zamówienia"
Customer:,Klient:
Total:,Łącznie:
"Billing Address:","Adres rozliczeniowy:"
"Shipping Address:","Adres dla dostawy:"
"Shipping Method:","Metoda dostawy:"
"Payment Method:","Metoda płatności:"
"Date & Time:","Data i czas:"
"Sign In","Zaloguj się"
"Email Address","Adres e-mail"
"Forgot Your Password?","Nie pamiętasz hasła?"
"My billing and shipping address are the same","Mój adres rozliczeniowy oraz adres dostawy są takie same"
Update,Aktualizuj
"Save in address book","Zapisz w książce adresowej"
"Estimated Total","Szacowana łączna kwota"
"You can create an account after checkout.","Możesz utworzyć konto po złożeniu zamówienia."
"You already have an account with us. Sign in or continue as guest.","Aktualnie posiadasz już konto w naszym sklepie. Zaloguj się lub kontynuuj zamówienie bez logowania."
Login,Logowanie
"See Details","Zobacz szczegóły"
"Options Details","Szczegóły opcji"
"Cart Subtotal","Suma częściowa"
"No Payment method available.","Brak dostępnych metod płatności."
"You can track your order status by creating an account.","Jeżeli założysz konto, możesz śledzić status swojego zamówienia."
"Forgot an Item?","Chcesz coś jeszcze dodać?"
"Edit Your Cart","Edytuj koszyk"
"Ship Here","Wyślij tutaj"
"Ship To:","Dostawa do:"
edit,edytuj
"Order Summary","Podsumowanie zamówienia"
"View and Edit Cart","Zobacz i edytuj koszyk"
"Field ","Pole "
" is required."," jest wymagane."
"Provided Zip/Postal Code seems to be invalid.","Wprowadzony kod pocztowy wygląda na nieprawidłowy."
" Example: "," Przykład: "
"If you believe it is the right one you can ignore this notice.","Jeśli uważasz, że jest to właściwe, możesz zignorować ten wpis."
"New Address","Nowy adres"
"Are you sure you would like to remove this item from the shopping cart?","Czy na pewno chcesz usunąć ten produkt z koszyka?"
"Review & Payments","Podsumowanie i płatność"
"Select a new payment method","Wybierz nową metodę płatności"
"Save Address","Zapisz adres"
"Please specify a shipping method.","Prosimy o wybór metody dostawy."
"Checkout Options","Opcje zamówienia"
"Enable Onepage Checkout","Włącz składanie zamówienia na jednej stronie"
"Allow Guest Checkout","Zezwól na zamówienia składane przez niezalogowanych"
"Display Billing Address On","Wyświetl adres rozliczeniowy na"
"Maximum Number of Items to Display in Order Summary","Maksymalna liczba elementów do wyświetlenia w podsumowaniu zamówienia"
"Quote Lifetime (days)","Czas przechowywania zawartości koszyka (dni)"
"After Adding a Product Redirect to Shopping Cart","Po dodaniu produktu przekieruj do koszyka"
"Number of Items to Display Pager","Liczba elementów do wyświetlenia stronicowania"
"My Cart Link","Link do mojego koszyka"
"Display Cart Summary","Wyświetl podsumowanie koszyka"
"Shopping Cart Sidebar","Koszyk w pasku bocznym"
"Display Shopping Cart Sidebar","Wyświetlaj koszyk w pasku bocznym"
"Number of Items to Display Scrollbar","Liczba elementów do wyświetlenia paska przewijania"
"Maximum Number of Items to Display","Maksymalna liczba wyświetlanych elementów"
"Payment Failed Emails","E-maile o nieudanej płatności"
"Payment Failed Email Sender","Nadawca e-maila o nieudanej płatności"
"Payment Failed Email Receiver","Odbiorca e-maila o nieudanej płatności"
"Payment Failed Template","Szablon e-mail nieudanej płatności"
"Email template chosen based on theme fallback when ""Default"" option is selected.","Szablon e-mail oparty na opcji rezerwowej szablonu po wybraniu opcji ""Domyślna""."
"Send Payment Failed Email Copy To","Wyślij kopię e-mail o nieudanej płatności do"
"Separate by "","".","Oddzielone za pomocą "",""."
"Send Payment Failed Email Copy Method","Metoda wysyłki kopii e-mail o nieudanej płatności"
"Order Total","Suma zamówienia"
"Shipping Address","Adres wysyłki"
"We'll send your order confirmation here.","Na ten adres wyślemy potwierdzenie zamówienia."
Payment,Płatność
"Not yet calculated","Jeszcze nie obliczone"
"We received your order!","Otrzymaliśmy zamówienie!"
"Thank you for your purchase!","Dziękujemy za złożenie zamówienia!"
"Minimum order amount is %1","Minimalna wielkość zamówienia to %1"
"Unable to save address. Please, check input data.","Nie udało się zapisać adresu. Proszę, sprawdź wpisane dane."
"Unable to save shipping information. Please, check input data.","Nie udało się zapisać informacji o dostawie. Proszę o sprawdzenie wpisanych danych."
"Cart contains virtual product(s) only. Shipping address is not applicable.","Koszyk zawiera tylko produkty wirtualne. Adres dostawy nie ma zastosowania."
"Wrong minimum amount.","Niepoprawna minimalna ilość."
"<a href=""%1"" onclick=""this.target='_blank'"" class=""print"">Print receipt</a>","<a href=""%1"" onclick=""this.target='_blank'"" class=""print"">Drukuj paragon</a>"
"Forgot Password","Zapomniane hasło"
item,produkt
items,produkty
"Go to Checkout","Przejdź do kasy"
"Recently added item(s)","Ostatnio dodane produkty"
"View and edit cart","Zobacz i edytuj koszyk"
"No Payment Methods","Brak metod płatności"
"Shipping Methods","Metody dostawy"
"Select Method","Wybierz metodę"
"Method Title","Nazwa metody"
"Carrier Title","Nazwa przewoźnika"
"Sorry, no quotes are available for this order at this time","Przepraszamy, obecnie żadna metoda dostawy nie jest dostępna dla tego zamówienia"
"Item in Cart","Produkt w koszyku"
"Items in Cart","Produkty w koszyku"
"Require Customer To Be Logged In To Checkout","Wymaga zalogowania klienta do złożenia zamówienia"
"Maximum Display Recently Added Item(s)","Maksymalna ilość wyświetlanych ostatnio dodanych produktów"
of,z
"Something went wrong while saving the page. Please refresh the page and try again.","Wystąpił błąd podczas zapisywania strony. Odśwież stronę i spróbuj ponownie."
"You added %1 to your <a href=""%2"">shopping cart</a>.","Dodałeś %1 do <a href=""%2"">koszyka</a>."
"Please select at least one product to add to cart","Wybierz co najmniej jeden produkt do dodania do koszyka"
"The quote item isn't found. Verify the item and try again.","Element oferty nie został znaleziony. Zweryfikuj produkt i spróbuj ponownie."
"The product wasn't found. Verify the product and try again.","Produkt nie został znaleziony. Zweryfikuj produkt i spróbuj ponownie."
"A server error stopped your order from being placed. Please try to place your order again.","Błąd serwera uniemożliwił złożenie zamówienia. Spróbuj ponownie złożyć zamówienie."
"The shipping address is missing. Set the address and try again.","Brakuje adresu dostawy. Ustaw adres i spróbuj ponownie."
"The shipping information was unable to be saved. Verify the input data and try again.","Nie można zapisać informacji o dostawie. Sprawdź wprowadzone dane i spróbuj ponownie."
"The shipping method can't be set for an empty cart. Add an item to cart and try again.","Nie można ustawić metody dostawy dla pustego koszyka. Dodaj produkt do koszyka i spróbuj ponownie."
"Something went wrong with your request. Please try again later.","Coś się poszło nie tak, jak powinno podczas przetwarzania zadania. Prosimy spróbować ponownie później."
"The shipping method is missing. Select the shipping method and try again.","Brak metody dostawy. Wybierz metodę dostawy i spróbuj ponownie."
"Show Cross-sell Items in the Shopping Cart","Pokaż produkty krzyżowe w koszyku"
"Please specify a regionId in shipping address.","Proszę sprecyzować region w adresie dostawy."
"Terms and Conditions","Zasady składania zamówień"
"Add New Condition","Dodaj nowy warunek"
"Save Condition","Zapisz warunek"
"Delete Condition","Usuń warunek"
"Edit Terms and Conditions","Edytuj zasady składania zamówień"
"New Terms and Conditions","Nowe warunki składania zamówienia"
"Terms and Conditions Information","Informacje o warunku"
"Condition Name","Nazwa warunku"
"Show Content as","Pokaż zawartość jako"
Applied,Zastosowano
"Checkbox Text","Tekst pola do zaznaczenia"
"Content Height (css)","Wysokość zawartości (css)"
"Content Height","Wysokość zawartości"
Condition,"Stan produktu"
Sales,Sprzedaż
"Checkout Conditions","Warunki zamówienia"
"Checkout Terms and Conditions","Warunki składania zamówienia"
"This condition no longer exists.","Ten warunek już nie istnieje."
"You deleted the condition.","Usunąłeś konfigurację."
"Something went wrong  while deleting this condition.","Coś się zepsuło podczas usuwania tej konfiguracji."
"Edit Condition","Edytuj warunek"
"New Condition","Nowy warunek"
"You saved the condition.","Konfiguracja została zapisana."
"Something went wrong while saving this condition.","Coś się zepsuło podczas zapisywania tej konfiguracji."
Automatically,Automatycznie
Manually,Ręcznie
"Please agree to all the terms and conditions before placing the order.","Prosimy o zaakceptowanie wszystkich warunków przed złożeniem zamówienia."
"Unable to save checkout agreement %1","Nie można zapisać umowy realizacji zakupu %1"
"Unable to remove checkout agreement %1","Nie można usunąć umowy %1"
"Checkout agreement with specified ID ""%1"" not found.","Nie znaleziono umowy realizacji zakupu o określonym identyfikatorze ""%1""."
"Terms & Conditions",Regulamin
"Enable Terms and Conditions","Włącz warunki sprzedaży"
"The order wasn't placed. First, agree to the terms and conditions, then try placing your order again.","Zamówienie nie zostało złożone. Najpierw zaakceptuj regulamin, a następnie spróbuj ponownie złożyć zamówienie."
"The ""%1"" checkout agreement couldn't be saved.","Umowa kasy ""%1"" nie mogła zostać zapisana."
"The ""%1"" checkout agreement couldn't be removed.","Nie można było usunąć umowy kasy ""%1""."
"A checkout agreement with the ""%1"" specified ID wasn't found. Verify the ID and try again.","Nie znaleziono umowy realizacji zakupu z określonym identyfikatorem ""%1"". Zweryfikuj identyfikator i spróbuj ponownie."
"Preview mode doesn't allow submitting the order.","Tryb podglądu nie pozwala na złożenie zamówienia."
"Preview Quote Lifetime (minutes)","Czas życia (w minutach) zawartości koszyka w podglądzie"
"The order can't be submitted in preview mode.","Zamówienia nie można złożyć w trybie podglądu."
"Static Blocks","Bloki statyczne"
"Add New Block","Dodaj blok"
"Delete Block","Usuń blok"
"Save Block","Zapisz blok"
Identifier,Identyfikator
"Manage Pages","Zarządzanie stronami"
"Add New Page","Dodaj stronę"
"Delete Page","Usuń stronę"
"Save Page","Zapisz stronę"
Created,Utworzono
Modified,Zmodyfikowano
"Media Storage","Składowanie mediów"
"Create Folder...","Utwórz folder..."
"Delete Folder","Usuń folder"
"Delete File","Usuń plik"
"Insert File","Wstaw plik"
"New Folder Name:","Nazwa nowego folderu:"
"Are you sure you want to delete this folder?","Czy na pewno chcesz usunąć ten folder?"
"Are you sure you want to delete this file?","Czy na pewno chcesz usunąć ten plik?"
"Images (%1)","Obrazki (%1)"
"Storage Root","Baza składowania"
"You deleted the block.","Usunąłeś blok."
"We can't find a block to delete.","Nie możemy odnaleźć bloku do usunięcia."
"This block no longer exists.","Ten blok już nie istnieje"
"Edit Block","Edytuj blok"
"New Block","Nowy blok"
Blocks,Bloki
"You saved the block.","Blok zapisany."
"Something went wrong while saving the block.","Coś poszło nie tak podczas zapisywania tego bloku"
"The page has been deleted.","Strona została usunięta."
"We can't find a page to delete.","Nie możemy odnaleźć strony do usunięcia."
"This page no longer exists.","Ta strona już nie istnieje"
"Edit Page","Edytuj stronę"
"New Page","Nowa strona"
Pages,Strony
"Something went wrong while saving the page.","Coś się zepsuło podczas zapisywania strony."
"A total of %1 record(s) have been disabled.","W sumie %1 rekordy zostały wyłączone."
"A total of %1 record(s) have been enabled.","W sumie %1 rekordy zostały wyłączone."
"Page Title","Tytuł strony"
"To apply changes you should fill in hidden required ""%1"" field","Aby zastosować zmiany należy wypełnić ukryte wymagane pole ""%1"""
"You saved the page.","Strona została zapisana."
"Directory %1 is not under storage root path.","Katalog %1 jest w ścieżce katalogu głównego magazynu."
"The directory %1 is not writable by server.","Katalog %1 nie jest zapisywalny przez serwer."
"Make sure that static block content does not reference the block itself.","Upewnij się, że zawartość bloków statycznych nie odwołuje się do bloku."
"CMS Block with id ""%1"" does not exist.","Blok CMS o identyfikatorze ""%1"" nie istnieje."
"Enabled by Default","Włączone domyślnie"
"Disabled by Default","Wyłączone domyślnie"
"Disabled Completely","Wyłączone kompletnie"
"This identifier is reserved for ""CMS No Route Page"" in configuration.","Ten identyfikator jest zarezerwowany dla ""CMS Brak Strony"" w konfiguracji."
"This identifier is reserved for ""CMS Home Page"" in configuration.","Ten identyfikator jest zarezerwowany dla ""CMS Strona główna"" w konfiguracji."
"This identifier is reserved for ""CMS No Cookies Page"" in configuration.","Ten identyfikator jest zarezerwowany dla ""Pliki cookie na stronie CMS "" w konfiguracji."
"Could not save the page: %1","Nie można zapisać strony: %1"
"CMS Page with id ""%1"" does not exist.","Strona CMS o id ""%1"" nie istnieje."
"Could not delete the page: %1","Nie można usunąć strony: %1"
"A block identifier with the same properties already exists in the selected store.","Identyfikator bloku o tych samych właściwościach już istnieje w wybranym sklepie."
"The page URL key contains capital letters or disallowed symbols.","Klucz URL strony zawiera wielkie litery lub niedozwolone symbole."
"The page URL key cannot be made of only numbers.","Klucz URL strony nie może składać się z samych liczb."
"Please rename the folder using only letters, numbers, underscores and dashes.","Zmień nazwę folderu, używając tylko liter, cyfr, podkreśleń i myślników."
"We found a directory with the same name. Please try another folder name.","Znaleźliśmy katalog o tej samej nazwie. Spróbuj inną nazwę folderu."
"We cannot create a new directory.","Nie możemy utworzyć nowego katalogu."
"We cannot delete directory %1.","Nie możemy usunąć katalogu %1."
"We can't upload the file right now.","Nie możemy teraz wgrać pliku."
"We can't delete root directory %1 right now.","Nie możemy teraz usunąć głównego katalogu %1."
"Privacy and Cookie Policy","Polityka prywatności i pliki cookie"
"Error message","Komunikat o błędzie"
LocalizedException,"Zlokalizowany wyjątek"
RuntimeException,"Wyjątek RuntimeException"
Exception,Wyjątek
"Could not create a directory.","Nie można utworzyć katalogu."
"Are you sure you want to delete a %1 record?","Czy na pewno chcesz usunąć rekord ""%1""?"
View,Zobacz
"No files found","Nie znaleziono plików"
"We could not detect a size.","Nie mogliśmy wykryć rozmiaru."
"Media Gallery","Galeria multimediów"
"Content Management","Zarządzanie treścią"
"CMS Home Page","Strona główna CMS"
"CMS No Route Page","Strona CMS Brak przekierowania"
"CMS No Cookies Page","Strona CMS Brak cookie"
"Show Breadcrumbs for CMS Pages","Pokaż ścieżki powrotu (okruszki) dla stron CMS"
"Browser Capabilities Detection","Wykrywanie możliwości przeglądarki"
"Redirect to CMS-page if Cookies are Disabled","Przekieruj do strony CMS jeśli cookies są wyłączone"
"Show Notice if JavaScript is Disabled","Pokaż komunikat jeśli JavaScript jest wyłączony"
"Show Notice if Local Storage is Disabled","Pokaż informację jeśli lokalna baza danych jest niedostępna"
"WYSIWYG Options","Opcje WYSIWYG"
"Enable WYSIWYG Editor","Włącz edytor"
"CMS Page Link","Link strony CMS"
"Link to a CMS Page","Link do strony CMS"
"CMS Page","Strona CMS"
"Select Page...","Wybierz stronę..."
"If empty, the Page Title will be used","Tytuł strony zostanie użyty, jeśli puste"
"CMS Page Link Block Template","Szablon blokowy linku strony CMS"
"CMS Page Link Inline Template","Szablon liniowy linku strony CMS"
"CMS Static Block","Blok statyczny CMS"
"Contents of a Static Block","Zawartość bloku statycznego"
Block,Blok
"Select Block...","Wybierz blok..."
"CMS Static Block Default Template","Domyślny szablon blokowy statycznego bloku CMS"
"General Information",Ogólne
"Enable Block","Włącz blok"
"Block Title","Tytuł bloku"
"Are you sure you want to delete selected items?","Czy na pewno chcesz usunąć wszystkie zaznaczone towary?"
"Page Information","Informacje o stronie"
"Enable Page","Włącz stronę"
"Content Heading","Nagłowek treści"
"Page in Websites","Strona w stronach internetowych"
"Custom Design Update","Własne zmiany w projekcie"
"New Layout","Nowy układ"
"Custom design from","Własne zmiany od"
"Custom design to","Własne zmiany do"
"Custom Theme","Indywidualny motyw graficzny"
"Custom Layout","Indywidualny układ"
"Edit Block '%1'","Edytuj blok ""%1"
"Edit Page '%1'","Edytuj stronę ""%1"
"Page Layout","Układ strony"
"Custom Design From","Niestandardowy projekt od"
"Custom Design To","Niestandardowy projekt do"
"Custom Layout Update XML","Aktualizacja układu niestandardowego XML"
"Relative to Web Site Base URL","Względem podstawowego adresu URL strony internetowej"
"Page Status","Status strony"
"Meta Data",Metadane
Keywords,"Słowa kluczowe"
"You saved this page.","Ta strona została zapisana."
"Could not create directory.","Nie można utworzyć katalogu."
"Delete ${ $.$data.title }","Usuń ${ $.$data.title }"
"Are you sure you wan't to delete a ${ $.$data.title } record?","Czy na pewno nie chcesz usunąć rekordu ${ $.$data.title }?"
"Delete ""${ $.$data.title }""","Usuń ""${ $.$data.title }"""
"Are you sure you wan't to delete a ""${ $.$data.title }"" record?","Czy na pewno nie chcesz usunąć rekordu ""${ $.$data.title }""?"
"Are you sure you wan't to delete selected items?","Czy na pewno chcesz usunąć wybrane elementy?"
"File validation failed.","Walidacja pliku nie powiodła się."
"Are you sure you wan't to delete a %1 record?","Czy na pewno chcesz usunąć rekord %1?"
"Search Engine Optimisation","Optymalizacja pod kątem wyszukiwarek"
"Save & Duplicate","Zapisz i powiel"
"Delete Selected","Usuń zaznaczone"
"Create Folder","Utwórz folder"
"You duplicated the block.","Blok został zduplikowany."
"You duplicated the page.","Strona została zduplikowana."
"The CMS block with the ""%1"" ID doesn't exist.","Blok CMS o identyfikatorze ""%1"" nie istnieje."
"The CMS page with the ""%1"" ID doesn't exist.","Strona CMS o identyfikatorze ""%1"" nie istnieje."
"The page URL key can't use capital letters or disallowed symbols. Remove the letters and symbols and try again.","Klucz adresu URL strony nie może używać wielkich liter lub niedozwolonych symboli. Usuń litery i symbole i spróbuj ponownie."
"The page URL key can't use only numbers. Add letters or words and try again.","Klucz adresu URL strony nie może używać tylko cyfr. Dodaj litery lub słowa i spróbuj ponownie."
"Upload Images","Przesyłanie obrazów"
"Default Page Layout","Domyślny układ strony"
"WYSIWYG Editor","Edytor WYSIWYG"
"""identifiers"" of CMS blocks should be specified","Należy określić ""identyfikatory"" bloków CMS"
"""Page id should be specified","""Należy określić identyfikator strony"
"The block will be removed from the update and all scheduled changes will be lost.","Blok zostanie usunięty z aktualizacji, a wszystkie zaplanowane zmiany zostaną utracone."
"Remove CMS page from Update","Usuń stronę CMS z Aktualizacji"
"Search Engine Optimisation","Optymalizacja dla wyszukiwarek"
"The page will be removed from the update and all scheduled changes will be lost.","Strona zostanie usunięta z aktualizacji, a wszystkie zaplanowane zmiany zostaną utracone."
"CMS Pages","Strony CMS"
"CMS Blocks","Bloki CMS"
"Remove CMS block from Campaign","Usuń blok CMS z kampanii"
"Deleting the update will remove the block from this campaign and all scheduled changes will be lost.","Usunięcie aktualizacji spowoduje usunięcie bloku z tej kampanii, a wszystkie zaplanowane zmiany zostaną utracone."
"Remove CMS page from Campaign","Usuń stronę CMS z kampanii"
"Remove CMS Page from Campaign","Usuń stronę CMS z kampanii"
"Remove CMS Block from Campaign","Usuń blok CMS z kampanii"
"Delete Customer","Usuń tego klienta"
"Delete Company","Usuń tę firmę"
Companies,Firmy
"Add New Company","Dodaj nową firmę"
(me),(ja)
"Company Name:","Nazwa firmy:"
"Company Legal Name:","Nazwa prawna firmy:"
"Company Email:","Adres mailowy firmy:"
"VAT/TAX ID:",Regon/NIP:
"Re-seller ID:","ID Sprzedawcy:"
"Street Address:",Adres:
City:,Miasto:
Country:,Kraj:
State/Province:,Województwo:
"ZIP/Postal Code:","Kod pocztowy:"
"Phone Number:","Numer telefonu:"
"Job Title:",Zawód:
"Email Address:","Adres email:"
Prefix:,Tytuł:
"First Name:",Imię:
"Middle Name/Initial:","Drugie imię:"
"Last Name:",Nazwisko:
Suffix:,Przyrostek:
Gender:,Płeć:
Duplicated,Duplikat
"Company Structure","Struktura firmy"
"New Company","Nowa firma"
"Thank you! We're reviewing your request and will contact you soon","Dziękujemy! Zajmujemy się Twoją prośbą i niedługo się do Ciebie odezwiemy."
"An error occurred on the server. Your changes have not been saved.","Na serwerze wystąpił błąd. Twoje zmiany nie zostały zapisane."
"Create New Company","Stwórz nową firmę"
"A total of %1 record(s) were updated.","(%1) wpisów zostało zaktualizowanych."
"Something went wrong. Please try again later.","Coś poszło nie tak. Proszę spróbować później."
"Invalid value of ""%value"" provided for the email field.","W polu wiadomości email podano nieprawidłową wartość ""%value""."
"Invalid value ""%value"" given for the website ID field.","Nieprawidłowa wartość ""%value"" podana dla pola identyfikatora witryny."
"You have deleted company %companyName.","Usunąłeś firmę %companyName."
"The company no longer exists.","Firma już nie istnieje."
"The requested company is not found","Nie można znaleźć firmy."
"can not be saved","Nie można zachować."
"A total of %1 record(s) were deleted.","Usunięto %1 wpis(ów)."
"Could not save company","Nie można zachować firmy"
"You have saved company %companyName.","Zapisałeś firmę %companyName."
"You have created company %companyName.","Utworzyłeś firmę %companyName."
"A user with this email address already exists in the system. If you proceed, the user will be linked to your company.","Użytkownik z tym adresem email już istnieje w systemie. Jeżeli będziesz kontynuować, użytkownik zostanie powiązany z Twoją firmą."
"A user with this email address is already a member of your company.","Użytkownik o tym adresie email jest już członkiem twojej organizacji."
"A user with this email address already exists in the system. Enter a different email address to create this user.","Użytkownik o tym adresie email już istnieje w systemie. Wprowadź inny adres email celem stworzenia nowego użytkownika."
"You are not allowed to do this.","Nie wolno Ci tego zrobić."
"Cannot create the customer.","Nie mogę stworzyć tego klienta."
"The customer was successfully created.","Klient został utworzony."
"You cannot delete yourself.","Nie możesz usunąć własnego użytkownika."
"Cannot delete this user.","Nie można usunąć użytkownika."
"The customer was successfully deleted.","Klient został usunięty."
"The customer was successfully updated.","Klient został zaktualizowany."
"Company Profile","Profil Firmy"
"The changes you made on the company profile have been successfully saved.","Zmiany dokonane w profilu firmy zostały zapisane."
"You must fill in all required fields before you can continue.","Wypełnij wszystkie wymagane pola, żeby przejść dalej."
"Bad Request","Błędne zapytanie"
"You have deleted role %companyRoleName.","Rola %companyRoleName została usunięta."
"Add New Role","Dodaj rolę"
"Edit Role","Edytuj rolę"
"Roles and Permissions","Role i uprawnienia"
"The tree retrieved successfully.","Drzewo zostało pomyślnie pobrane."
"The item was successfully moved.","Element został pomyślnie przesunięty."
"The team was successfully deleted.","Zespół został poprawnie usunięty."
"The team was successfully updated.","Zespół został poprawnie zaktualizowany."
"The team was successfully created.","Zespół został poprawnie utworzony."
"Company Users","Użytkownicy firmy"
"A customer with the same email already assigned to company.","Klient z tym samym adresem e-mail jest już przypisany do firmy."
"Pending Approval","Oczekuje na zatwierdzenie"
Rejected,Odrzucone
Blocked,Zablokowany
"The company admin cannot be moved to a different location in the company structure.","Administrator firm nie może być przeniesiony do innej pozycji w strukturze firmy."
"A user or a team cannot be moved under itself.","Użytkownik lub zespół nie może zostać przesunięty pod siebie samego."
"A user or a team cannot be moved under its child user or team.","Użytkownik lub zespół nie może zostać przeniesiony w ramach podrzędnego użytkownika lub zespołu."
"The specified parent ID belongs to a different company. The specified entity (team or user) and its new parent must belong to the same company.","Określony identyfikator nadrzędny należy do innej firmy. Określony podmiot (zespół lub użytkownik) i jego nowy rodzic muszą należeć do tej samej firmy."
"Unable to move customer structure.","Nie można przenieść struktury klientów."
"Cannot delete company with id %1","Nie można usunąć firmy z id %1"
"No company admin email is specified in request.","Adres email firmy nie został zdefiniowany w żądaniu."
"No company admin website ID is specified in request.","W żądaniu nie podano identyfikatora strony administratora firmy."
"No such entity with id = %idValue","Brak takiego podmiotu o id = %idValue"
"The user %1 is the company admin and cannot be set to inactive. You must set another user as the company admin first.","Użytkownik %1 jest administratorem firmy, dlatego nie może zostać ustawić jako nieaktywny. Aby kontynuować wybierz innego użytkownika jako administrator firmy."
"You cannot update the requested attribute. Row ID: %fieldName = %fieldValue.","Nie można zaktualizować żądanego atrybutu. Identyfikator wiersza: %fieldName = %fieldValue."
"Invalid attribute value. Cannot change company for a company admin.","Nieprawidłowa wartość atrybutu. Nie można zmienić przypisanej firmy administratorowi firmy."
"Company admin","Administrator firmy"
"Company user","Użytkownik firmy"
"Individual user","Indywidualny użytkownik"
"Unable to set ""allow"" for the resource because its parent resource(s) is set to ""deny"".","Nie można ustawić opcji ""zezwalaj"" dla zasobu, ponieważ jego zasób(y) nadrzędny(e) ma(ją) ustawioną opcję ""odmawiaj""."
"Invalid login or password.","Nieprawidłowa nazwa użytkownika lub hasło."
"This account is locked.","To konto jest zablokowane."
"Your account is not yet approved. If you have questions, please contact the seller.","Twoje konto nie zostało jeszcze potwierdzone. Jeśli masz pytania, proszę skontaktuj się z doradcą."
"There was an error saving custom attributes.","Wystąpił błąd podczas zapisywania atrybutów niestandardowych."
"Invalid value of ""%value"" provided for the %fieldName field.","Nieprawidłowa wartość ""%value"" przewidziana polu %fieldname."
"""%fieldName"" is required. Enter and try again.","Pole ""%fieldName"" jest wymagane. Uzupełnij i spróbuj ponownie."
"No such entity with %fieldName = %fieldValue","Nie znaleziono %fieldName = %fieldValue"
"This role cannot be deleted because users are assigned to it. Reassign the users to another role to continue.","Rola nie może zostać usunięta, ponieważ są przypisani do niej użytkownicy. Przypisz użytkowników do innej roli aby kontynuować."
"You cannot delete a role when it is the only role in the company. You must create another role before deleting this role.","Nie można usunąć roli, która jest jedyną rolą w firmie. Przed usunięciem tej roli utwórz nową rolę."
"User role with this name already exists. Enter a different name to save this role.","Rola użytkownika o takiej samej nazwie już istnieje. Wprowadź inna nazwę aby zapisać rolę."
"Cannot delete role with id %1","Nie można usunąć roli z id %1"
"Type %1 is not an instance of %2","%1 nie jest instancją %2"
"The selected user is inactive. To continue, select another user or activate the current user.","Wybrany użytkownik jest nieaktywny. Aby kontynuować, aktywuj użytkownika lub wybierze innego użytkownika."
"This customer is a user of a different company. Enter a different email address to continue.","Wskazany klient jest przypisanym użytkownikiem innej firmy. Aby kontynuować wprowadź inny adres email."
"Company with this email address already exists in the system. Enter a different email address to continue.","Firma o tym adresie email już istnieje w systemie. Aby kontynuować wprowadź inny adres email."
"Invalid attribute value. Rejected date&time and Rejected Reason can be changed only when a company status is changed to Rejected.","Nieprawidłowa wartość atrybutu. Datę i godzinę odrzucenia oraz powód odrzucenia można zmienić tylko wtedy, gdy status firmy zostanie zmieniony na Odrzucony."
"Could not save company: %1","Nie można zapisać firmy: %1"
"Cannot delete structure with id %1","Nie można usunąć struktury z id %1"
"Could not create team","Nie można utworzyć zespołu"
"This team has child users or teams aligned to it and cannot be deleted. Please re-align the child users or teams first.","Zespół nie może zostać usunięty, ponieważ posiada przypisanych użytkowników lub powiązane inne zespoły. Przed usunięciem przeorganizuj użytkowników lub zespoły."
"Could not update team","Nie można zaktualizować zespołu"
"Cannot delete team with id %1","Nie można usunąć zespołu o id %1"
"You cannot assign a different role to a company admin.","Nie można przypisać innej roli do administratora firmy."
"You cannot assign multiple roles to a user.","Nie można przypisać użytkownikowi wielu ról."
"Cannot delete the company admin. Delete operation has been stopped. Please repeat the action for the other customers.","Nie można usunąć użytkownika, który jest administratorem firmy. Operacja usuwania została wstrzymana. Spróbuj ponownie dla innego użytkownika."
"Something went wrong","Coś poszło nie tak"
"This customer company account is blocked and customer cannot place orders.","Konto użytkownika firmy zostało zablokowane i nie ma możliwości składania zamówień."
"The consumer isn't authorized to access resource.","Konsument nie ma uprawnień dostępu do zasobu."
" - Duplicated"," - Duplikat"
"Exception message","Komunikat wyjątku"
phrase,fraza
"Localized Exception.","Zlokalizowanie wyjątku."
"Error message","Komunikat błędu"
"No such entity.","Nie ma takiego podmiotu."
"error message","komunikat błędu"
"Could not save role","Nie udało się zapisać roli"
"""%fieldName"" is required. Enter and try again.""%fieldName"" is required. Enter and try again.","""%fieldName"" jest wymagane. Wprowadź i spróbuj ponownie.""%fieldName"" jest wymagane. Wprowadź i spróbuj ponownie."
"Cannot delete team","Nie można usunąć zespołu"
"Role Name","Nazwa roli"
"Role Name 15","Nazwa roli 15"
Duplicate,Duplikuj
"Company Name","Nazwa firmy"
"Customer Type:","Typ klienta:"
Company:,Firma:
"Company Information","Dane firmy"
"Company Legal Name","Nazwa prawna firmy"
"Company Email","Adres e-mailowy firmy"
"VAT/TAX ID",Regon/NIP
"Re-seller ID","ID Sprzedawcy"
"Legal Address","Adres siedziby"
"Please select a region, state or province.","Wybierz województwo lub region."
"Phone Number","Numer telefonu"
"Company Administrator","Administrator firmy"
"Job Title",Zawód
"New Company Account","Nowe konto firmowe"
"If you represent a company, you will want to use our company account area. Creating a company account provides all company members with access to B2B features like quoting, company users management, quick order, and more.","Jeśli reprezentujesz firmę, będziesz chciał skorzystać z naszego obszaru konta firmowego. Utworzenie konta firmowego zapewnia wszystkim członkom firmy dostęp do funkcji B2B, takich jak wycena, zarządzanie użytkownikami firmy, szybkie zamówienia i wiele innych."
"Create a Company Account","Utwórz konto firmowe"
"Business Structure","Struktura organizacji"
"Add User","Dodaj użytkownika"
"Add Team","Dodaj zespół"
"Edit Selected","Edytuj zaznaczone"
"User Role","Rola użytkownika"
"Team Title","Nazwa zespołu"
"You don't have a company account yet.","Nie posiadasz jeszcze konta firmowego."
"VAT/TAX ID: ","Regon/NIP: "
"Re-seller ID: ","ID sprzedawcy:"
"You have no other address entries in your address book.","Nie masz innych wpisów adresów w swojej książce adresowej."
Contacts,Kontakty
"Role Information","Informacje o roli"
"Role Permissions","Uprawnienia roli"
"Save Role","Zapisz rolę"
"Add New User","Dodaj użytkownika"
"Create an Account","Utwórz konto"
"This action will replace your Company Admin.","Ta akcja zastąpi administratora firmy."
"* Your latest changes on the company profile have not been saved yet.","* Ostatnie zmiany w profilu firmy nie zostały jeszcze zapisane."
"Dear %name,","Witaj %name,"
"You have been assigned to <a href=""%customer_url"">%company_name</a> as the Company Admin.","Zostałeś przypisany do <a href=""%customer_url"">%company_name</a> jako administrator firmy."
"When you sign in to your account, you can:","Gdy zalogujesz się na swoje konto, możesz:"
"* Create and manage company users and teams","* Tworzenie i zarządzanie firmowymi użytkownikami i zespołami"
"* Manage user permissions for the store","* Zarządzanie uprawnieniami użytkowników dla sklepu"
"* Create and manage company shipping and billing addresses","* Tworzenie i zarządzanie firmowymi adresami wysyłkowymi i rozliczeniowymi"
"You've been added to the <a href=%customer_url>%company_name</a> as the company member.
    Once you enter your account,
    the company's shared resources will be available for you.","Zostałeś dodany do <a href=%customer_url>%company_name</a> jako członek firmy.
    Po wprowadzeniu konta,
    udostępnione zasoby firmy będą dostępne."
"If this is a mistake,
    please contact the company Admin at %company_admin_email.","Jeśli jest to błąd,
    prosimy o kontakt z administratorem firmy pod adresem %company_admin_email."
"Your account is now active. You can use it to login to the <a href=""%customer_url"">website</a>.","Twoje konto zostało aktywowane. Możesz zalogować się na <a href=""%customer_url"">stronie</a>."
"Your account is no longer active. You will not be able to use it for login.","Twoje konto nie jest już aktywne. Nie masz już możliwości zalogowania się."
"If this is a mistake, please contact the seller.","Jeśli jest to błąd, prosimy o kontakt ze sprzedawcą."
"Your account has been set to inactive and you cannot now access the company account. If you think this is a mistake, please contact your manager for details.","Twoje konto zostało ustawione jako nieaktywne i nie możesz teraz uzyskać dostępu do konta firmowego. Jeśli uważasz, że to pomyłka, skontaktuj się ze swoim przełożonym w celu uzyskania szczegółowych informacji."
"A company registration request has been submitted by customer %customer. The account is temporarily locked until you approve or reject this company.","Klient %customer przesłał wniosek o rejestrację firmy. Konto jest tymczasowo zablokowane do momentu zatwierdzenia lub odrzucenia tej firmy."
"Company: %company","Firma: %firma"
"Your company registration request (for the <strong>%company_name</strong>)
    has been approved and you have been set as the Company Admin.
    You can now create and manage your company structure.
    Your company members are able to request quotes, create requisition lists,
    and use other B2B features.","Twój wniosek o rejestrację firmy (dla <strong>%nazwa_firmy</strong>)
    został zatwierdzony i zostałeś ustawiony jako administrator firmy.
    Możesz teraz tworzyć strukturę firmy i zarządzać nią.
    Członkowie firmy mogą składać zapytania ofertowe, tworzyć listy zamówień,
    i korzystać z innych funkcji B2B."
"The status of your company <strong>%company_name</strong>
    is now <strong>Active</strong>.
    Once you login, you will be able to place orders on behalf of your company
    and use other B2B features.","Status Twojej firmy <strong>%company_name</strong>
    jest teraz <strong>Aktywny</strong>.
    Po zalogowaniu będziesz mógł składać zamówienia w imieniu swojej firmy
    i korzystać z innych funkcji B2B."
"Your account type has been changed from Company Admin to a regular user account. If you think this is a mistake, please contact your manager for details.","Twój typ konta został zmieniony z Company Admin na zwykłe konto użytkownika. Jeśli uważasz, że to pomyłka, skontaktuj się ze swoim przełożonym w celu uzyskania szczegółowych informacji."
"You have been assigned to %company_name as the Sales Representative.","Zostałeś przydzielony do %company_name jako przedstawiciel handlowy."
"When you sign in to your account, you will be able to:","Gdy zalogujesz się na swoje konto, będziesz mógł:"
"* View and manage company quotes in Admin Panel","* Wyświetlanie i zarządzanie ofertami firmy w panelu administracyjnym"
"* View and edit company profile in Admin Panel","* Przeglądaj i edytuj profil firmy w panelu administracyjnym"
"Your company account <strong>%company_name</strong> has been blocked.
    Your company members can continue using the website,
    but they will not be able to place orders.","Twoje konto firmowe <strong>%company_name</strong> zostało zablokowane.
    Członkowie Twojej firmy mogą nadal korzystać z witryny,
    ale nie będą mogli składać zamówień."
"If you have any questions, please contact the seller.","W razie jakichkolwiek pytań prosimy o kontakt ze sprzedawcą."
"Your company account <strong>%company_name</strong> has been suspended, pending approval from the seller.","Twoje konto firmowe <strong>%nazwa_firmy</strong> zostało zawieszone w oczekiwaniu na zatwierdzenie przez sprzedawcę."
"Your company registration request (for the <strong>%company_name</strong>) has been rejected
    for the following reason:","Twój wniosek o rejestrację firmy (dla <strong>%company_name</strong>) został odrzucony
    z następującego powodu:"
"This action cannot be undone. Are you sure you want to delete this company? After the company is deleted, all the company members will be set to Inactive.","Wykonywana akcja nie będzie mogła być cofnięta. Czy na pewno chcesz usunąć tę firmę? Po usunięciu firmy, wszystkie konta użytkowników firmy zostaną ustawione jako nieaktywne."
"Delete a Company?","Czy usunąć firmę?"
"Sorry! You cannot delete this user: The user is the company admin.","Nie możesz usunąć tego użytkownika. Ten użytkownik jest administratorem firmy."
"Cannot Delete the Company Admin","Nie można usunąć administratora firmy"
"No results","Brak wyników"
Proceed,Kontynuować
"Change Company Status?","Zmienić status firmy?"
"Popup title","Tytuł wyskakującego okienka"
"Cannot delete the user","Nie można usunąć użytkownika"
"This user cannot be deleted because he/she is a company admin.","Nie można usunąć tego użytkownika, ponieważ jest on administratorem firmy."
"Edit User","Edytuj użytkownika"
"Cannot Delete User","Nie można usunąć użytkownika"
"Delete this user?","Usunąć użytkownika?"
"This action cannot be undone. Are you sure you want to delete this user?","Tej akcji nie można cofnąć. Czy na pewno chcesz usunąć użytkownika?"
"Edit Team","Edytuj zespół"
"Cannot Delete This Team","Nie można usunąć tego zespołu"
"Delete this team?","Czy usunąć ten zespół?"
"This action cannot be undone. Are you sure you want to delete this team?","Wykonywana akcja nie będzie mogła być cofnięta. Czy na pewno chcesz usunąć ten zespół?"
"Delete This Role?","Czy usunąć tą rolę?"
"This action cannot be undone. Are you sure you want to delete this role?","Wykonywana akcja nie będzie mogła być cofnięta. Czy na pewno chcesz usunąć tą rolę?"
"Cannot Delete Role","Nie można usunąć roli"
"Cannot Delete Customer","Nie można usunąć klienta"
"Set Inactive","Ustaw nieaktywne"
"Select Delete to permanently delete the user account and content. User's orders and quotes are still visible for the merchant. Select Set Inactive to temporarily lock the user. The user’s content is still available to parent users.","Wybierz Usuń, aby trwale usunąć konto użytkownika i jego zawartość. Zamówienia i oferty użytkownika są nadal widoczne dla sprzedawcy. Wybierz opcję Ustaw nieaktywne, aby tymczasowo zablokować użytkownika. Zawartość użytkownika jest nadal dostępna dla użytkowników nadrzędnych."
"User with this email already exists in the system. Enter a different email address to continue. If you want to use your current account as an administrator account, please contact the seller.","Użytkownik o podanym adresie email jest już zarejestrowany. Podaj inny adres email aby kontynuować. Jeśli chcesz użyć istniejącego konta w roli administratora, skontaktuj się ze sprzedawcą."
"Company Configuration","Konfiguracja firmy"
"Allow Company Registration from the Storefront","Zezwalaj na rejestrację firmy w witrynie sklepu"
"Email Options - Company Registration","Opcje e-mail - rejestracja firmy"
"Company Registration Email Recipient","Odbiorca wiadomości e-mail rejestracji firmy"
"Send Company Registration Email Copy To","Wyślij kopię wiadomości e-mail z rejestracją firmy do"
Comma-separated,"Oddzielone przecinkami"
"Send Email Copy Method","Metoda wysyłania kopii wiadomości e-mail"
"Default Company Registration Email","Domyślny adres e-mail rejestracji firmy"
"Customer-Related Emails","Wiadomości e-mail związane z klientami"
"Default 'Sales Rep Assigned' Email","Domyślny e-mail ""Przydzielony przedstawiciel handlowy"
"This email is sent to the company's Sales Rep and the Company Admin.","Ta wiadomość e-mail jest wysyłana do przedstawiciela handlowego firmy i administratora firmy."
"Default 'Assign Company to Customer' Email","Domyślny e-mail ""Przypisz firmę do klienta"
"This email is sent to the customer only.","Ta wiadomość e-mail jest wysyłana wyłącznie do klienta."
"Default 'Assign Company Admin' Email","Domyślny adres e-mail ""Przypisz administratora firmy"
"Default 'Company Admin Inactive' Email","Domyślny e-mail ""Nieaktywny administrator firmy"
"Default 'Company Admin Changed To Member' Email","Domyślny e-mail ""Administrator firmy został zmieniony na członka"
"Default 'Customer Status Active' Email","Domyślny e-mail ""Aktywny status klienta"
"Default 'Customer Status Inactive' Email","Domyślny e-mail ""Status klienta nieaktywny"
"Company Status Change","Zmiana statusu firmy"
"Send Company Status Change Email Copy To","Wyślij kopię wiadomości e-mail z informacją o zmianie statusu firmy do"
"Comma-separated. The recipient(s) will get a copy of an email which is by default sent to the Company Admin only.","Oddzielone przecinkami. Odbiorcy otrzymają kopię wiadomości e-mail, która domyślnie jest wysyłana tylko do administratora firmy."
"Default 'Company Status Change To Active 1"" Email","Domyślna wiadomość e-mail o zmianie statusu firmy na aktywny 1"
"This email is sent when company status changes from Pending Approval to Active.","Ta wiadomość e-mail jest wysyłana, gdy status firmy zmienia się z Oczekuje na zatwierdzenie na Aktywny."
"Default 'Company Status Change To Active 2"" Email","Domyślna wiadomość e-mail o zmianie statusu firmy na aktywny 2"
"This email is sent when company status changes from Rejected or Blocked to Active.","Ta wiadomość e-mail jest wysyłana, gdy status firmy zmieni się z Odrzucony lub Zablokowany na Aktywny."
"Default 'Company Status Change To Rejected"" Email","Domyślny e-mail z informacją o zmianie statusu firmy na odrzucony"
"This email is sent when company status changes to Rejected.","Ta wiadomość e-mail jest wysyłana, gdy status firmy zmieni się na Odrzucony."
"Default 'Company Status Change To Blocked"" Email","Domyślny e-mail z informacją o zmianie statusu firmy na zablokowany"
"This email is sent when company status changes Blocked.","Ta wiadomość e-mail jest wysyłana, gdy status firmy zmieni się na Zablokowany."
"Default 'Company Status Change To Pending Approval"" Email","Domyślna wiadomość e-mail o zmianie statusu firmy na oczekujący na zatwierdzenie"
"This email is sent when company status changes to Pending Approval.","Ta wiadomość e-mail jest wysyłana, gdy status firmy zmieni się na Oczekuje na zatwierdzenie."
"Account Information (View)","Informacje o koncie (Wyświetl)"
"Legal Address (View)","Adres prawny (wyświetl)"
"Contacts (View)","Kontakty (widok)"
"Company User Management","Zarządzanie użytkownikami w firmie"
"View roles and permissions","Wyświetlanie ról i uprawnień"
"Manage roles and permissions","Zarządzanie rolami i uprawnieniami"
"View users and teams","Wyświetlanie użytkowników i zespołów"
"Manage users and teams","Zarządzanie użytkownikami i zespołami"
"Checkout (place order)","Kasa (złożenie zamówienia)"
"Use Pay On Account method","Użyj metody płatności na konto"
"View orders","Wyświetl zamówienia"
"View orders of subordinate users","Wyświetlanie zleceń podległych użytkowników"
"Are you sure you want to set the selected companies as active?","Czy na pewno chcesz ustawić wybrane firmy jako aktywne?"
"Set a Company as Active","Ustawianie firmy jako aktywnej"
"Set Active","Ustaw Aktywny"
"Are you sure you want to block the selected companies?","Czy na pewno chcesz zablokować wybrane firmy?"
"Block a Company","Blokowanie firmy"
"This action cannot be undone. Are you sure you want to delete the selected companies? After the company is deleted, all the company members will be set to Inactive.","Wykonywana akcja nie będzie mogła być cofnięta. Czy na pewno chcesz usunąć wybrane firmy? Po usunięciu firmy, wszystkie konta użytkowników firmy zostaną ustawione jako nieaktywne."
"Reseller ID","Identyfikator odsprzedawcy"
Comment,Komentarz
ZIP,"Kod pocztowy"
"Company Admin","Administrator firmy"
Gender,Płeć
"Customer Type","Typ klienta"
"Are you sure you want to temporarily disable this company account? If you confirm, login for all company members will be blocked.","Czy na pewno chcesz tymczasowo wyłączyć to konto firmowe? Jeśli potwierdzisz, logowanie dla wszystkich członków firmy zostanie zablokowane."
"Are you sure you want to set this company to active? If you confirm, the company members will be able to operate within their company account.>","Czy na pewno chcesz ustawić tę firmę jako aktywną? Jeśli potwierdzisz, członkowie firmy będą mogli działać w ramach swojego konta firmowego."
"Are you sure you want to reject this company? If you confirm, login for all company members will be blocked.","Czy na pewno chcesz odrzucić tę firmę? Jeśli potwierdzisz, logowanie dla wszystkich członków firmy zostanie zablokowane."
"Please specify the reason","Podaj powód"
"The reason will appear in the 'Rejected' email sent to the Company Admin. It will also be saved and displayed in Admin Panel (in the company profile).","Powód pojawi się w wiadomości e-mail ""Odrzucono"" wysłanej do administratora firmy. Zostanie on również zapisany i wyświetlony w panelu administratora (w profilu firmy)."
"Are you sure you want to block this company? If you proceed, the company members will not be able to place orders.","Czy na pewno chcesz zablokować tę firmę? Jeśli to zrobisz, członkowie firmy nie będą mogli składać zamówień."
"Reason for Rejection","Powód odrzucenia"
"VAT / TAX ID","VAT / IDENTYFIKATOR PODATKOWY"
Prefix,Prefiks
"Middle Name/Initial","Drugie imię/ Inicjał"
Suffix,Przyrostek
"Change Customer Group?","Zmienić grupę klienta?"
"This action will change the customer group for all members of this company. Would you like to proceed?","Ta czynność spowoduje zmianę grupy klientów dla wszystkich członków tej firmy. Czy chcesz kontynuować?"
"The user <%- username %> is the company admin and cannot be set to inactive. You must set another user as the company admin first.","Użytkownik <%- username %> jest administratorem firmy i nie może być ustawiony jako nieaktywny. Najpierw należy ustawić innego użytkownika jako administratora firmy."
"Customer Active","Aktywny klient"
"This customer is a user of a different company. If you proceed, the customer will be unlinked from the current company and linked to the selected company.","Ten klient jest użytkownikiem innej firmy. Jeśli kontynuujesz, klient zostanie odłączony od bieżącej firmy i połączony z wybraną firmą."
"Change Company?","Zmienić firmę?"
"Associate to Company","Współpracownik firmy"
"My Orders","Moje zamówienia"
"Create New Customer","Utwórz klienta"
"Create New Company Account","Utwórz konto firmowe"
Team,Zespół
Users,Użytkownicy
"%fieldName is a required field","%fieldName jest polem wymaganym"
"Consumer is not authorized to access resource","Konsument nie ma uprawnień dostępu do zasobu"
"Your company account is blocked and you cannot place orders. If you have questions, please contact your company administrator.","Twoje konto firmowe jest zablokowane i nie możesz składać zamówień. W razie pytań prosimy o kontakt z administratorem firmy."
"Reimburse Balance","Rozlicz saldo"
"Are you sure you want to cancel this order? The order amount will not be reverted to %1 because the company is not active.","Czy na pewno chcesz anulować zamówienie? Wartość zamówienia nie zostanie zwrócona %1, ponieważ konto firmy nie jest aktywne."
"Are you sure you want to cancel this order? The order amount will not be reverted to %1 because the company associated with this customer does not exist.","Czy na pewno chcesz anulować zamówienie? Wartość zamówienie nie będzie zwrócona na konto kredytowe %1, ponieważ konto firmy powiązane z tym kątem już nie istnieje."
"History record no longer exists.","Zapis historii już nie istnieje."
"Unable to retrieve currency rates at this moment. Please try again later or contact store administrator.","W tej chwili nie można pobrać kursów walut. Spróbuj ponownie później lub skontaktuj się z administratorem sklepu."
"Unable to convert company credit. Please try again later or contact store administrator.","Nie można przekonwertować kredytu firmowego. Spróbuj ponownie później lub skontaktuj się z administratorem sklepu."
"Company Credit","Limit kredytowy firmy"
"Order Payment should be provided","Należy dostarczyć płatność za zamówienie"
"Order is canceled. We reverted %1 to the company credit.","Zamówienie anulowano. Zwrócono %1 na firmowe konto kredytowe."
"Order is canceled. The order amount is not reverted to the company credit.","Zamówienie anulowano. Wartość zamówienia nie została zwrócona na firmowe konto kredytowe."
"Order is cancelled. The order amount is not reverted to the company credit because the company to which this customer belongs does not exist.","Zamówienie anulowano. Wartość zamówienie nie będzie zwrócona na konto kredytowe firmy, ponieważ konto firmy powiązane z tym kątem już nie istnieje."
unavailable.,niedostępny.
"We can't save the credit memo because the company associated with this customer does not exist.","Nie można zapisać faktury korygującej, ponieważ nie istnieje konto firmowe powiązane z tym użytkownikiem."
"We can't save the credit memo because the company associated with customer is not active.","Nie można zapisać faktury korygującej, ponieważ konto firmowe powiązane z tym użytkownikiem nie jest aktywne."
"The requested Payment Method is not available.","Wybrana metoda płatności nie jest dostępna."
"Payment On Account cannot be used for this order because your order amount exceeds your credit amount.","Płatność limitem kredytowym nie może zostać użyta, ponieważ wartość Twojego zamówienia przekracza dostępny limit kredytowy."
"Cannot process the request. Please check the operation type and try again.","Nie można przetworzyć żądania. Sprawdź typ operacji i spróbuj ponownie."
"Invalid attribute value. Row ID: %fieldName = %fieldValue.","Nieprawidłowa wartość atrybutu. Identyfikator wiersza: %fieldName = %fieldValue."
"The selected currency is not available. Please select a different currency.","Wybrana waluta nie jest dostępna. Proszę wybierz inną walutę."
"Could not update history","Nie można zaktualizować historii"
"Requested company is not found. Row ID: %fieldName = %fieldValue.","Firma nie została znaleziona. rekord ID: %fieldName = %fieldValue."
"Cannot delete credit limit with id %1","Nie można usunąć limit kredytowego o id %1"
Allocated,Przydzielono
Updated,Zaktualizowano
Purchased,Zakupiono
Reimbursed,Rozliczono
Reverted,Odwrócony
"Could not save history","Nie można zapisać historii"
"Cannot delete history with id %1","Nie można usunąć historii o id %1"
"Could not save company credit limit","Nie można zapisać limitu kredytowego firmy"
"Please enter a valid %1/%2 currency rate.","Wprowadź prawidłowy kurs waluty %1/%2."
"Invoice created for %1","Utworzono fakturę dla %1"
"The selected credit currency is not valid. 
                        Customers will not be able to place orders until you update the credit currency.","Wybrana waluta limitu kredytowego nie jest poprawna. 
                        Zaktualizuj walutę limitu kredytowego aby klienci mogli składać zamówienia."
"Store Credit","Kredyt w sklepie"
"Refund to Company Credit","Zwrot na limit kredytowy firmy"
"An invoice for partial quantities cannot be issued for this order. To continue, change the specified quantity to the full quantity.","Dla tego zamówienia nie można wystawić faktury za częściowe ilości. Aby kontynuować, zmień określoną ilość na pełną."
"We refunded %1 online.","Zwracamy %1 online."
"We refunded %1 offline.","Zwracamy %1 online."
"We refunded %1 to the company credit.","Zwrócono %1 na firmowe konto kredytowe."
"Exception message.","Komunikat wyjątku."
"Exception Message","Komunikat wyjątku"
"No such entity","Brak tego obiektu"
"%1 made an update. %2 can exceed the Credit Limit.","%1 dokonał aktualizacji. %2 może przekroczyć limit kredytowy."
"%1 made an update. %2 cannot exceed the Credit Limit.","%1 dokonał aktualizacji. %2 nie może przekroczyć limitu kredytowego."
"Order # %1","Zamówienie #%1"
"%1 changed the credit currency from %2 to %3 at the conversion rate of %2/%3 %4.","%1 zmienił walutę kredytu z %2 na %3 po kursie wymiany %2/%3 %4."
"Outstanding Balance:",Saldo:
"Available Credit:","Dostępny limit kredytowy:"
"Credit Limit:","Limit kredytowy:"
"Purchase Order Number","Numer zamówienia"
"Charged off the company credit: %1","Obciążenie kredytu firmowego: %1"
"Purchase Order Number: %1","Numer zamówienia: %1"
"The base currency for %1 has been updated. The currency %2 is still defined as the credit currency for one or more companies. Use the following <a href=""%3"" id=""update-credit-link"">link</a> to perform a bulk operation that updates the credit currency for those companies.","Waluta bazowa dla %1 została zaktualizowana. Waluta %2 jest nadal zdefiniowana jako waluta kredytu dla jednej lub więcej firm. Użyj następującego <a href=""%3"" id=""update-credit-link"">linku</a>, aby wykonać operację zbiorczą, która zaktualizuje walutę kredytu dla tych firm."
"%1 has exceeded its credit limit (%2) by %3. Its outstanding balance, including this order, currently totals %4.","Klient %1 przekroczył swój limit kredytowy (%2) o %3. Saldo zadłużenia, łącznie z tym zamówieniem, wynosi obecnie %4."
"The credit limit for %1 is %2. Its outstanding balance, including this order, currently totals %3","Limit kredytowy dla %1 wynosi %2. Saldo zadłużenia, łącznie z tym zamówieniem, wynosi obecnie %3"
"Outstanding Balance",Saldo
"Available Credit","Dostępne Kredyty"
"Credit Limit","Limit kredytowy"
"Charged off the company credit","Obciążenie kredytu firmowego"
"The Company credit on all selected companies will be converted using the rate below. This operation cannot be undone.","Kredyt firmowy dla wszystkich wybranych firm zostanie przeliczony według poniższej stawki. Operacji tej nie można cofnąć."
"Credit allocated to %company_name","Kredyt przydzielony dla %company_name"
"Your company has been allocated a credit of %available_credit.
    You can now use the Payment On Account method to place you orders.","Twojej firmie został przydzielony kredyt w wysokości %available_credit.
    Możesz teraz korzystać z metody płatności na konto, aby składać zamówienia."
"The history of your credit operations is available on the Company Credit page.","Historia operacji kredytowych jest dostępna na stronie Limit kredytowy firmy."
"%company_name account reimbursed","%company_name konto zostało rozliczone"
"Your company credit account has been reimbursed by %reimbursed_amount.","Twoje firmowe konto kredytowe zostało rozliczone kwotą %reimbursed_amount."
"If you have any questions, please contact the seller.","Jeśli masz jakiekolwiek pytania, skontaktuj się z sprzedawcą."
"%company_name credit limit updated","Limit kredytowy firmy %company_name został zaktualizowany"
"Your credit limit has been updated and is now %available_credit.
    Your outstanding balance currently totals %outstanding_balance. You are %exceed_limit to exceed the credit limit.","Twój limit kredytowy został zaktualizowany i aktualnie wynosi %available_credit.
    Twoje saldo aktualnie wynosi %outstanding_balance. Jesteś %exceed_limit do przekroczenia limitu kredytowego."
"Order %order_id refunded","Zamówienie %order_id zwrócone"
"A refund of %refunded_amount has been issued on order #%order_id. This amount has been applied to the company credit.","Zwrot %refunded_amount został wydany dla zamówienia #%order_id. Kwota ta została zastosowana do kredytu firmowego."
"Order %order_id reverted","Zamówienie %order_id zostało cofnięte"
"Your order #%order_id has been cancelled. The order amount reverted to the company credit.","Twoje zamówienie #%order_id zostało anulowane. Kwota zamówienia została przywrócona do kredytu firmowego."
"Available Credit ","Dostępny limit kredytowy "
"The Payment on Account method is not available in the selected currency. Please contact the seller.","Płatność limitem kredytowym nie jest dostępna dla wybranej waluty. Proszę skontaktuj się z sprzedawcą."
"Company credit account will be charged: ","Firmowe konto kredytowe zostanie obciążone: "
"Cancel the Order","Anuluj zamówienie"
"This is a required field.","To jest wymagane pole."
"{oldCur}/{newCur} Rate","{oldCur}/{newCur} Stawka"
Reimburse,Rozlicz
"Please use only letters (a-z or A-Z), numbers (0-9), dash (-) or slash (/) in this field.","Prosimy o używanie jedynie liter (a-z lub A-Z), cyfr (0-9), myślnika (-) lub ukośnika (/) w tym polu."
"The credit limit for %s is %s. It will be exceeded by %s with this order.","Limit kredytowy dla %s wynosi %s. W przypadku tego zamówienia zostanie on przekroczony o %s."
"Payment on Account","Płatność limitem kredytowym"
"Company Credit Change Email Sender","Nadawca wiadomości e-mail o zmianie kredytu firmowego"
"Send Company Credit Change Email Copy To","Wyślij kopię wiadomości e-mail z informacją o zmianie kredytu firmowego do"
"Send Email Copy Method","Metoda wysyłki kopii e-mail"
"Allocated Email Template","Szablon email przydzielenia limitu kredytowego"
"This email is sent to the Company Admin.","Wiadomość została wysłana do administratora firmy."
"Updated Email Template","Zaktualizowany szablon wiadomości e-mail"
"Reimbursed Email Template","Szablon email rozliczenia"
"Refunded Email Template","Szablon wiadomości e-mail z refundacją"
"Reverted Email Template","Przywrócony szablon wiadomości e-mail"
"Credit Currency","Waluta kredytu"
"Allow To Exceed Credit Limit","Pozwól na przekroczenie limitu kredytowego"
"Reason For Change","Powód zmiany"
"
                            Limit one PO number per reimburse transaction
                        ","
                            Limit jednego numeru PO na transakcję zwrotu kosztów
                        "
"
                                Maximum 255 characters are allowed.
                        ","                                Maksymalnie 255 znaków jest dozwolone.
                        "
Rate,Stawka
"Convert Credit","Konwertuj kredyt"
Date,Data
Operation,Operacja
"Updated By","Zaktualizowane przez"
"Purchase Order",Zamówienie
"You will be charged for","Zostanie naliczona opłata za"
"Order Total",Podsumowanie
"All Payment Methods","Wszystkie metody płatności"
"Specific Payment Methods","Konkretne metody płatności"
"B2B Payment Methods","Metody płatności B2B"
"All Enabled Payment Methods","Wszystkie włączone metody płatności"
" (disabled)"," (wyłączony)"
"Available Payment Methods","Dostępne metody płatności"
"This company has no payment methods. Please contact store administrator.","Ta firma nie ma metod płatności. Prosimy o kontakt z administratorem sklepu."
"Default B2B Payment Methods","Domyślne metody płatności B2B"
"Applicable Payment Methods","Obowiązujące metody płatności"
"Payment Methods","Metody płatności"
"By default, the selected payment methods are available for all new companies. If your Magento site has multiple websites, on a specific website the buyer will be able to pay with the methods available for that website only.","Domyślnie wybrane metody płatności są dostępne dla wszystkich nowych firm. Jeśli Twoja witryna Magento ma wiele witryn, na określonej witrynie kupujący będzie mógł zapłacić metodami dostępnymi tylko dla tej witryny."
"Payment Information (View)","Informacje o płatności (Wyświetl)"
"Use config settings","Użyj ustawień konfiguracji"
"Default Config","Domyślna konfiguracja"
"Save Config","Zapisz konfigurację"
"Use system value","Użyj wartości systemu"
"Use Website","Użyj witryny"
Add,Dodaj
"Search String","Szukany tekst"
"Design Theme","Design tematu"
"Add \Exception","Dodaj wyjątek"
"-- No Theme --","--Nie ma templatki--"
"Class for type ""%1"" was not declared","Klasa dla typu ""%1"" nie została zadeklarowana"
"%1 should implement %2","%1 powinno implementować %2"
"The value you set has already been locked. To change the value, use the --%1 option.","Ustawiona wartość została już zablokowana. Aby zmienić wartość, użyj opcji --%1."
"Configuration for path: ""%1"" doesn't exist","Konfiguracja dla ścieżki: ""%1"" nie istnieje"
"You saved the configuration.","Konfiguracja zapisana."
"Something went wrong while saving this configuration:","Podczas zapisywania tej konfiguracji coś poszło nie tak:"
"Please specify the admin custom URL.","Prosimy podać indywidualny URL admina."
"Invalid %1. %2","Nieprawidłowy %1. %2"
"Value must be a URL or one of placeholders: %1","Wartość musi być adresem URL lub jednym z symboli zastępczych: %1"
"Specify a URL or path that starts with placeholder(s): %1, and ends with ""/"".","Określ adres URL lub ścieżkę, która zaczyna się od znaków zastępczych: %1, a kończy się na ""/""."
"%1 An empty value is allowed as well.","%1 wartość pusta jest również dozwolona."
"Specify a fully qualified URL.","Określ pełny kwalifikowany adres URL."
"Selected allowed currency ""%1"" is not available in installed currencies.","Wybrana dozwolona waluta ""%1"" nie jest dostępna wśród zainstalowanych walut."
"Default display currency ""%1"" is not available in allowed currencies.","Domyślnie wyświetlana waluta ""%1"" nie jest na liście dozwolonych walut."
"Sorry, we haven't installed the base currency you selected.","Niestety, nie mamy zainstalowanej wybranej waluty bazowej."
"Sorry, we haven't installed the default display currency you selected.","Przepraszamy, nie została zainstalowana domyślna waluta, która została wybrana."
"Sorry, the default display currency you selected is not available in allowed currencies.","Przepraszamy, domyślna waluta, którą wybrałeś nie jest dostępna w dozwolonych walutach."
"Please correct the email address: ""%1"".","Prosimy o poprawienie adresu e-mail: ""%1""."
"The sender name ""%1"" is not valid. Please use only visible characters and spaces.","Nazwa nadawcy ""%1"" nie jest prawidłowy. Proszę używać tylko widocznych znaków i spacji."
"Maximum sender name length is 255. Please correct your settings.","Maksymalna długość nazwy nadawcy to 255. Prosimy poprawić ustawienia."
"The file you're uploading exceeds the server size limit of %1 kilobytes.","Plik, który został wgrany przekracza dozwolony na serwerze limit wielkości pliku %1 kilobajtów."
"The base directory to upload file is not specified.","Bazowy katalog do przesłania pliku nie został podany."
"The specified image adapter cannot be used because of: %1","Adapter określonego obrazu nie może być użyty z powodu: %1"
"Default scope","Domyślny zakres"
"Base currency","Waluta podstawowa"
"Display default currency","Wyświetlaj domyślną walutę"
"website(%1) scope","zakres witryny (%1)"
"store(%1) scope","zakres sklepu (%1)"
"Currency ""%1"" is used as %2 in %3.","Waluta ""%1"" jest użyta jako %2 w %3."
"Please correct the timezone.","Popraw strefę czasową."
"The file ""%1"" does not exist","Plik ""%1"" nie istnieje"
"The ""%1"" path does not exist","Ścieżka ""%1"" nie istnieje"
"Always (during development)","Zawsze (podczas developmentu)"
"Only Once (version upgrade)","Tylko raz (aktualizacja wersji)"
"Never (production)","Nigdy (produkcja)"
Bcc,"Ukryta kopia"
"Separate Email","Oddzielny e-mail"
"%1 (Default)","%1 (domyślne)"
title,tytuł
Optional,Opcjonalnie
"HTTP (unsecure)","HTTP (nieszyfrowany)"
"Yes (302 Found)","Tak (302 Znaleziono)"
"Yes (301 Moved Permanently)","Tak (301 Stałe przekierowanie)"
Specified,Wybrane
"Visible section not found.","Nie znaleziono widocznej sekcji."
"Config form fieldset clone model required to be able to clone fields","Klon zestawu pól formularza konfiguracyjnego jest wymagany do klonowania pól"
"%1: Instance of %2 is expected, got %3 instead","%1: Oczekiwano wystąpienia %2, zamiast tego otrzymano %3"
"Invalid XML in file %1:\n%2","Nieprawidłowy XML w pliku %1:\n%2"
"'There is no defined type ' .","'Nie zdefiniowano typu ' ."
"'Object is not instance of ' .","'Obiekt nie jest instancją klasy ' ."
"Filesystem is not writable.","Pliki nie mają prawa zapisu."
"Some error",Błąd
"Some message","Niektóre wiadomości"
"You cannot run this command because the Magento application is not installed.","Nie można uruchomić tego polecenia, ponieważ aplikacja Magento nie jest zainstalowana."
"This command is unavailable right now.","Wybrana komenda nie istnieje."
"The ""test/test/test"" path does not exists","Ścieżka ""test/test/test"" nie istnieje"
"some prefix","niektóre prefiksy"
"element label","element etykieta"
"element hint","element podpowiedź"
"element comment","element komentarz"
"element tooltip","elementu tooltip"
"Add after","Dodaj za"
"Current Configuration Scope:","Zasięg obecnej konfiguracji:"
"Group Label","Etykieta Grupy"
"Some Label","Niektóre etykiety"
"Tab Label","Etykieta karty"
"Field 2","Pole 2"
"Field 3","Pole 3"
"Field 3.1","Pole 3.1"
"Field 3.1.1","Pole 3.1.1"
"Field 4","Pole 4"
"Advanced Section","Sekcja Zaawansowana"
"Advanced Admin Section","Sekcja Zaawansowanych Ustawień Administracyjnych"
"Design Section","Sekcja wyglądu"
"General Section","Sekcja ogólna"
"System Section","Sekcja system"
"Currency Setup Section","Sekcja ustawień waluty"
"Developer Section","Sekcja programisty"
"Web Section","Sekcja internetowa"
"Store Email Addresses Section","Sekcja sklepowych adresów e-mail"
"Email to a Friend","Wyślij znajomemu"
Action,Działanie
"'The specified image adapter cannot be used because of: ' .","'Określony adapter obrazu nie może być użyty z powodu: ' ."
"The file ""' . . '"" does not exist","Plik ""' . . '"" nie istnieje"
"The class for ""%1"" type wasn't declared. Enter the class and try again.","Klasa dla typu ""%1"" nie została zadeklarowana. Wprowadź klasę i spróbuj ponownie."
"The ""%1"" email address is incorrect. Verify the email address and try again.","Adres e-mail ""%1"" jest nieprawidłowy. Zweryfikuj adres e-mail i spróbuj ponownie."
"The time zone is incorrect. Verify the time zone and try again.","Strefa czasowa jest nieprawidłowa. Sprawdź strefę czasową i spróbuj ponownie."
"The ""%1"" file doesn't exist.","Plik ""%1"" nie istnieje."
"The ""%1"" path doesn't exist. Verify and try again.","Ścieżka ""%1"" nie istnieje. Zweryfikuj i spróbuj ponownie."
"'The XML in file ""%1"" is invalid:' . ""\n%2\nVerify the XML and try again.""","""XML w pliku ""%1"" jest nieprawidłowy:"" . ""\n%2\nWeryfikuj XML i spróbuj ponownie."""
"Product with assigned super attributes should not have specified ""%1"" value","Produkt z przypisanymi superatrybutami nie powinien mieć określonej wartości ""%1""."
"Add configurable attributes to the current Attribute Set (""%1"")","Dodaj konfigurowalne atrybuty do obecnego Zestawu Atrybutów (""%1"")"
"Add configurable attributes to the new Attribute Set based on current","Dodaj konfigurowalne atrybuty do nowego zestawu atrybutów w oparciu o bieżący"
"New attribute set name","Nazwa nowego zestawu cech"
"Add configurable attributes to the existing Attribute Set","Dodaj konfigurowalne atrybuty do istniejącego zestawu atrybutów"
"Choose existing Attribute Set","Wybierz istniejący zestaw cech"
Configurations,Konfiguracje
"Attribute Values","Wartości cechy"
"Bulk Images &amp; Price","Większość obrazów &amp; cena"
"Select Attributes","Wybierz cechy"
"Choose an Option...","Wybierz opcję..."
"This attribute is used in configurable products.","Ta cecha jest używana w konfigurowalnych produktach."
"Product has been already attached","Produkt został już dołączony"
"Parent product does not have configurable product options","Produkt nadrzędny nie ma konfigurowalnych opcji produktu"
"Child product does not have attribute value %1","Produkt podrzędny nie ma wartości atrybutu %1"
"Product with specified sku: %1 is not a configurable product","Produkt o podanym sku: %1 nie jest produktem konfigurowalnym"
"Requested option doesn't exist: %1","Żądana opcja nie istnieje: %1"
"Cannot delete variations from product: %1","Nie można usunąć odmian z produktu: %1"
"Cannot delete option with id: %1","Nie można usunąć opcji o id: %1"
"Option with id ""%1"" not found","Nie znaleziono opcji o id ""%1"""
"Something went wrong while saving option.","Coś poszło nie tak podczas zapisywania opcji."
"Only implemented for configurable product: %1","Zaimplementowane tylko dla konfigurowalnego produktu: %1"
"Option attribute ID is not specified.","Nie określono identyfikatora opcji atrybutu."
"Option label is not specified.","Nie określono opcji Etykieta."
"Option values are not specified.","Nie podano wartości opcji."
"Value index is not specified for an option.","Wartość indeksu nie jest określona dla opcji."
"Product with id ""%1"" does not contain required attribute ""%2"".","Produkt z id ""%1"" nie zawiera wymaganego atrybutu ""%2""."
"Products ""%1"" and ""%2"" have the same set of attribute values.","Produkty ""%1"" oraz %2 mają ten sam zestaw wartości cechy."
"You can't add the item to shopping cart.","Nie można dodać produktu do koszyka."
"Some product variations fields are not valid.","Niektóre pola kombinacji produktu nie są prawidłowe."
"Configuration must have specified attributes","Konfiguracja musi mieć określone atrybuty"
"Choose Affected Attribute Set","Wybierz zestaw atrybutów"
"Add configurable attributes to the current Attribute Set","Dodanie konfigurowalnych atrybutów do bieżącego zestawu atrybutów"
Confirm,Potwierdź
"New Attribute Set Name","Nazwa nowego zestawu cech"
"Select Associated Product","Wybierz produkt powiązany"
"Choose a new product to delete and replace the current product configuration.","Wybierz nowy produkt, aby usunąć i zastąpić bieżącą konfigurację produktu."
"For better results, add attributes and attribute values to your products.","Na lepsze wyniki dodaj atrybuty i wartości atrybutu do swoich produktów."
"Configurable products allow customers to choose options (Ex: shirt color). You need to create a simple product for each configuration (Ex: a product for each color).","Produkty konfigurowalne pozwalają klientom na wybranie produktu w określonej konfiguracji (np. konkretnego koloru koszulki). Każda konfiguracja (np. każdy kolor koszulki) wymaga stworzenia odrębnego produktu prostego."
"Configurations cannot be created for a standard product with downloadable files. To create configurations, first remove all downloadable files.","Konfiguracji nie można utworzyć dla standardowego produktu z plikami do pobrania. Aby utworzyć konfiguracje, należy najpierw usunąć wszystkie pliki do pobrania."
"Add Products Manually","Dodaj produkty ręcznie"
"Create Configurations","Utwórz konfigurację"
"Current Variations","Aktualne zmiany"
Weight,Waga
"Custom options with price type ""percent"" is not available for configurable product.","Niestandardowe opcje z ceną typu ""procent"" nie są dostępne dla konfigurowalnego produktu."
"This group contains attributes used in configurable products. Please move these attributes to another group and try again.","Ta grupa zawiera cechy użyte w produktach konfigurowalnych. Przenieś te cechy do innej grupy i ponów próbę."
"This attribute is used in configurable products. You cannot remove it from the attribute set.","Ta cecha jest używana w konfigurowalnych produktach. Nie możesz usunąć jej z zestawu cech."
"Associated Products","Produkty składowe konfiguracji"
"Step 2: Attribute Values","Krok 2: Wartości cech"
"Select values from each attribute to include in this product. Each unique combination of values creates a unique product SKU.","Wybierz wartości z każdego atrybutu, aby uwzględnić je w tym produkcie. Każda unikalna kombinacja wartości tworzy unikalną jednostkę SKU produktu."
"Sort Variations","Zmiana sortowania"
Options,Opcje
"Deselect All","Odznacz wszystko"
"Remove Attribute","Usuń cechę"
"Save Option","Zapisz opcję"
"Remove Option","Usuń opcję"
"Create New Value","Utwórz nową wartość"
"Step 3: Bulk Images, Price and Quantity","Krok 3: Grupa obrazków, cen i ilości"
"Based on your selections %1 new products will be created. Use this step to customize images and price for your new products.","Na podstawie dokonanych wyborów zostanie utworzonych %1 nowych produktów. Skorzystaj z tego kroku, aby dostosować obrazy i ceny nowych produktów."
"Apply single set of images to all SKUs","Zastosuj jeden zestaw obrazów do wszystkich SKU"
"Apply unique images by attribute to each SKU","Dodaj indywidualne obrazki po atrybucie do każdego SKU"
"Skip image uploading at this time","Pomiń wgrywanie obrazów w tym momemcie"
"Remove image","Usuń zdjęcie"
"Select attribute","Wybierz cechę"
Select,Wybierz
"Apply single price to all SKUs","Dodaj jedną cenę do wszystkich SKU"
"Apply unique prices by attribute to each SKU","Dodaj indywidualne ceny atrybutu do każdego SKU"
"Skip price at this time","Pomiń cenę w tej chwili"
"Apply single quantity to each SKUs","Zastosuj jedną ilości do każdego SKU"
"Apply unique quantity by attribute to each SKU","Zastosuj indywidualne ilości po atrybucie do każdego SKU"
"Skip quantity at this time","Pomiń ilość w tej chwili"
"Step 1: Select Attributes","Krok 1: Wybierz cechy"
"Selected Attributes:","Wybrane cechy:"
"Step 4: Summary","Krok 4: Podsumowanie"
"Configurable products allow customers to choose options (Ex: shirt color).
            You need to create a simple product for each configuration (Ex: a product for each color).","Produkty konfigurowalne pozwalają klientom na wybranie produktu w określonej konfiguracji (np. konkretnego koloru koszulki). Każda konfiguracja (np. każdy kolor koszulki) wymaga stworzenia odrębnego produktu prostego."
"Edit Configurations","Edytuj konfigurację"
"Upload Image","Prześlij obrazek"
"Upload image","Prześlij obrazek"
"No Image","Brak obrazka"
"Choose a different Product","Wybrać inny produkt"
"Create Product Configurations","Stwórz konfigurację produktu"
"New Product Review","Nowa opinia produktu"
"Here are the products you're about to create.","Oto produkty, które zamierzasz utworzyć."
"You created these products for this configuration.","Te produkty zostały stworzone dla tej konfiguracji."
"Disassociated Products","Produkty składowe konfiguracji"
"These products are not associated.","Produkty te nie są powiązane."
"Disable Product","Wyłącz produkt"
"Enable Product","Włącz produkt"
"An attribute has been removed. This attribute will no longer appear in your configurations.","Atrybut został usunięty. Ten atrybut nie będzie się już pojawiał się w Twojej konfiguracji."
"Select options for all attributes or remove unused attributes.","Wybierz opcje dla wszystkich atrybutów lub usuń nieużywane atrybuty."
"Choose this option to delete and replace extension data for all past configurations.","Wybierz tę opcję, aby usunąć i zastąpić dane rozszerzeń dla wszystkich wcześniejszych konfiguracji."
"Please select attribute for {section} section.","Wybierz atrybut dla sekcji {section}."
"Please fill in the values for {section} section.","Proszę wypełnić wartości dla sekcji {section}."
"Please fill-in correct values.","Proszę wypełnić odpowiednie wartości."
"Please select image(s) for your attribute.","Proszę wybierz obraz(y) dla tego atrybutu."
"Please choose image(s).","Proszę wybrać obrazy."
"When you remove or add an attribute, we automatically update all configurations and you will need to recreate current configurations manually.","Po usunięciu lub dodaniu atrybutu automatycznie aktualizujemy wszystkie konfiguracje i konieczne będzie ręczne odtworzenie bieżących konfiguracji."
"Please select attribute(s).","Proszę wybrać atrybuty."
"Generate Products","Generuj produkty"
"Buy %1 for %2 each and","Kup %1 po %2 za sztukę i"
save,zapisz
"Configurable Product Image","Obrazek konfigurowalnego produktu"
"As low as: ","Już od:"
"catalogProductMediaConfig is already set","catalogProductMediaConfig jest już ustawiony"
"Could not update option with id ""%1""","Nie można zaktualizować opcji o id ""%1"""
"Product already has this option","Produkt ma już tę opcję"
"The configurable product does not have any variation attribute.","Konfigurowalny produkt nie ma żadnego atrybutu odmiany."
"Product with id ""%1"" does not exist.","Produkt o id ""%1"" nie istnieje."
"Products ""%1"" and %2 have the same set of attribute values.","Produkty ""%1"" i %2 mają ten sam zestaw wartości atrybutów."
"Configurable product ""%1"" do not have sub-products","Konfigurowalny produkt ""%1"" nie ma podproduktów"
"Select values from each attribute to include in this product. Each unique combination of values creates a unigue product SKU.","Wybierz wartości z każdego atrybutu, aby uwzględnić je w tym produkcie. Każda unikalna kombinacja wartości tworzy unikalną jednostkę SKU produktu."
"Step 3: Bulk Images, Price, and Quantity","Krok 3: Zdjęcia zbiorcze, cena i ilość"
"Based on your selections <span class=""new-products-count"" data-bind=""text:countVariations""></span>
        new products will be created. Use this step to customize images and price for your new products.","Na podstawie dokonanych wyborów <span class=""new-products-count"" data-bind=""text:countVariations""></span>.
        zostaną utworzone nowe produkty. Użyj tego kroku, aby dostosować obrazy i ceny dla nowych produktów."
"Edit role","Edytuj rolę"
"Please, select attribute for the section ","Wybierz atrybut dla sekcji"
"Please fill in the values for the section ","Wpisz wartości dla sekcji"
"Please, fill correct values","Wpisz prawidłowe wartości"
"Please, select image(s) for your attribute","Wybierz obraz(y) dla swojego atrybutu"
"Please choose image(s)","Wybierz obraz(y)"
"Please, select attribute(s)","Wybierz atrybut(y)"
"The product is already attached.","Produkt jest już dołączony."
"The parent product doesn't have configurable product options.","Produkt nadrzędny nie ma konfigurowalnych opcji produktu."
"The child product doesn't have the ""%1"" attribute value. Verify the value and try again.","Produkt podrzędny nie ma wartości atrybutu ""%1"". Zweryfikuj wartość i spróbuj ponownie."
"The product with the ""%1"" SKU isn't a configurable product.","Produkt z jednostką SKU ""%1"" nie jest produktem konfigurowalnym."
"The ""%1"" entity that was requested doesn't exist. Verify the entity and try again.","Podmiot ""%1"", który został zażądany, nie istnieje. Zweryfikuj podmiot i spróbuj ponownie."
"The variations from the ""%1"" product can't be deleted.","Odmiany produktu ""%1"" nie mogą zostać usunięte."
"An error occurred while saving the option. Please try to save again.","Wystąpił błąd podczas zapisywania opcji. Spróbuj zapisać ponownie."
"This is implemented for the ""%1"" configurable product only.","Jest to zaimplementowane tylko dla konfigurowalnego produktu ""%1""."
"Contribution must have attributes specified. Enter attributes and try again.","Wkład musi mieć określone atrybuty. Wprowadź atrybuty i spróbuj ponownie."
"Configurable product ""%1"" does not have sub-products","Konfigurowalny produkt ""%1"" nie ma podproduktów"
"Thanks for contacting us with your comments and questions. We'll respond to you very soon.","Dziękujemy za skontaktowanie się z nami. Odpowiemy najszybciej jak to będzie możliwe."
"An error occurred while processing your form. Please try again later.","Wystąpił błąd podczas przetwarzania formularza. Prosimy spróbować później."
"Name is missing","Brakuje nazwy"
"Comment is missing","Brakuje komentarza"
"Invalid email address","Nieprawidłowy adres e-mail"
"Write Us","Napisz do nas"
"Jot us a note and we’ll get back to you as quickly as possible.","Zostaw nam wiadomość, a my skontaktujemy się z Tobą tak szybko jak to możliwe."
"What’s on your mind?","Co masz na myśli?"
"Contact Form","Formularz kontaktowy"
"Contacts Section","Sekcja Kontaktu"
"Contact Us","Skontaktuj się z nami"
"Enable Contact Us","Włącz formularz kontaktowy"
"Email Options","Opcje e-mail"
"Send Emails To","Wysyłaj e-maile do"
"Email Sender",Nadawca
"Email Template","Szablon e-mail"
"We can't process your request right now. Sorry, that's all we know.","Nie możemy teraz przetworzyć Twojego zgłoszenia. Przepraszamy, to wszystko, co wiemy."
"Name: %name","Nazwa: %name"
"Email: %email","E-mail: %email"
"Phone Number: %telephone","Numer telefonu: %telefon"
"Comment: %comment","Komentarz: %komentarz"
"Enter the Name and try again.","Wprowadź nazwę i spróbuj ponownie."
"Enter the comment and try again.","Wprowadź komentarz i spróbuj ponownie."
"The email address is invalid. Verify the email address and try again.","Adres e-mail jest nieprawidłowy. Zweryfikuj adres e-mail i spróbuj ponownie."
"Invalid domain name: %1","Nieprawidłowa nazwa domeny: %1"
"Invalid cookie lifetime: %1","Nieprawidłowy czas trwania ciasteczka: %1"
"Invalid cookie path","Nieprawidłowa ścieżka cookie"
"We use cookies to make your experience better.","Używamy cookies aby ułatwić korzystanie ze sklepu."
"To comply with the new e-Privacy directive, we need to ask for your consent to set the cookies.","Zgodnie z dyrektywą dotyczącą prywatności w sieci, musimy zapytać o Twoją zgodę na zapisywanie plików cookies."
"<a href=""%1"">Learn more</a>.","<a href=""%1""> Dowiedz się więcej</a>."
"Allow Cookies","Zezwalaj na pliki cookie"
"Default Cookie Settings","Domyślne ustawienia plików Cookie"
"Cookie Lifetime","Czas życia cookie"
"Cookie Path","Ścieżka dla cookie"
"Cookie Domain","Domena dla cookie"
"Use HTTP Only","Użyj tylko HTTP"
"Cookie Restriction Mode","Tryb ograniczenia cookie"
"<strong style=""color:red"">Warning</strong>:  Do not set to ""No"". User security could be compromised.","<strong style=""color:red"">Ostrzeżenie</strong>:  Nie ustawiaj na ""Nie"". Bezpieczeństwo użytkownika może zostać naruszone."
"'Invalid domain name: ' .","'Nieprawidłowa nazwa domeny: ' ."
"'Invalid cookie lifetime: ' .","'Nieprawidłowy czas życia pliku cookie: ' ."
"We can't save the cron expression.","Nie możemy zapisać wyrażenie cron."
Daily,Codziennie
Weekly,"Co tydzień"
Monthly,"Co miesiąc"
"Invalid cron expression: %1","Nieprawidłowe wyrażenie Crona: %1"
"Invalid cron expression, expecting 'match/modulus': %1","Nieprawidłowe wyrażenie cron, spodziewane ""match/modulus"": %1"
"Invalid cron expression, expecting numeric modulus: %1","Nieprawidłowe wyrażenie cron, spodziewana wartość numeryczna modulus: %1"
"Invalid cron expression, expecting 'from-to' structure: %1","Nieprawidłowe wyrażenie cron, spodziewana struktura 'od-do': %1"
"Invalid callback: Not_Existed_Class::execute can't be called","Nieprawidłowe wywołanie zwrotne: Not_Existed_Class::execute nie może zostać wywołane"
"Test exception","Wyjątek testowy"
"Cron (Scheduled Tasks)","Cron (zaplanowane zadania)"
"For correct URLs generated during cron runs please make sure that Web > Secure and Unsecure Base URLs are explicitly set. All the times are in minutes.","Dla prawidłowo generowanych adresów URL podczas działania cron proszę upewnić się, że Sieć > Bezpieczne i Niezabezpieczone Bazowe URLs są zapisane. Wszystkie czasy są podane w minutach."
"Cron configuration options for group:","Opcje konfiguracji Cron dla grupy:"
"Generate Schedules Every","Generuj plan zadań co"
"Schedule Ahead for","Harmonogram dla"
"Missed if Not Run Within","Opuść jeśli nie zostanie uruchomione w ciągu"
"History Cleanup Every","Czyść historię co"
"Success History Lifetime","Cała historia sukcesów"
"Failure History Lifetime","Cała historia niepowodzeń"
"Use Separate Process","Za pomocą oddzielnego procesu"
"Cron (Scheduled Tasks) - all the times are in minutes","Cron (Zaplanowane zadania) - wszystkie czasy podawane są w minutach."
"For correct URLs generated during cron runs please make sure that Web > Secure and Unsecure Base URLs are explicitly set.","Aby uzyskać prawidłowe adresy URL generowane podczas uruchamiania cron, upewnij się, że Web > Secure i Unsecure Base URLs są jawnie ustawione."
"Save Currency Rates","Zapisz kursy walut"
"Manage Currency Rates","Zarządzaj kursami walut"
"Import Service","Usługa importu"
"Save Currency Symbols","Zapisz symbole walut"
"Currency Symbols","Symbole walut"
"Use Standard","Użyj standardowych"
"Please specify a correct Import Service.","Określ prawidłową usługę importu."
"We can't initialize the import model.","Nie możemy zainicjować modelu importu."
"Click ""Save"" to apply the rates we found.","Kliknij przycisk ""Zapisz"" aby przypisać stawki, które znaleźliśmy."
"Currency Rates","Kursy walut"
"Please correct the input data for ""%1 => %2"" rate.","Proszę poprawić dane wejściowe dla kursu ""%1 => %2""."
"All valid rates have been saved.","Wszystkie poprawne stawki zostały zapisane."
"You applied the custom currency symbols.","Zastosowano niestandardowe symbole walut."
"You must first configure currency options before being able to see currency rates.","Należy najpierw skonfigurować opcje walutowe, zanim będziesz mógł zobaczyć kursy walut."
"Old rate:","Stara stawka:"
"Please correct the input data for %1 => %2 rate","Popraw dane wejściowe dla %1 => %2 rate"
"The Import Service is incorrect. Verify the service and try again.","Usługa importu jest nieprawidłowa. Zweryfikuj usługę i spróbuj ponownie."
"The import model can't be initialized. Verify the model and try again.","Nie można zainicjować modelu importu. Zweryfikuj model i spróbuj ponownie."
"The current module XML block name is undefined.","Obecna nazwa bloku XML jest niezdefiniowana."
"The current module form model pathname is undefined.","Nazwa ścieżki modelu formularza aktualnego modułu jest niezdefiniowana."
"Use helper with defined EAV entity.","Użyj pomocy ze zdefiniowaną jednostką EAV."
"Default EAV Form","Domyślny formularz EAV"
"Please correct the values for minimum and maximum text length validation rules.","Proszę poprawić wartości minimalne i maksymalne dla reguły walidacji długości tekstu."
"Please correct the values for minimum and maximum date validation rules.","Prosimy o poprawne wartości dla reguł sprawdzania poprawności daty minimalnej i maksymalnej."
"Text Field","Pole tekstowe"
"Text Area","Pole typu textarea"
"Multiple Line","Wiele linii"
Yes/No,Tak/Nie
"File (attachment)","Plik (załącznik)"
"Image File","Plik obrazu"
Alphanumeric,Alfanumeryczne
"Numeric Only","Tylko numeryczne"
"Alpha Only","Tylko Alpha"
"Strip HTML Tags","Usuwanie elementów HTML"
"Escape HTML Entities","Zabezpieczaj elementy HTML"
"Normalize Date","Normalizuj datę"
"The attribute code is invalid. Please use only letters (a-z), numbers (0-9) or underscores (_) in this field. The first character should be a letter.","Kod cechy jest niepoprawny. Prosimy o używanie jedynie liter (a-z), cyfr (0-9) lub podkreślnika (_) w tym polu, pierwszy znak powinien być literą."
"Please correct the value for file extensions.","Popraw wartość dla rozszerzeń plików."
"Alphanumeric with spaces","Alfanumeryczne ze spacjami"
"You are subscribed to our newsletter.","Zapisałeś się do naszego newslettera."
"You aren't subscribed to our newsletter.","Nie zapisałeś/aś się do naszego newslettera."
"You have not set a default shipping address.","Nie ustawiłeś domyślnego adresu wysyłki."
"You have not set a default billing address.","Nie ustawiłeś domyślnego adresu płatności."
"Address Book","Książka adresowa"
"Edit Address","Edytuj adres"
"Add New Address","Dodaj nowy adres"
"Save Customer","Zapisz klienta"
"Reset Password","Zresetuj hasło"
"Are you sure you want to revoke the customer's tokens?","Czy na pewno chcesz unieważnić token użytkownika?"
"Force Sign-In","Wymuś logowanie"
"New Customer","Nowy klient"
"Shopping Cart from %1","Koszyk od %1"
"Newsletter Information","Informacje o newsletterze"
"Subscribed to Newsletter","Zamówiona subskrypcja newslettera"
"Last Date Subscribed","Data ostatniej subskrypcji"
"Last Date Unsubscribed","Data ostatniego wypisania z newslettera"
"No Newsletter Found","Nie znaleziono newslettera"
"Start date","Data rozpoczęcia"
"Receive Date","Data otrzymania"
Subject,Temat
Sent,Wysłano
"Not Sent","Nie wysłane"
Sending,Wysyłanie
Paused,Zatrzymany
Unknown,Nieznany
"Bill-to Name","Rachunek na"
"Ship-to Name","Dostawa do"
"Purchase Point","Miejsce zakupu"
"There are no items in customer's shopping cart.","Koszyk jest pusty."
Confirmed,Potwierdzony
"Confirmation Required","Potwierdzenie jest wymagane"
"Confirmation Not Required","Potwierdzenie nie jest wymagane"
Indeterminate,Nieokreślone
"The customer does not have default billing address.","Klient nie posiada domyślnego adresu rozliczeniowego."
Never,Nigdy
Unlocked,Odblokowane
Locked,Zablokowane
"Deleted Stores","Usunięte sklepy"
"Add Locale","Dodawanie ustawień regionalnych"
"Add Date","Dodaj datę"
"Days in Wish List","Dni w liście życzeń"
Unlock,Odblokuj
"Delete Image","Usuń obraz"
"View Full Size","Zobacz pełen rozmiar"
"All countries","Wszystkie kraje"
"Add New Customer Group","Dodaj grupę klientów"
"Save Customer Group","Zapisz grupę klienta"
"Delete Customer Group","Usuń grupę klientów"
"New Customer Group","Nowa grupa klienta"
"Edit Customer Group ""%1""","Edytuj grupę klientów ""%1"""
"Group Information","Informacje o grupie"
"Group Name","Nazwa grupy"
"Maximum length must be less then %1 characters.","Maksymalna długość musi być mniejsza niż %1 znaków."
"Tax Class","Klasa podatku"
"The customer is now assigned to Customer Group %s.","Klient jest teraz przypisany do grupy klientów %s."
"Would you like to change the Customer Group for this order?","Czy chces zmienić grupę klientów dla tego zamówienia?"
"The VAT ID is valid.","Identyfikator VAT jest poprawny."
"The VAT ID entered (%s) is not a valid VAT ID.","Podany numer (%s) nie jest prawidłowym numerem VAT."
"The VAT ID is valid. The current Customer Group will be used.","Numer VAT jest poprawny. Aktualna grupa klientów zostanie użyta."
"The VAT ID is valid but no Customer Group is assigned for it.","VAT jest prawidłowy, ale nie jest przypisana do niego grupa klientów."
"Based on the VAT ID, the customer belongs to the Customer Group %s.","W oparciu o VAT UE, klient powinien należeć do grupy klientów %s."
"Something went wrong while validating the VAT ID.","Coś się zepsuło podczas sprawdzania poprawności numeru VAT."
"The customer would belong to Customer Group %s.","Klient należy do grupy klientów %s."
"There was an error detecting Customer Group.","Wystąpił błąd podczas wykrywania grupy klientów."
"Validate VAT Number","Sprawdza poprawność numeru VAT"
"Customer Login","Logowanie klienta"
"Create New Customer Account","Utwórz nowe konto klienta"
"Date of Birth","Data urodzenia"
"Bad request.","Złe zapytanie."
"This confirmation key is invalid or has expired.","To klucz potwierdzenia jest nieprawidłowy lub wygasły."
"There was an error confirming the account","Wystąpił błąd podczas potwierdzanie konta"
"If you are a registered VAT customer, please click <a href=""%1"">here</a> to enter your shipping address for proper VAT calculation.","Jeśli jesteś zarejestrowanym płatnikiem VAT, proszę <a href=""%1""> kliknij tutaj,</a> aby wprowadzić swój adres do właściwego obliczenia podatku VAT."
"If you are a registered VAT customer, please click <a href=""%1"">here</a> to enter your billing address for proper VAT calculation.","Jeśli jesteś zarejestrowanym płatnikiem VAT, proszę <a href=""%1""> kliknij tutaj,</a> aby wprowadzić swój adres do właściwego obliczenia podatku VAT."
"Thank you for registering with %1.","Dziękujemy za rejestrację w %1."
"Please check your email for confirmation key.","Prosimy sprawdzić skrzynkę e-mail, powinien już tam czekać klucz potwierdzający."
"This email does not require confirmation.","Ten adres e-mail nie wymaga potwierdzenia."
"Wrong email.","Błędny e-mail."
"Your password reset link has expired.","Link resetowania hasła utracił ważność."
"You must confirm your account. Please check your email for the confirmation link or <a href=""%1"">click here</a> for a new link.","Musisz potwierdzić swoje konto. Proszę sprawdzić pocztę czy przyszedł link potwierdzający lub <a href=""%1""> kliknij tutaj,</a> aby wysłać nowy link."
"There is already an account with this email address. If you are sure that it is your email address, <a href=""%1"">click here</a> to get your password and access your account.","Istnieje już konto z takim adresem e-mail. Jeśli masz pewność, że to twój adres, <a href=""%1"">kliknij tutaj</a>, zresetuj hasło aby odzyskać dostęp do konta."
"We can't save the customer.","Nie możemy zapisać klienta."
"Please make sure your passwords match.","Prosimy upewnić się, że podane hasła są identyczne."
"If you are a registered VAT customer, please <a href=""%1"">click here</a> to enter your shipping address for proper VAT calculation.","Jeśli jesteś zarejestrowanym płatnikiem VAT, proszę <a href=""%1""> kliknij tutaj,</a> aby wprowadzić swój adres do właściwego obliczenia podatku VAT."
"If you are a registered VAT customer, please <a href=""%1"">click here</a> to enter your billing address for proper VAT calculation.","Jeśli jesteś zarejestrowanym płatnikiem VAT, proszę <a href=""%1""> kliknij tutaj,</a> aby wprowadzić swój adres do właściwego obliczenia podatku VAT."
"You saved the account information.","Dane konta zostały zapisane."
"Password confirmation doesn't match entered password.","Potwierdzone hasło nie jest identyczne z wprowadzonym."
"The password doesn't match this account.","Hasło nie pasuje do tego konta."
"Please correct the email address.","Prosimy o poprawienie adresu e-mail."
"We're unable to send the password reset email.","Jesteśmy w stanie wysłać e-maila resetowania hasła."
"Please enter your email.","Prosimy wpisać adres e-mail"
"If there is an account associated with %1 you will receive an email with a link to reset your password.","Na twój adres email wysłaliśmy link do zresetowania hasła."
"This account is not confirmed. <a href=""%1"">Click here</a> to resend confirmation email.","To konto nie jest potwierdzone. "" ""<a href=""%1""> kliknij tutaj,</a> aby wysłać e-mail z potwierdzeniem."
"An unspecified error occurred. Please contact us for assistance.","Wystąpił nieokreślony błąd. Skontaktuj się z nami o pomoc."
"A login and a password are required.","Login i hasło jest wymagane."
"New Password and Confirm New Password values didn't match.","Nowe hasło i Potwierdź nowe hasło nie są identyczne."
"Please enter a new password.","Proszę wprowadzić nowe hasło."
"You updated your password.","Zaktualizowałeś swoje hasło."
"Something went wrong while saving the new password.","Coś poszło nie tak podczas zapisywania nowego hasła."
"You deleted the address.","Usunąłeś adres."
"We can't delete the address right now.","Nie możemy teraz usunąć adresu."
"You saved the address.","Adres został zapisany."
"We can't save the address.","Nie możemy zapisać adresu."
"No customer ID defined.","Nie zdefiniowano identyfikatora klienta."
"Please correct the quote items and try again.","Popraw pozycje cytatu i spróbuj ponownie."
"You have revoked the customer's tokens.","Unieważniłeś token klienta."
"We can't find a customer to revoke.","Nie możemy znaleźć klienta do odwołania."
"Something went wrong while saving file.","Coś się zepsuło podczas zapisywania."
"You deleted the customer group.","Usunięto grupę klientów."
"The customer group no longer exists.","Grupa klientów już nie istnieje."
"New Group","Nowa grupa"
"New Customer Groups","Nowe grupy klientów"
"Edit Group","Edytuj grupę"
"Edit Customer Groups","Edycja grup klientów"
"You saved the customer group.","Zapisałeś grupę klientów."
"Please select customer(s).","Wybierz klientów."
"Customer could not be deleted.","Nie można usunąć klienta."
"You deleted the customer.","Usunąłeś klienta."
"Something went wrong while editing the customer.","Coś poszło nie tak podczas edycji klienta."
"Manage Customers","Zarządzaj klientami"
"The customer will receive an email with a link to reset password.","Klient otrzyma e-mail z linkiem do resetowania hasła."
"Something went wrong while resetting customer password.","Coś się zepsuło podczas resetowania hasła klienta."
"You saved the customer.","Użytkownik zapisany."
"Something went wrong while saving the customer.","Coś poszło nie tak podczas edycji klienta."
"Customer has been unlocked successfully.","Klient został pomyślnie odblokowany."
"Online Customers","Klienci online"
"Customers Now Online","Klienci Online"
"Please define Wish List item ID.","Proszę określić identyfikator elementu listy życzeń."
"Please load Wish List item.","Proszę załadować elementy listy życzeń."
"Login successful.","Logowanie udane."
"""%1"" section source is not supported","Źródło sekcji ""%1"" nie jest obsługiwane"
"%1 doesn't extend \Magento\Customer\CustomerData\SectionSourceInterface","%1 nie rozszerza \Magento\Customer\CustomerData\SectionSourceInterface"
"No confirmation needed.","Potwierdzenie nie jest wymagane."
"Account already active","Konto jest już aktywne"
"Invalid confirmation token","Nieprawidłowy token potwierdzenia"
"The account is locked.","To konto jest zablokowane."
"This account is not confirmed.","To konto nie zostało potwierdzone."
"Invalid value of ""%value"" provided for the %fieldName field. Possible values: %template1 or %template2.","Nieprawidłowa wartość ""%value"" podana dla pola %fieldName. Możliwe wartości: %template1 lub %template2."
"Please enter a password with at most %1 characters.","Proszę wprowadzić hasło z co najmniej %1 znaków."
"Please enter a password with at least %1 characters.","Wprowadź hasło składające się z co najmniej %1 znaków."
"The password can't begin or end with a space.","Hasło nie może zaczynać się ani kończyć spacją."
"Minimum of different classes of characters in password is %1. Classes of characters: Lower Case, Upper Case, Digits, Special Characters.","Minimalna różność klas w haśle to %1. Klasy postaci: małe znaki, wielkie znaki, cyfry, znaki specjalne."
"Password cannot be the same as email address.","Hasło nie może być takie samo jak adres e-mail."
"This customer already exists in this store.","Klient już istnieje w tym sklepie."
"A customer with the same email already exists in an associated website.","Klient z tym samym adresem e-mail istnieje już w powiązanej witrynie."
"Reset password token mismatch.","Niedopasowanie tokenu resetowania hasła."
"Reset password token expired.","Token resetowania hasła wygasł."
"Please correct the transactional account email type.","Popraw typ adresu e-mail konta transakcyjnego."
"""%1"" is a required value.","""%1"" jest polem wymaganym."
"Per Website","Na witrynę"
"We can't share customer accounts globally when the accounts share identical email addresses on more than one website.","Nie możemy współdzielić globalnie kont klienta kiedy te konta mają ten sam adres email na więcej niż jednej stronie internetowej."
"Please enter a valid password reset token.","Wprowadź prawidłowy token resetowania hasła."
"The password can not begin or end with a space.","Hasło nie może zaczynać się ani kończyć spacją."
"No such entity with %fieldName = %fieldValue, %field2Name = %field2Value","Nie znaleziono wpisu %fieldName = %fieldValue, %field2Name = %field2Value"
"Unable to create directory %1.","Nie udało się utworzyć katalogu: %1."
"Destination folder is not writable or does not exists.","Folder docelowy nie jest zapisywalny lub nie istnieje."
"Something went wrong while saving the file.","Coś się zepsuło podczas zapisywania plików."
"Attribute object is undefined","Obiekt cechy jest niezdefiniowany"
"""%1"" invalid type entered.","""%1"" wpisany nieprawidłowy typ."
"""%1"" contains non-alphabetic or non-numeric characters.","""%1"" zawiera znaki spoza alfabetu lub nieliczbowe."
"""%1"" is an empty string.","""%1"" jest pustym ciągiem znaków."
"""%1"" contains non-numeric characters.","""%1"" zawiera znaki nieliczbowe."
"""%1"" contains non-alphabetic characters.","""%1"" zawiera znaki spoza alfabetu."
"""%1"" is not a valid email address.","""%1"" nie jest prawidłowym adresem e-mail."
"""%1"" is not a valid hostname.","""%1"" nie jest prawidłową nazwą hosta."
"""%1"" uses too many characters.","""%1"" używa zbyt wiele znaków."
"'%value%' looks like an IP address, which is not an acceptable format.","'%value%' wygląda jak adres IP, który ma niedopuszczalny format."
"'%value%' looks like a DNS hostname but contains a dash in an invalid position.","'%value%' wygląda jak nazwa hosta DNS ale zawiera kreski w nieprawidłowej pozycji."
"'%value%' looks like a DNS hostname but we cannot match it against the hostname schema for TLD '%tld%'.","'%value%' wygląda jak nazwa hosta DNS, ale nie można dopasować go do schematu nazwy hosta dla TDU '%tld%'."
"'%value%' looks like a DNS hostname but cannot extract TLD part.","'%value%' wygląda jak nazwa hosta DNS, ale nie można wyodrębnić części TLD."
"'%value%' does not look like a valid local network name.","'%value%' nie wygląda jak nazwa sieci lokalnej."
"'%value%' looks like a local network name, which is not an acceptable format.","'%value%' wygląda jak nazwa sieci lokalnej, która ma nie dopuszczalny format."
"'%value%' appears to be a DNS hostname, but the given punycode notation cannot be decoded.","'%value%' zdaje się być nazwą hosta DNS ale zawiera kreskę w niewłaściwym miejscu."
"""%1"" is not a valid URL.","""%1"" nie jest poprawnym adresem URL."
"""%1"" is not a valid date.","""%1"" nie jest prawidłową datą."
"""%1"" does not fit the entered date format.","""%1"" nie pasuje do wpisanego formatu daty."
"Please enter a valid date between %1 and %2 at %3.","Prosimy o wprowadzenie poprawnej daty pomiędzy %1 i %2 w %3."
"Please enter a valid date equal to or greater than %1 at %2.","Prosimy o wprowadzenie poprawnej daty równej lub większej niż %1 na %2."
"Please enter a valid date less than or equal to %1 at %2.","Prosimy o wprowadzenie poprawnej daty mniejszej lub równej niż %1 na %2."
"""%1"" is not a valid file extension.","""%1"" nie jest prawidłowym rozszerzeniem pliku."
"""%1"" is not a valid file.","""%1"" nie jest prawidłowym plikiem."
"""%1"" exceeds the allowed file size.","""%1"" przekracza dozwoloną wielkość pliku."
"""%1"" is not a valid image format.","""%1"" nie jest prawidłowym formatem pliku obrazu."
"""%1"" width exceeds allowed value of %2 px.","""%1"" szerokość przekracza dozwoloną wartość %2 px."
"""%1"" height exceeds allowed value of %2 px.","Wysokość ""%1"" przekracza dozwoloną wartość %2 px."
"""%1"" length must be equal or greater than %2 characters.","""%1"" długość musi być równa lub większa niż %2 znaków."
"""%1"" length must be equal or less than %2 characters.","""%1"" długość musi być równa lub mniejsza niż %2 znaków."
"Please enter a customer email.","Wprowadź adres e-mail klienta."
"A customer website ID must be specified when using the website scope.","Identyfikator witryny klienta musi zostać określony podczas korzystania z zakresu witryny."
"You can't delete group ""%1"".","Nie można usunąć grupy ""%1""."
"Customer Group already exists.","Grupa klientów już istnieje."
"Cannot delete group.","Nie można usunąć grupy."
"Error during VAT Number verification.","Błąd podczas weryfikacji numeru VAT."
"PHP SOAP extension is required.","Rozszerzenie PHP SOAP jest wymagane."
"VAT Number is valid.","Numer NIP jest poprawny."
"Please enter a valid VAT number.","Proszę podać prawidłowy numer NIP."
"Your VAT ID was successfully validated.","Twój numer VAT został zweryfikowany."
"You will be charged tax.","Zostanie doliczony podatek"
"You will not be charged tax.","Nie zostanie doliczony podatek"
"The VAT ID entered (%1) is not a valid VAT ID.","Podany numer (%1) nie jest prawidłowym numerem VAT."
"Your Tax ID cannot be validated.","Twój numer VAT nie może zostać zweryfikowany."
"If you believe this is an error, please contact us at %1","Jeśli uważasz, że to błąd, skontaktuj się z nami - %1"
Male,Mężczyzna
Female,Kobieta
"Not Specified","Nie określono"
"Thank you for registering with","Dziękujemy za rejestrację w"
"enter your billing address for proper VAT calculation","Wprowadź adres rozliczeniowy w celu prawidłowego obliczenia podatku VAT"
"enter your shipping address for proper VAT calculation","Wprowadź adres wysyłki w celu prawidłowego obliczenia podatku VAT"
"Please enter new password.","Wprowadź nowe hasło."
NoSuchEntityException,"Wyjątek NoSuchEntityException"
InputException.,"Wyjątek InputException."
InputException,"Wyjątek InputException"
"Validator Exception","Walidator wyjątku"
"Localized Exception","Zlokalizowanie wyjątku"
"NOT LOGGED IN","NIE ZALOGOWANY"
"Please enter the state/province.","Prosimy wpisać region/województwo."
"region is a required field.","pole Region jest wymagane."
"regionId is a required field.","RegionId jest polem wymaganym."
Label,Etykieta
Visitor,Odwiedzający
"Are you sure you want to remove this item?","Czy na pewno chcesz usunąć tę pozycję?"
"Personal Information","Dane osobiste"
"Last Logged In:","Ostatnio zalogowano:"
"Last Logged In (%1):","Ostatnio zalogowano w (%1):"
"Account Lock:","Blokada konta:"
"Confirmed email:","Potwierdzony e-mail:"
"Account Created:","Konto założone:"
"Account Created on (%1):","Miejsce utworzenia (%1):"
"Account Created in:","Miejsce utworzenia:"
"Customer Group:","Grupa klienta:"
"Default Billing Address","Domyślny adres rozliczeniowy"
"Sales Statistics","Statystyki sprzedaży"
"Average Sale","Średnia sprzedaż"
"Manage Addresses","Zarządzaj adresami"
"Default Shipping Address","Domyślny adres dostawy"
"Contact Information","Informacje kontaktowe"
"Change Password","Zmień hasło"
Newsletters,Newslettery
"You are subscribed to ""General Subscription"".","Jesteś zapisany do ""Ogólna subskrypcja""."
"Default Addresses","Domyślne adresy"
"Change Billing Address","Zmień adres rozliczeniowy"
"You have no default billing address in your address book.","Nie masz podstawowego adresu płatnika w książce adresowej."
"Change Shipping Address","Zmień adres dla dostawy"
"You have no default shipping address in your address book.","Nie masz podstawowego adresu wysyłki w książce adresowej."
"Additional Address Entries","Dodatkowe adresy"
"Delete Address","Usuń adres"
"Street Address %1","Ulica i numer %1"
"It's a default billing address.","Jest to domyślny adres rozliczeniowy."
"Use as my default billing address","Użyj jako domyślnego adresu rozliczeniowego"
"It's a default shipping address.","Jest to domyślny adres wysyłkowy."
"Use as my default shipping address","Użyj jako domyślnego adresu dostawy"
"Go back",Powrót
"Please enter your email below and we will send you the confirmation link.","Proszę o wprowadzenie Twojego adresu e-mail, na ten adres przesłany zostanie link potwierdzający."
"Send confirmation link","Wyślij link potwierdzający"
"Back to Sign In","Powrót do logowania"
"Change Email","Zmień adres email"
"Change Email and Password","Zmień adres E-mail i hasło"
"Current Password","Bieżące hasło"
"Password Strength","Siła hasła"
"No Password","Bez hasła"
"Confirm New Password","Potwierdź nowe hasło"
"Please enter your email address below to receive a password reset link.","Podaj swój adres e-mail poniżej, aby otrzymać link do zresetowania hasła."
"Reset My Password","Zresetuj moje hasło"
"Registered Customers","Zarejestrowani klienci"
"If you have an account, sign in with your email address.","Jeśli posiadasz już konto, możesz zalogować się przy użyciu adresu e-mail."
"Subscription option","Opcje subskrypcji"
"General Subscription","Ogólny newsletter"
"Sign Up for Newsletter","Zapisz się, aby otrzymywać newsletter"
"Address Information","Informacje o adresie"
"Sign-in Information","Informacje logowania"
"Confirm Password","Potwierdź hasło"
"Set a New Password","Ustaw nowe hasło"
"You have signed out and will go to our homepage in 5 seconds.","Wylogowałeś się i zostaniesz przekierowany na stronę główną w ciągu 5 sekund."
"Creating an account has many benefits: check out faster, keep more than one address, track orders and more.","Posiadanie konta ma wiele zalet. Szybszy proces składania zamówienia, możliwość zapisywania swoich adresów i śledzenie stanu zamówień to tylko niektóre z nich."
Fax,Faks
"Tax/VAT number","Numer podatkowy/VAT"
"Welcome to %store_name","Witamy w %store_name"
"Welcome to %store_name.","Witamy w %store_name."
"To sign in to our site, use these credentials during checkout or on the <a href=""%customer_url"">My Account</a> page:","Aby zalogować się na naszej stronie, Użyj tych poświadczeń podczas realizacji zamówienia lub na stronie <a href=""%customer_url"">Moje konto</a>:"
Email:,E-mail:
Password:,Hasło:
"Password you set when creating account","Hasło, które można ustawić podczas tworzenia konta"
"Forgot your account password? Click <a href=""%reset_url"">here</a> to reset it.","Zapomniałeś swoje hasło? Kliknij <a href=""%reset_url""> tutaj</a> aby je zresetować."
"Proceed through checkout faster","Przejdź szybciej przez proces zakupowy"
"Check the status of orders","Sprawdź status zamówienia"
"View past orders","Przeglądania historii zamówień"
"Store alternative addresses (for shipping to multiple family members and friends)","Wielu adresów dostawy (np. jeśli często wysyłasz coś do rodziny i znajomych)"
"Please confirm your %store_name account","Proszę potwierdzić swoje konto %store_name"
"You must confirm your %customer_email email before you can sign in (link is only valid once):","Musisz potwierdzić e-mail %customer_email przed możesz zalogować (link obowiązuje tylko raz):"
"Confirm Your Account","Potwierdź konto"
"Thank you for confirming your %store_name account.","Dziękuję za potwierdzenie konta na %store_name."
"To sign in to our site and set a password, click on the <a href=""%create_password_url"">link</a>:","Zaloguj się na naszej stronie i ustaw hasło, kliknij na ten <a href=""%create_password_url""> link</a>:"
"Your %store_name email has been changed","Twój e-mail %store_name został zmieniony"
"Hello,","Witam,"
"We have received a request to change the following information associated with your account at %store_name: email.","Otrzymaliśmy prośbę o zmianę następujących informacji na Twoim koncie %store_name: email."
"If you have not authorized this action, please contact us immediately at <a href=""mailto:%store_email"">%store_email</a>","Jeżeli nie możesz wykonać tej akcji, proszę skontaktuj się natychmiastowo z nami na <a href=""mailto:%store_email"">%store_email</a>"
"or call us at <a href=""tel:%store_phone"">%store_phone</a>","lub zadzwoń do nas pod numer <a href=""tel:%store_phone"">%store_phone</a>."
"Thanks,<br>%store_name","Dzięki,<br>%store_name"
"Your %store_name email and password has been changed","Twój %store_name e-mail i hasło zostały zmienione"
"We have received a request to change the following information associated with your account at %store_name: email, password.","Otrzymaliśmy informację z prośbą o zmiane następujących informacji na Twoim koncie %store_name: email, hasło."
"Reset your %store_name password","Resetowanie hasła w %store_name"
"There was recently a request to change the password for your account.","Otrzymaliśmy żądanie zmiany hasła dla Twojego konta."
"If you requested this change, set a new password here:","Jeśli zażądałeś tej zmiany, ustaw swoje hasło tutaj:"
"If you did not make this request, you can ignore this email and your password will remain the same.","Jeśli nie chcesz zmieniać hasła, możesz zignorować ten komunikat i hasło pozostanie takie samo."
"Your %store_name password has been changed","Zmieniono hasło dla konta %store_name"
"We have received a request to change the following information associated with your account at %store_name: password.","Otrzymaliśmy informację z prośbą o zmianę następujących informacji na Twoim koncie %store_name: hasło."
"Checkout as a new customer","Kontynuuj Podsumowanie jako nowy klient"
"Creating an account has many benefits:","Stworzenie konta ma wiele korzyści:"
"See order and shipping status","Zobacz zamówienie i stan wysyłki"
"Track order history","Śledzenie historii zamówień"
"Check out faster","Zamawiaj szybciej"
"Checkout using your account","Kontynuuj Podsumowanie używając swojego konta"
"Are you sure you want to delete this address?","Czy na pewno chcesz usunąć ten adres?"
Weak,Słaby
Medium,Średni
Strong,Silny
"Very Strong","Bardzo silne"
"All Customers","Lista klientów"
"Now Online","Obecnie zalogowani"
"Customers Section","Sekcja klientów"
"Customer Configuration","Konfiguracja klienta"
"Account Sharing Options","Opcje udostępniania konta"
"Share Customer Accounts","Udostępniaj konta klientów"
"Create New Account Options","Opcje tworzenia nowego konta"
"Enable Automatic Assignment to Customer Group","Włącz automatyczne przydzielanie do grup klientów"
"Tax Calculation Based On","Obliczanie podatku oparte na"
"Default Group","Domyślna grupa"
"Group for Valid VAT ID - Domestic","Grupa dla poprawnych numerów VAT UE - krajowe"
"Group for Valid VAT ID - Intra-Union","Grupa dla poprawnych numerów VAT UE - wewnątrzwspólnotowe"
"Group for Invalid VAT ID","Grupa dla nieprawdiłowych numerów VAT UE"
"Validation Error Group","Grup niepoprawnych numerów"
"Validate on Each Transaction","Sprawdzaj poprawność podczas każdej transakcji"
"Default Value for Disable Automatic Group Changes Based on VAT ID","Domyślna wartość Wyłączania automatycznego zmieny grup w oparciu o VAT UE"
"Show VAT Number on Storefront","Pokaż numer VAT na Storefront"
"To show VAT number on Storefront, set Show VAT Number on Storefront option to Yes.","Aby wyświetlić numer VAT na sklepu, ustaw ""Pokaż numer VAT"" na Storefront."
"Default Email Domain","Domyślna domena e-mail"
"Default Welcome Email","Domyślny e-mail powitalny"
"Default Welcome Email Without Password","Ustaw domyślną powitalną wiadomość Email bez hasła"
"This email will be sent instead of the Default Welcome Email, if a customer was created without password. <br /><br />
                        Email template chosen based on theme fallback when ""Default"" option is selected.","Ten e-mail zostanie wysłany zamiast domyślnego e-maila powitalnego, jeśli klient został utworzony bez hasła. <br /><br />
                        Szablon wiadomości e-mail wybrany na podstawie szablonu awaryjnego, gdy wybrana jest opcja ""Domyślny""."
"Require Emails Confirmation","Wymagaj potwierdzenia przez e-mail"
"Confirmation Link Email","E-mail z linkiem potwierdzającym"
"Welcome Email","E-mail powitalny"
"This email will be sent instead of the Default Welcome Email, after account confirmation. <br /><br />
                        Email template chosen based on theme fallback when ""Default"" option is selected.","Ten e-mail zostanie wysłany zamiast domyślnego e-maila powitalnego po potwierdzeniu konta. <br /><br />
                        Szablon wiadomości e-mail wybrany na podstawie szablonu awaryjnego, gdy wybrana jest opcja ""Domyślny""."
"Generate Human-Friendly Customer ID","Wygeneruj przyjazny ID klienta"
"Password Options","Opcje hasła"
"Forgot Email Template","Szablon wiadomości przypominającej o e-mailu"
"Remind Email Template","Szablon e-maila przypominającego"
"Reset Password Template","Resetowanie hasła szablon"
"Password Template Email Sender","Szablon email wysyłki hasła"
"Number of Required Character Classes","Liczba wymaganych znaków klas"
"Number of different character classes required in password: Lowercase, Uppercase, Digits, Special Characters.","Liczba znaków różnych klas wymaganych w haśle: małe, wielkich liter, cyfr, znaków specjalnych."
"Minimum Password Length","minimalna długość hasła"
"Maximum Login Failures to Lockout Account","Maxymalna liczba nieudanych prób logowania do blokady konta"
"Use 0 to disable account locking.","Użyj 0 aby wyłączyć blokowanie konta."
"Lockout Time (minutes)","Czas blokady (w minutach)"
"Enable Autocomplete on login/forgot password forms","Włącz autouzupełnianie na formularzach logowania/przywracania hasła"
"Account Information Options","Opcje informacji o koncie"
"Change Email Template","Zmień email"
"Change Email and Password Template","Zmień adres E-mail i hasło"
"Name and Address Options","Opcje nazwy i adresu"
"Number of Lines in a Street Address","Ilość linii w polu adresu"
"Valid range: 1-4","Prawidłowy zakres: 1-4"
"Show Prefix","Pokazuj prefiks"
"The title that goes before name (Mr., Mrs., etc.)","Tytuł pojawiający się przed imieniem (Mr., Mrs., itp.)"
"Prefix Dropdown Options","Rozwijane opcje prefiksu"
"Semicolon (;) separated values.<br/>Leave empty for open text field.","Wartości oddzielone średnikiem (;).<br/>Pozostaw puste dla otwartego pola tekstowego."
"Show Middle Name (initial)","Pokazuj drugie imię (inicjał)"
"Always optional.","Zawsze opcjonalne."
"Show Suffix","Pokazuj sufiks"
"The suffix that goes after name (Jr., Sr., etc.)","Sufiks, który pojawia się po imieniu (Jr., Sr., itp.)"
"Suffix Dropdown Options","Rozwijane opcje sufiksu"
"Show Date of Birth","Pokazuj datę urodzenia"
"Show Tax/VAT Number","Pokazuj numer NIP"
"Show Gender","Pokazuj płeć"
"Show Telephone","Pokaż telefon"
"Show Company","Pokaż firme"
"Show Fax","Pokaż faks"
"Login Options","Opcje logowania"
"Redirect Customer to Account Dashboard after Logging in","Po zalogowaniu przekieruj klienta do panelu"
"Customer will stay on the current page if ""No"" is selected.","Klient pozostanie na aktualnej stronie jeśli jest wybrane ""Nie""."
"Address Templates","Szablony adresu"
"Online Customers Options","Opcje klientów online"
"Online Minutes Interval","Długość sesji klientów"
"Leave empty for default (15 minutes).","Pozostaw puste dla domyślnej wartości (15 minut)"
"Customer Data Lifetime","Żywotność danych klienta"
"Please specify value in minutes.","Podaj wartość w minutach."
"Customer Notification","Powiadomienie klienta"
"Assign a Customer Group","Przypisz grupę klientów"
"Are you sure to assign selected customers to new group?","Czy na pewno chcesz przypisać wybranych klientów do nowej grupy?"
"Customer Grid","Siatka klientów"
"Rebuild Customer grid index","Odbuduj indeks siatki klientów"
Group,Grupa
"Add New Customer","Dodaj klienta"
"Are you sure to delete selected customers?","Czy na pewno chcesz usunąć wybranych klientów?"
"Subscribe to Newsletter","Subskrybuj newsletter"
"Are you sure to unsubscribe selected customers from newsletter?","Czy na pewno chcesz wypisać wybranych klientów z newslettera?"
"Unsubscribe from Newsletter","Wypisz z newslettera"
"Customer Since","Klient od"
"Confirmed email","Potwierdzony e-mail"
"Account Created in","Miejsce utworzenia"
"Tax VAT Number","Numer NIP"
"Billing Firstname","Imię (do dostawy)"
"Billing Lastname","Nazwisko (do dostawy)"
"Account Lock","blokada konta"
"Last Activity","Ostatnia aktywność"
"Customer Information","Informacje o kliencie"
"If your Magento installation has multiple websites, you can edit the scope to associate the customer with a specific site.","Jeśli instalacja Magento ma wiele witryn, można edytować zakres, aby powiązać klienta z konkretną witryną."
"Disable Automatic Group Change Based on VAT ID","Wyłącz automatyczne zmiany grup w oparciu o VAT ID"
"Send Welcome Email From","Wyślij wiadomość powitalną z tego emaila"
"Are you sure you want to delete this item?","Czy na pewno chcesz usunąć ten element?"
Addresses,"Książka adresowa"
"Account Dashboard","Pulpit nawigacyjny konta"
"Edit Account Information","Edytuj informacje o koncie"
"Password forgotten","Zapomniane hasło"
"My Dashboard","Mój pulpit nawigacyjny"
"You are signed out","Jesteś wylogowany"
"You subscribe to our newsletter.","Subskrybujesz nasz biuletyn."
"You don't subscribe to our newsletter.","Nie subskrybujesz naszego newslettera."
"Maximum length must be less then %1 symbols","Maksymalna długość musi być mniejsza niż %1 symboli"
"Invalid input","Nieprawidłowe dane wejściowe"
"Confirm your new password.","Potwierdź nowe hasło."
"Something went wrong while changing the password.","Coś poszło nie tak podczas zmiany hasła."
"Please enter the first name.","Wprowadź imię."
"Please enter the last name.","Wprowadź nazwisko."
"Please enter the street.","Prosimy o wjazd na ulicę."
"Please enter the city.","Wprowadź miasto."
"Please enter the phone number.","Wprowadź numer telefonu."
"Please enter the zip/postal code.","Wprowadź kod pocztowy."
"Please enter the country.","Wprowadź kraj."
"Please enter a first name.","Wprowadź imię."
"Please enter a last name.","Wprowadź nazwisko."
"Please correct this email address: ""%1"".","Popraw ten adres e-mail: ""%1""."
"Please enter a date of birth.","Wprowadź datę urodzenia."
"Please enter a TAX/VAT number.","Wprowadź numer TAX/VAT."
"Please enter a gender.","Wprowadź płeć."
"'%value%' looks like a DNS hostname but we cannot match the TLD against known list.","'%value%' wygląda jak nazwa hosta DNS, ale nie możemy dopasować TLD do znanej listy."
"You subscribe to ""General Subscription"".","Subskrybujesz ""Subskrypcję ogólną""."
"The password for your account has been successfully changed.","Hasło do konta zostało pomyślnie zmienione."
"If you did not request this change, please contact us.","Jeśli nie zażądałeś tej zmiany, skontaktuj się z nami."
"Checkout out as a new customer","Wymeldowanie jako nowy klient"
"Create Account","Utwórz konto"
"Checkout out using your account","Wymeldowanie przy użyciu konta"
"Leave empty for default (2). Valid range: 1-4","Pozostaw puste dla wartości domyślnej (2). Prawidłowy zakres: 1-4"
"Semicolon (;) separated values.<br/>Put semicolon in the beginning for empty first option.<br/>Leave empty for open text field.","Średnik (;) oddziela wartości.<br/>Wstaw średnik na początku dla pustej pierwszej opcji.<br/>Pozostaw puste dla otwartego pola tekstowego."
"Last Logged In","Ostatnio zalogowany"
"You are signed out.","Jesteś wylogowany."
"Invalid value of ""%value"" provided for the %fieldName field. Possible values are %template1 or %template2.","Nieprawidłowa wartość ""%value"" podana dla pola %fieldName. Możliwe wartości to %template1 lub %template2."
"Could not authenticate. Please try again later","Nie można uwierzytelnić. Spróbuj ponownie później"
"Account will be unlocked after provided time.","Konto zostanie odblokowane po upływie określonego czasu."
"Text One Line","Tekst jednowierszowy"
"The account is locked. Please wait and try again or contact %1.","Konto jest zablokowane. Poczekaj i spróbuj ponownie lub skontaktuj się z %1."
"Provided Zip/Postal Code seems to be invalid.","Podany kod pocztowy jest nieprawidłowy."
" Example: "," Przykład:"
"If you believe it is the right one you can ignore this notice.","Jeśli uważasz, że jest ona właściwa, możesz zignorować to powiadomienie."
"Invalid Form Key. Please refresh the page.","Nieprawidłowy klucz formularza. Odśwież stronę."
"The password doesn't match this account. Verify the password and try again.","Hasło nie pasuje do tego konta. Zweryfikuj hasło i spróbuj ponownie."
"The email address is incorrect. Verify the email address and try again.","Adres e-mail jest nieprawidłowy. Zweryfikuj adres e-mail i spróbuj ponownie."
"The customer ID isn't defined.","Identyfikator klienta nie jest zdefiniowany."
"The quote items are incorrect. Verify the quote items and try again.","Pozycje wyceny są nieprawidłowe. Zweryfikuj pozycje wyceny i spróbuj ponownie."
"The ""%1"" section source isn't supported.","Źródło sekcji ""%1"" nie jest obsługiwane."
"Confirmation isn't needed.","Potwierdzenie nie jest potrzebne."
"The account is already active.","Konto jest już aktywne."
"The confirmation token is invalid. Verify the token and try again.","Token potwierdzenia jest nieprawidłowy. Zweryfikuj token i spróbuj ponownie."
"This account isn't confirmed. Verify and try again.","To konto nie zostało potwierdzone. Zweryfikuj i spróbuj ponownie."
"The password needs at least %1 characters. Create a new password and try again.","Hasło musi zawierać co najmniej %1 znaków. Utwórz nowe hasło i spróbuj ponownie."
"The password can't begin or end with a space. Verify the password and try again.","Hasło nie może zaczynać się ani kończyć spacją. Zweryfikuj hasło i spróbuj ponownie."
"The password can't be the same as the email address. Create a new password and try again.","Hasło nie może być takie samo jak adres e-mail. Utwórz nowe hasło i spróbuj ponownie."
"The store view is not in the associated website.","Widok sklepu nie znajduje się na powiązanej stronie internetowej."
"A customer with the same email address already exists in an associated website.","Klient o tym samym adresie e-mail istnieje już w powiązanej witrynie."
"The password token is mismatched. Reset and try again.","Token hasła jest niezgodny. Zresetuj i spróbuj ponownie."
"The password token is expired. Reset and try again.","Token hasła wygasł. Zresetuj i spróbuj ponownie."
"The transactional account email type is incorrect. Verify and try again.","Typ adresu e-mail konta transakcyjnego jest nieprawidłowy. Zweryfikuj i spróbuj ponownie."
"A valid password reset token is missing. Enter and try again.","Brak ważnego tokena resetowania hasła. Wprowadź i spróbuj ponownie."
"The customer email is missing. Enter and try again.","Brakuje adresu e-mail klienta. Wprowadź i spróbuj ponownie."
"A customer website ID wasn't specified. The ID must be specified to use the website scope.","Nie określono identyfikatora witryny klienta. Identyfikator musi zostać określony, aby można było korzystać z zakresu witryny."
"""regionId"" is required. Enter and try again.","""regionId"" jest wymagane. Wprowadź i spróbuj ponownie."
"Are you sure you want to delete a %1 record?","Czy na pewno chcesz usunąć rekord %1?"
"Customer not logged in","Klient niezalogowany"
"There is no address id in setting default billing address.","W ustawieniach domyślnego adresu rozliczeniowego nie ma identyfikatora adresu."
"Default billing address has been changed.","Domyślny adres rozliczeniowy został zmieniony."
"We can't change default billing address right now.","Nie możemy teraz zmienić domyślnego adresu rozliczeniowego."
"There is no address id in setting default shipping address.","W ustawieniach domyślnego adresu wysyłki nie ma identyfikatora adresu."
"Default shipping address has been changed.","Domyślny adres wysyłki został zmieniony."
"We can't change default shipping address right now.","Nie możemy teraz zmienić domyślnego adresu wysyłki."
"A total of %1 record(s) have been deleted.","Łącznie usunięto %1 rekordów."
"There is no such address entity to delete.","Nie ma takiego adresu do usunięcia."
"We can't mass delete the addresses right now.","Nie możemy teraz masowo usuwać adresów."
"Customer address has been updated.","Adres klienta został zaktualizowany."
"New customer address has been added.","Dodano nowy adres klienta."
"There is no customer with such id.","Nie ma klienta z takim identyfikatorem."
"We can't change customer address right now.","Nie możemy teraz zmienić adresu klienta."
Street,ul.
"Set as default billing","Ustaw jako domyślne rozliczenie"
"Set address as default billing","Ustaw adres jako domyślny adres rozliczeniowy"
"Are you sure you want to set the address as default billing address?","Czy na pewno chcesz ustawić ten adres jako domyślny adres rozliczeniowy?"
"Set as default shipping","Ustaw jako domyślną wysyłkę"
"Set address as default shipping","Ustaw adres jako domyślny adres wysyłki"
"Are you sure you want to set the address as default shipping address?","Czy na pewno chcesz ustawić ten adres jako domyślny adres wysyłki?"
"Delete address","Usuń adres"
"Are you sure you want to delete the address?","Czy na pewno chcesz usunąć adres?"
"Additional addresses","Dodatkowe adresy"
State,Stan
Actions,Działania
"Sorry, there has been an error processing your request. Please try again later.","Przepraszamy, wystąpił błąd podczas przetwarzania żądania. Spróbuj ponownie później."
"Reset password","Resetowanie hasła"
"Invalidate tokens","Unieważnianie tokenów"
"Update Address","Adres aktualizacji"
"Name Prefix","Prefiks nazwy"
"Name Suffix","Przyrostek nazwy"
"Are you sure to delete selected address?","Czy na pewno chcesz usunąć wybrany adres?"
"Are you sure you want to delete the selected customers?","Czy na pewno chcesz usunąć wybranych klientów?"
"Are you sure you want to unsubscribe the selected customers from the newsletter?","Czy na pewno chcesz wypisać wybranych klientów z newslettera?"
"The customer does not have default billing address","Klient nie ma domyślnego adresu rozliczeniowego"
"The customer does not have default shipping address","Klient nie ma domyślnego adresu wysyłki"
"Delete Orphan Balances","Usuń bilans sierot"
"Balance Change","Zmiana bilansu"
Balance,Bilans
"Customer notified","Klient powiadomiony"
Notified,Powiadomiony
"More information","Więcej informacji"
"Update Balance","Aktualizacja salda"
"An amount on which to change the balance","Kwota zmiany bilansu"
"Notify Customer by Email","Powiadom klienta przez e-mail"
"Send Email Notification From the Following Store View","Wyślij powiadomienie e-mail z następującego widoku sklepu"
"Failed to initialize customer","Nie można zainicjować klienta"
"The store credit payment has been removed from shopping cart.","Płatność kredytem kupieckim została usunięta z koszyka."
"You are not using store credit in your shopping cart.","Nie używasz kredytu sklepu w koszyku."
"Please set a website ID.","Wprowadź ID witryny."
"By admin: %1.","Przez Administratora: %1."
"By admin: %1. (%2)","Przez Administratora: %1. (%2)"
"Please also set the Store ID.","Podaj także ID sklepu."
"Please enter a store ID to send email notifications.","Wprowadź identyfikator sklepu do wysyłania powiadomień e-mail."
"Please specify a customer ID.","Proszę podać identyfikator klienta."
"Please specify a valid customer.","Określ prawidłowego klienta."
Used,Wykorzystane
"You need a balance to save your balance history.","Do zapisania historii salda potrzebne jest saldo."
"There is no credit memo set to balance model.","Brak noty kredytowej przypisanej do modelu wyliczania sumy koszyka."
"Order #%1, creditmemo #%2","Zamówienie nr %1, korekta nr %2"
"Unknown balance history action code","Nieznany kod działania historii salda"
"There is no order set to balance model.","Brak zamówienia przypisanego do modelu wyliczania sumy koszyka."
"You do not have enough store credit to complete this order.","Nie masz wystarczająco dużo kredytu sklepu do wykonania niniejszego zamówienia."
"You can't use more store credit than the order amount.","Nie można wykorzystać więcej środków niż wynosi kwota zamówienia."
"Store Credit Balance","Saldo kredytu kupieckiego"
"Balance History","Historia bilansu"
"Refund Store Credit to Store Credit","Zwrócony kredyt kupiecki będzie przechowywany w kredycie kupieckim"
"Refund Money to Store Credit","Zwrot pieniędzy na konto kredytu kupieckiego"
"Refund to Store Credit","Zwrot na konto kredytu kupieckiego"
"Use Store Credit (%1 available)","Wykorzysta kredyt sklepowy (dostępne %1)"
"Your balance is:",Saldo:
"Use Store Credit","Użyj kredytu kupieckiego"
available,dostępne
"Refunded to Store Credit","Zwrócono na konto kredytu kupieckiego"
"Store Credit update","Aktualizacja salda kredytowego"
"We have updated your <a href=""%store_url"">%store_name</a> account and you have credit that you can use for future purchases.","Zaktualizowaliśmy twoje <a href=""%store_url""> %store_name</a> konto i masz kredyt, którego możesz użyć płacąc za przyszłe zakupy."
"Your Store Credit balance is now %balance.","Twój Kredyt Sklepu wynosi teraz %balance."
"Store credit","Kredyt w sklepie"
"Store credit available","Dostępny kredyt sklepu"
"Your store credit was successfully applied","Pomyślnie zastosowano kartę kredytową w sklepie"
"Store Credit Options","Opcje kredytu kupieckiego"
"Enable Store Credit Functionality","Włącz kredyt kupiecki"
"Show Store Credit History to Customers","Pokaż klientom historię kredytu kupieckiego"
"Refund Store Credit Automatically","Zwróć kredyt kupiecki automatycznie"
"Store Credit Update Email Sender","Nadawca wiadomości e-mail o aktualizacji kredytu kupieckiego"
"Store Credit Update Email Template","Szablon wiadomości e-mail o aktualizacji kredytu kupieckiego"
"A balance is needed to save a balance history.","Saldo jest wymagane do zapisania historii salda."
"The balance history action code is unknown. Verify the code and try again.","Kod działania historii salda jest nieznany. Zweryfikuj kod i spróbuj ponownie."
"Customer Address Attributes","Atrybuty adresu nabywcy"
"Edit Customer Address Attribute ""%1""","Edytuj atrybut adresu klienta ""%1"""
"New Customer Address Attribute","Nowy atrybut adresu klienta"
"Lines Count","Liczba linii"
"Valid range 2-20","Prawidłowy zakres 2-20"
"Input Validation","Sprawdzanie danych wejściowych"
"Minimum Text Length","Minimalna długość  tekstu"
"Maximum Text Length","Maksymalna długość tekstu"
"Maximum File Size (bytes)","Maksymalny rozmiar pliku (bajty)"
"File Extensions","Rozszerzenia plików"
"Comma separated","Oddzielone przecinkami"
"Maximum Image Width (px)","Maksymalna szerokość obrazu (px)"
"Maximum Image Height (px)","Maksymalna wysokość obrazu (px)"
"Input/Output Filter","Filtr wejścia/wyjścia"
"Minimal value","Minimalna wartość"
"Maximum value","Maksymalna wartość"
"Select ""Yes"" to add this attribute to the list of column options in the customer grid.","Wybierz ""Tak"" żeby dodać ten atrybut do listy w kolumnie w siatce klienta."
"Select ""Yes"" to add this attribute to the list of filter options in the customer grid.","Wybierz ""Tak"" żeby dodać ten atrybut do listy opcji filtra w siatce klienta."
"Use in Search Options","Wykorzystanie w opcji wyszukiwania"
"Use in Search Option","Wykorzystanie w opcji wyszukiwania"
"Select ""Yes"" to add this attribute to the list of search options in the customer grid.","Wybierz ""Tak"" żeby dodać ten atrybut do listy opcji wyszukiwalnych w siatce klienta."
"Show on Storefront","Pokaż na witrynie"
"Forms to Use In","Formularze do wykorzystania w"
"Manage Label / Options","Zarządzaj etykietami/opcjami"
"Visible to Customer","Widoczny dla klienta"
"Customer Attributes","Cechy klienta"
"Edit Customer Attribute ""%1""","Edycja cechy klienta: %1"
"New Customer Attribute","Nowy atrybut klienta"
"Manage Form Types","Zarządzanie rodzajami formularzy"
"New Form Type","Nowy typ formularza"
"Edit Form Type ""%1""","Edycja typu formularza: %1"
"Form Label","Etykieta formularza"
"All Themes","Wszystkie motywy"
"For Theme","Dla motywu"
"Form Code","Kod formularza"
"Form Title","Tytuł formularza"
"New Fieldset","Nowy zestaw pól"
"Form Type Information","Formularz typu informacji"
"Type Code","Kod typu"
"Manage Customer Address Attributes","Zarządzanie cechami adresu klienta"
"You cannot delete this attribute.","Nie można usunąć tego atrybutu."
"You deleted the customer address attribute.","Usunięto cechę adresu."
"We can't delete the customer address attribute right now.","W tym momencie nie można usunąć cechy adresu."
"You cannot edit this attribute.","Nie można edytować tego atrybutu."
"Edit Customer Address Attribute","Edytuj atrybut adres klienta"
"You saved the customer address attribute.","Zapisano cechę adresu klienta."
"We can't save the customer address attribute right now.","W tym momencie nie można zapisać cechy adresu klienta."
"Manage Customer Attributes","Zarządzanie atrybutami klienta"
"You deleted the customer attribute.","Usunięto cechę klienta."
"The attribute no longer exists.","Taki atrybut nie istnieje."
"Edit Customer Attribute","Edytuj cechę klienta"
"You saved the customer attribute.","Zapisano cechę klienta."
"We can't save the form type right now.","Nie można zapisać typu formularza."
"This system form type cannot be deleted.","Systemowy typ nie może zostać usunięty."
"The form type has been deleted.","Typ został usunięty."
"We can't delete the form type right now.","Nie można usunąć typu formularza."
"Customer Address Registration","Rejestracja adresu klienta"
"Customer Account Address","Adres konta klienta"
"Customer Registration","Rejestracja klienta"
"Customer Account Edit","Edycja konta klienta"
"Admin Checkout","Zamówienie admina"
"Length Only","Tylko długość"
"An attribute code must not be more than %1 characters.","Kod atrybutu nie może zawierać więcej niż %1 znaków."
"Fieldset Properties","Właściwości zestawu pól"
"Fieldset Title","Tytuł zestawu pól"
"Fieldset Code","Kod zestawu pól"
"A fieldset with the same code alredy exists.","Zestaw pól o tym samym kodzie już istnieje."
"This fieldset is not empty!","Ten zestaw pól nie jest pusty!"
"Choose Website:","Wybierz stronę:"
"VAT Number","Numer VAT"
State/Province,Państwo/Prowincja
"This is your default billing address.","To jest twój domyślny adres rozliczeniowy."
"This is your default shipping address.","To jest twój domyślny adres wysyłkowy."
"Customer Address","Adres klienta"
"Default Shipping Address","Domyślny adres wysyłki"
"Comma separated. Forbidden file extensions: %1.","Rozdzielone przecinkami. Niedozwolone rozszerzenia plików: %1."
"Store Credit","Kredyt sklepowy"
"The attribute code needs to be %1 characters or fewer. Re-enter the code and try again.","Kod atrybutu musi mieć %1 lub mniej znaków. Wprowadź ponownie kod i spróbuj ponownie."
"Please specify a finance information website.","Proszę określić stronę informacji finansowej."
"Please specify a valid finance information website.","Proszę określić prawidłową stronę informacji finansowej."
"A row with this email, website, and finance website combination already exists.","Wiersz posiadający kombinację tego adresu e-mail, strony oraz strony finansowej już istnieje."
"Data was imported by %1","Dane zostały zaimportowane przez %1"
"Reward Points","Punkty lojalnościowe"
"Current customer does not have access to the resource ""%1""","Bieżący klient nie ma dostępu do zasobu ""%1"""
"Customer id %1 does not exist.","Identyfikator klienta %1 nie istnieje."
"Required parameters are missing: %1","Brakuje wymaganych parametrów: %1"
"Customer Address %1 is set as default billing address and can not be deleted","Adres %1 jest domyślnym adresem rozliczeniowym i nie może zostać usunięty"
"Customer Address %1 is set as default shipping address and can not be deleted","Adres %1 jest domyślnym adresem dostawy i nie może zostać usunięty"
"Could not find a address with ID ""%address_id""","Nie można znaleźć adresu o identyfikatorze ""%address_id"""
"Current customer does not have permission to address with ID ""%address_id""","Obecny klient nie ma uprawnień do adresu o identyfikatorze ""%address_id""."
"The current customer isn't authorized.","Obecny klient nie jest autoryzowany."
"Customer with id ""%customer_id"" does not exist.","Klient o identyfikatorze ""%customer_id"" nie istnieje."
"Provide the current ""password"" to change ""email"".","Podaj aktualne ""hasło"", aby zmienić ""e-mail""."
"Specify the ""currentPassword"" value.","Określ wartość ""currentPassword""."
"Specify the ""newPassword"" value.","Określ wartość ""newPassword""."
"""input"" value should be specified","Należy określić wartość ""input"""
"Address ""id"" value should be specified","Należy określić wartość ""id"" adresu"
"Specify the ""email"" value.","Określ wartość ""email""."
"Specify the ""password"" value.","Określ wartość ""hasła""."
"""Email should be specified","""E-mail powinien być określony"
"Please specify a website.","Proszę określić stronę internetową."
"Please specify an email.","Prosimy o podanie adresu e-mail."
"We found an invalid value in a website column.","Znaleźliśmy nieprawidłową wartość w kolumnie strony."
"Please enter a valid email.","Prosimy wpisać poprawny adres e-mail."
"Please make sure attribute ""%s"" is not empty.","Proszę upewnić się, że atrybut ""%s"" nie jest pusty."
"We can't find a customer who matches this email and website code.","Nie możemy znaleźć klienta, który pasuje do tej wiadomości e-mail i witryny."
"Customer address id column is not specified","Identyfikator kolumny adresu klienta nie jest określony"
"We can't find that customer address.","Nie możemy znaleźć tego adresu klienta."
"Please enter a valid region.","Podaj poprawny region."
"We found another row with this email, website and address ID combination.","Znaleźliśmy inny wiersz z taką kombinacją e-maila, strony internetowej i identyfikatora adresu."
"This email is found more than once in the import file.","Ten e-mail znajduje się więcej niż jeden raz w pliku importu."
"Orphan rows that will be skipped due default row errors","Osierocone wiersze, które zostaną pominięte z powodu domyślnych błędów wiersza"
"Invalid value in Store column (store does not exists?)","Nieprawidłowa wartość w kolumnie Sklep (sklep nie istnieje?)"
"We can't find that email and website combination.","Nie możemy znaleźć tej kombinacji e-maila i strony internetowej."
"Please enter a password with a valid length.","Proszę wprowadzić hasło o prawidłowej długość."
"An email wasn't specified. Enter the email and try again.","Nie podano adresu e-mail. Wprowadź adres e-mail i spróbuj ponownie."
Segments,Segmenty
"Add Segment","Dodaj segnemt"
"Refresh Segment Data","Odśwież dane segmentu"
"Edit Segment '%1'","Edytuj Segment '%1'"
"New Segment","Nowy segment"
"Segment Information","Informacje o segmencie"
"* applicable to visitors and registered customers","* dotyczy Gości i zarejestrowanych klientów"
"General Properties","Ogólne właściwości"
"Segment Name","Nazwa segmentu"
"Assigned to Website","Przypisane do witryny"
"Apply To","Zastosuj do"
"Visitors and Registered Customers","Goście i zarejestrowani klienci"
Visitors,Odwiedzający
"Please save this information to specify segmentation conditions.","Prosimy o zapisanie tych informacji do określenia warunków segmentacji."
"Matched Customers (%1)","Dopasowano klientów (%1)"
"Customer Segment Report","Raport o segmencie klienckim"
"Customer Segment Report '%1'","Raport o segmencie klienta '%1'"
"Customer Segments Report","Raport o segmentach klienckich"
"Please request the correct customer segment.","Proszę o zapytanie o poprawny segment klienta."
"You deleted the segment.","Usunąłeś segment."
"Unable to delete the segment.","Nie można usunąć segmentu."
"Customer Segments","Segmenty klienckie"
"Edit Segment","Edytuj Segment"
"Segment Customers matching error","Błąd dopasowania segmentu klientów"
"You saved the segment.","Segment został zapisany."
"We can't save the segment right now.","Nie możemy teraz zapisać tego segmentu."
Reports,Raporty
"Viewing combined ""%1"" report from segments: %2.","Wyświetlanie łącznego ""%1"" raportu z segmentów: %2."
"The Customer Segment data has been refreshed.","Dane segmentu klientów zostały odświeżone."
Union,Związek
Intersection,"Część wspólna"
"Applies to All of the Specified Customer Segments","Odnosi się do wszystkich wyszczególnionych segmentów klienckich"
"Apply to the Selected Customer Segments","Zastosuj do wybranych segmentów klienckich"
contains,zawiera
"does not contains","nie zawiera"
"Matched %1 Customers of Segment %2","Dopasowani %1 Klienci segmentu %2"
"Unknown operator specified.","Nieznany operator."
"Product List","Lista produktów"
"Product History","Historia produktu"
"Wrong ""ApplyTo"" type","Niewłaściwy typ ""ApplyTo"""
"If Customer Addresses match %1 of these Conditions:","Jeśli adres klienta spełnia %1 z warunków:"
"Address Attributes","Cechy adresu"
"Customer Address %1","Adres klienta %1"
"Default Address","Domyślny adres"
Billing,Rozliczenie
"Customer Address %1 Default %2 Address","Adres klienta %1 Domyślny %2 adres"
"Has State/Province","Ma województwo"
"If Customer Address %1 State/Province specified","Jeśli w adresie klienta %1 jest określone województwo"
has,ma
"does not have","nie ma"
exists,istnieje
"does not exist","nie istnieje"
"Customer %1","Klient %1"
"Newsletter Subscription","Subskrypcja newsletter'a"
"Customer is %1 to newsletter.","Klient %1 jest przypisany do newslettera."
subscribed,subskrybowało
"not subscribed","nie subskrybowało"
"Customer Store Credit Amount %1 %2:","Saldo kredytu kupieckiego klienta %1 %2:"
"Date Range","Zakres dat"
"Open Chooser","Otwórz selektor"
"Date Range %1 within %2","Zakres dat od %1 do %2"
"If Order Addresses match %1 of these Conditions:","Jeżeli adres zamówienia pasuje do warunków %1:"
"Order Address Attributes","Cechy adresu zamówienia"
"Order Address %1","Adres zamówienia %1"
"Address Type","Typ adresu"
"Order Address %1 a %2 Address","Zamówienia adres %1 %2 adres"
"Order Status","Stan zamówienia"
"Order Status %1 %2:","Status zamówienia %1 %2:"
"Product %1","Produkt %1"
"Date Ranges","Zakresy dat"
viewed,obejrzało
ordered,zamówiło
was,było
"was not","nie było"
"If Product %1 %2 and matches %3 of these Conditions:","Jeśli produkt %1 %2 i spełnia %3 z warunków:"
"Wish List","Lista życzeń"
found,znaleziono
"not found","nie znaleziono"
"If Product is %1 in the %2 with %3 of these Conditions match:","Jeśli produkt jest %1 w %2 z %3 z warunków:"
"Order Address","Adres zamówienia"
"Sales Amount","Kwota sprzedaży"
"Number of Orders","Liczba zamówień"
"Purchased Quantity","Ilość zakupionych"
"%1 %2 %3 %4 while %5 of these Conditions match:","%1 %2 %3 %4 podczas kiedy %5 z tych warunków pasują:"
"If Customer Segment %1 %2","Jeśli segment kliencki %1 %2"
matches,pasuje
"does not match","nie pasuje"
"is one of","jest jednym z"
"is not one of","nie jest jednym z"
"Shopping Cart Total","Wartość koszyka"
"Grand Total",Łącznie
"Gift Card","Karta podarunkowa"
"Shopping Cart %1 Amount %2 %3:","Zakupy koszyka %1 na kwotę %2 %3:"
"Unknown quote total specified.","Nieznana suma podanych kwotowań."
"Number of Cart Line Items","Liczba pozycji koszyka"
"Number of Shopping Cart Line Items %1 %2:","Liczba linii pozycji w koszyku %1 %2:"
"Products Quantity","Ilość produktów"
"Shopping Cart Products Qty %1 %2:","Liczba produktów w koszyku %1 %2:"
"equals or greater than","równy lub większy niż"
"equals or less than","równy lub mniejszy niż"
"greater than","większy niż"
"less than","mniej niż"
"Up To Date",Aktualne
"Period %1 %2 Days Up To Date","Okres %1 %2 dni do daty"
"Customer Segment","Segment kliencki"
"Use in Customer Segment","Wykorzystaj w segmencie klienckim"
"Enable Customer Segment Functionality","Włącz funkcję segmentacji klienckiej"
"Refresh Data","Odśwież dane"
"Manage Segments","Zarządzaj segmentami"
"View Combined Report","Zobacz łączny raport"
"We're unable to delete the segement.","Nie możemy usunąć segmentu."
"Custom Condition","Stan niestandardowy"
"The quote total specified is unknown. Verify the total and try again.","Podana suma kwotowania jest nieznana. Sprawdź sumę i spróbuj ponownie."
"AVS result code","Kod wyników AVS"
"CVN result code","Kod wyników CVN"
"Card number","Numer karty"
"Card expiry date","Karta ważna do"
Decision,Decyzja
"Risk Score","Ocena ryzyka"
"Risk Factor","Czynnik ryzyka"
"Reference number","Numer referencyjny"
"Excessive address change. The customer changed the billing address two or more times in the last six months","Częsta zmiana adresu. Klient zmienił adres rozliczeniowy dwa lub więcej razy w ciągu ostatnich sześciu miesięcy"
"Card BIN or authorization risk. Risk factors a e related to credit card BIN and/or card authorization checks","Ryzyko BIN lub autoryzacji karty. Czynniki ryzyka związane z kartą kredytową BIN lub kontrolą autoryzacji karty"
"High number of account numbers. The customer used more than six credit cards numbers in the last six months","Duża liczba numerów kont. Klienta użył więcej niż sześć numerów kart kredytowych w ciągu ostatnich sześciu miesięcy"
"Email address impact. The customer uses a free email provider, or the email address is risky","Wpływ adresu e-mail. Klient używa darmowego dostawcy poczty elektronicznej, lub adres e-mail jest podejrzany"
"Positive list. The customer is on your positive list. Decision Manager Developer Guide Using the Simple Order AP  January 201 10 Appendix  Information and Reply Code","Lista pozytywna. Klient jest na liście pozytywnej. Poradnik Zarządzania Decyzją dla Programistów Używających Prostego Zamówienia AP ze stycznia 201 10 dodatku Informacji i Kodu Odpowiedzi"
"Negative list. The account number, street add ess, email address, or IP address for this order appears on your negative list","Lista negatywna. Numer konta, ulica, adres e-mail lub adres IP dla tego zamówienia pojawia się na liście negatywne"
"Geolocation inconsistencies. The customer’s email domain, phone number, billing address, shipping address, or IP address is suspicious","Niespójności geolokacji. Domena adresu e-mail klienta, numer telefonu, adres rozliczeniowy, adres wysyłkowy lub adres IP klienta są podejrzane"
"Excessive name changes. The customer changed the name two or more times in the last six months","Nadmierne zmiany nazwy. Klient zmienił nazwę dwa lub więcej razy w ciągu ostatnich sześciu miesięcy"
"Internet inconsistencies. The IP address  nd email domain are not consistent with the billing address","Niespójności Internetu. Adres IP i domena e-mail nie są zgodne z adresem rozliczeniowym"
"Nonsensical input. The customer name and address fields contain meaningless words or language","Bezsensowne dane wejściowe. Pola nazwy i adresu klienta zawierają słowa lub język nie mające znaczenia"
"Obscenities. The customer’s input contains obscene words","Obsceniczność. Dane wejściowe klienta zawiera wulgaryzmy"
"Identity morphing. Multiple values of an  dentity element are linked to a value of a different identity element. For example, m ltiple phone numbers are linked to a single account number","Metamorfozy tożsamości. Wiele wartości elementu tożsamości są połączone z wartościami elementów różnych tożsamości. Na przykład wiele numerów telefonicznych jest połączonych z jednym kontem"
"Phone inconsistencies. The customer’s phone number is suspicious","Niespójność telefonu. Numer telefonu klienta jest podejrzany"
"Risky order. The transaction, customer, and merchant information show multiple high-risk correlations","Ryzykowne zamówienia. Transakcja, klient i informacja handlowa pokazuje wiele korelacji wysokiego ryzyka"
"Time hedge. The customer is attempting a purchase outside of the expected hours","Ramy czasowe. Klient próbuje dokonać zakupu poza zwykłymi godzinami"
"Unverifiable address. The billing or shipping address cannot be verified","Adres niemożliwy do zweryfikowania. Nie można zweryfikować adresu rozliczeniowego lub adresu wysyłki"
"Velocity. The account number was use  many times in the past 15 minutes","Pilne. Numer konta był wykorzystany wiele razy w ciągu ostatnich 15 minut"
"Marked as suspect. The billing or shipping address is similar to an address previously marked as suspect","Oznaczone jako podejrzane. Adres rozliczeniowy lub adres wysyłki są podobne do adresu poprzednio oznaczonego jako podejrzany"
"Gift Order. The street address, city, state, or country of the billing and shipping addresses do not correlate","Zamówienie prezent. Adres, miasto, region lub kraj płatności adresów rozliczenia i wysyłki nie korelują ze sobą"
"Invalid value. Because the request contains an unexpected value, a default value was substituted. Although the transact on can still be processed, examine the request carefully for abnormalities in the order","Nieprawidłowa wartość. Ponieważ zapytanie zawiera nieoczekiwaną wartość, została zastąpiona wartością domyślną. Chociaż transakcja nadal może być przetworzona, zbadaj ją z punktu widzenia o nieprawidłowości w zamówieniu"
"Unknown factor. Please contact Cybersource customer service","Nieznany czynnik. Skontaktuj się z obsługa klienta Cybersource"
"Payment Token Build Error.","Błąd kompilacji tokenu płatności."
"Your payment has been declined. Please try again.","Twoja płatność została odrzucona. Proszę spróbować ponownie."
"CC type field should be provided","Należy podać pole CC"
"Gateway validation error","Błąd sprawdzania poprawności bramy"
"Risk Factor Q","Czynnik ryzyka Q"
"Risk Factor V","Czynnik ryzyka V"
Cybersource,CyberSource
"Profile ID","Identyfikator profilu"
"Access Key","Klucz dostępu"
"Secret Key","Tajny klucz"
"Webhook URL","Adres URL elementu webhook"
"Webhook URL should be set in your Cybersource account as Transaction Response Page.","Adres URL Webhook powinien być ustawiony na koncie Cybersource jako strona odpowiedzi na transakcję."
"Is admin panel works on the different domain?","Czy panel administracyjny działa na różnych domenach?"
"Admin Profile ID","Identyfikator profilu administratora"
"Admin Access Key","Klucz dostępu administratora"
"Admin Secret Key","Tajny klucz administratora"
"Admin Webhook URL","Adres URL webhooka administratora"
"The credit card type field needs to be provided. Select the field and try again.","Należy podać pole typu karty kredytowej. Wybierz pole i spróbuj ponownie."
"Import failed: %1","Import nieudany: %1"
"%1 does not implement %2","%1 nie implementuje %2"
"File app/etc/%1 can't be read. Please check if it exists and has read permissions.","Nie można odczytać pliku app/etc/%1. Sprawdź, czy istnieje i czy ma uprawnienia do odczytu."
"There are no sensitive configurations to fill","Nie ma wrażliwych konfiguracji do wypełnienia"
"Value can't be empty","Wartość nie może być pusta"
"A configuration with this path does not exist or is not sensitive","Konfiguracja z tą ścieżką nie istnieje lub nie jest wrażliwa"
"Cannot switch into given mode ""%1""","Nie można przełączyć w dany tryb ""%1"""
"Wrong logger interface specified.","Wybrana została błędna instancja loggera."
"Hash has not been saved.","Hash nie został zapisany."
"Parameter ""importer_class"" must be present.","Parametr ""importer_class"" musi być obecny."
"The configuration file has changed. Run app:config:import or setup:upgrade command to synchronize configuration.","Plik konfiguracyjny uległ zmianie. Uruchom polecenie app:config:import lub setup:upgrade, aby zsynchronizować konfigurację."
"Wrong type specified: '%1'","Podano nieprawidłowy typ: '%1'"
"Wrong queue type specified.","Podano nieprawidłowy typ kolejki."
"Compilation from source: ","Kompilacja ze źródła: "
"Wrong deploy strategy type: %1","Nieprawidłowy typ strategii wdrażania: %1"
"some message","jakaś wiadomość"
"The value can't be empty. Enter the value and try again.","Wartość nie może być pusta. Wprowadź wartość i spróbuj ponownie."
"The mode can't be switched to ""%1"".","Nie można przełączyć trybu na ""%1""."
"The hash isn't saved.","Skrót nie jest zapisywany."
"The parameter ""importer_class"" is missing. Set the ""importer_class"" and try again.","Brakuje parametru ""importer_class"". Ustaw ""importer_class"" i spróbuj ponownie."
"The configuration file has changed. Run the ""app:config:import"" or the ""setup:upgrade"" command to synchronize the configuration.","Plik konfiguracyjny uległ zmianie. Uruchom polecenie ""app:config:import"" lub ""setup:upgrade"", aby zsynchronizować konfigurację."
"Format for IDE '%1' is not supported","Format dla IDE '%1' nie jest obsługiwany"
"Client side compilation doesn't work in production mode","Kompilacja po stronie klienta nie działa w trybie produkcyjnym"
"Client side less compilation","Kompilacja less po stronie klienta"
"Server side less compilation","Kompilacja less po stronie serwera"
"Frontend Development Workflow","Przepływ pracy frontend"
"Workflow type","Rodzaj przepływu pracy"
"Not available in production mode","Niedostępne w trybie produkcyjnym"
"Developer Client Restrictions","Ograniczony dostęp"
"Allowed IPs (comma separated)","Dozwolone IP (oddzielone przecinkami)"
"Leave empty for access from any location.","Pozostaw puste, aby umożliwić dostęp z każdej lokalizacji."
"Log to File","Zapis do pliku"
"Not available in production mode.","Niedostępne w trybie produkcyjnym."
"Front-end development workflow","Przepływ pracy programisty front-end"
"Magento was installed with a table prefix. Please re-install without prefix.","Magento zostało zainstalowane z prefiksem tabeli. Prosimy o ponowną instalację bez prefiksu."
"Log to Syslog","Logowanie do Syslog"
"Select this to allow DHL to optimize shipping charges by splitting the order if it exceeds %1 %2.","Wybierz tę opcję, aby umożliwić DHL zoptymalizować koszty wysyłki przez dzielenie zamówienia, jeżeli przekracza ono %1 %2."
"Wrong Content Type","Nieprawidłowy rodzaj zawartości"
Pounds,Funty
Kilograms,Kilogramy
Inches,Cale
Centimeters,Centymetry
inch,Cal
Height,Wysokość
Depth,Głębokość
Width,Szerokość
Regular,Standardowy
Specific,Wybrane
"Easy shop","Łatwy zakup"
"Express easy","Łatwy ekspres"
"Medical express","Ekspres medyczny"
"Express worldwide","Ekspres międzynarodowy"
"Express 9:00","Ekspres 9:00"
"Express 10:30","Ekspres 10:30"
"Domestic economy select","Wybór ekonomicznej krajowej"
"Economy select","Wybór ekonomiczny"
"Domestic express 9:00","Ekspres krajowy 9:00"
"Domestic express","Krajowy ekspress"
Others,Inne
"Globalmail business","Działalność Globalmail"
"Same day","Ten sam dzień"
"Express 12:00","Ekspres 12:00"
"Express envelope","Ekspresowa koperta"
"Domestic express 12:00","Ekspres krajowy 12:00"
"Freight worldwide","Dostawa międzynarodowa"
"Jumbo box","Pudełko Jumbo"
"DHL service is not available at %s date","Usługa DHL jest niedostepna dnia %s"
"The response is in wrong format.","Odpowiedź ma niepoprawny format."
"We had to skip DHL method %1 because we couldn't find exchange rate %2 (Base Currency).","Musieliśmy pominąć metodę DHL %1, ponieważ nie mogliśmy znaleźć kursu %2 (waluty bazowej)."
"Zero shipping charge for '%1'","Zerowe opłaty dostawy dla '%1'"
"Cannot identify measure unit for %1","Nie można zidentyfikować jednostki miary dla %1"
"Cannot identify weight unit for %1","Nie można zidentyfikować jednostki wagi dla %1"
"There is no items in this order","Brak produktów w tym zamówieniu"
"Please specify origin country.","Prosimy o określenie kraju pochodzenia."
Documents,Dokumenty
"Non Documents","Inne niż dokumenty"
"Height, width and length should be equal or greater than %1","Wysokość, szerokość i długość powinny być równe lub większe niż %1"
"Wrong Region","Niewłaściwy region"
"Unable to retrieve tracking","Nie udało się pobrać informacji o śledzeniu przesyłki"
"Response is in the wrong format","Odpowiedź ma niepoprawny format"
"Error #%1 : %2","Błąd #%1: %2"
"No packages for request","Brak paczki dla tego zapytania"
"Unable to retrieve shipping label","Nie można pobrać etykiety wysyłki"
"Non documents","Inne niż dokumenty"
"Security validation of XML document has been failed.","Walidacja bezpieczeństwa dokumentu XML nie powiodła się."
"The response is in the wrong format","Odpowiedź ma niewłaściwy format"
"Enabled for Checkout",Włączone
"Gateway URL","Adres URL bramki"
"Access ID","Identyfikator dostępu"
"Account Number","Numer konta"
"Content Type","Typ zawartości"
"Calculate Handling Fee","Oblicz koszt przygotowania przesyłki"
"Handling Applied","Wliczono koszty manipulacyjne"
"""Per Order"" allows a single handling fee for the entire order. ""Per Package"" allows an individual handling fee for each package.","""Na zamówienie"" pozwala pojedynczy manipulacyjnej za całość zamówienia. ""Na pakiet"" umożliwia indywidualne odstępnego dla każdego pakietu."
"Handling Fee","Opłata manipulacyjna"
"Divide Order Weight","Podziel wagę zamówienia"
"Select this to allow DHL to optimize shipping charges by splitting the order if it exceeds 70 kg.","Wybierz tę opcję, aby umożliwić DHL zoptymalizować koszty wysyłki przez dzielenie zamówienia, jeżeli przekracza ono 70 kg."
"Weight Unit","Jednostka wagi"
Size,Rozmiar
"Allowed Methods","Dozwolone metody"
"Displayed Error Message","Wyświetlony błąd"
"Free Method","Darmowa metoda"
"Enable Free Shipping Threshold","Włącz próg darmowej wysyłki"
"Free Shipping Amount Threshold","Próg darmowej wysyłki"
"Ship to Applicable Countries","Dostawa do stosownych krajów"
"Ship to Specific Countries","Dostawa do wybranych krajów"
"Show Method if Not Applicable","Pokaż metodę jeśli niedostępna"
"Break bulk economy","Złamać ekonomię masową"
"Customer services","Obsługa klienta"
"Please, specify origin country","Podaj kraj pochodzenia"
"Ready time","Czas gotowości"
"Package ready time after order submission (in hours)","Czas przygotowania paczki po złożeniu zamówienia (w godzinach)"
"The security validation of the XML document has failed.","Walidacja zabezpieczeń dokumentu XML nie powiodła się."
"Content Type (Non Domestic)","Typ zawartości (niekrajowa)"
"Documents Allowed Methods","Dozwolone metody dla dokumentów"
"Non Documents Allowed Methods","Metody niedozwolone w dokumentach"
lbs,funty
kgs,kg
"Requested country is not available.","Żądany kraj nie jest dostępny."
"Undefined rate from ""%1-%2"".","Niezdefiniowany zakres od ""%1-%2""."
"Please correct the target currency.","Proszę poprawić w walucie docelowej."
"We can't retrieve a rate from %1 for %2.","Nie możemy uzyskać stawki dla %1 z %2."
"We can't retrieve a rate from %1.","Nie możemy pobrać stawki z %1."
"FATAL ERROR:","BŁĄD KRYTYCZNY:"
"Please specify the correct Import Service.","Proszę sprecyzuj prawidłową obsługę importu."
WARNING:,OSTRZEŻENIE:
"Please correct the country code: %1.","Proszę poprawić kod kraju: %1."
"Country and Format Type combination should be unique","Kombinacja kraju i typu formatu powinna być unikalna"
"Please correct the rates received","Proszę poprawić stawki cen"
"Your current currency is: %1.","Aktualna waluta: %1."
Continue,Kontynuuj
"Currency Update Warnings","Ostrzeżenia aktualizacji waluty"
"Currency Setup","Ustawienia waluty"
"Currency Options","Opcje waluty"
"Base Currency","Waluta podstawowa"
"Base currency is used for all online payment transactions. The base currency scope is defined by the catalog price scope (""Catalog"" > ""Price"" > ""Catalog Price Scope"").","Waluta bazowa jest używana we wszystkich transakcjach płatności online. Zakres waluty bazowej jest definiowany przez zakres cen katalogowych (""Katalog"" > ""Cena"" > ""Zakres cen katalogowych"")."
"Default Display Currency","Domyślna wyświetlana waluta"
"Allowed Currencies","Dopuszczone waluty"
"Connection Timeout in Seconds","Timeout połączenia w sekundach"
"Scheduled Import Settings","Zaplanowane ustawienia importu"
"Error Email Recipient","Błąd e-mail: nieprawidłowy odbiorca"
"Error Email Sender","Błąd e-mail: nieprawidłowy nadawca"
"Error Email Template","Błąd w szablonie e-mail"
Service,Usługa
"Installed Currencies","Zainstalowane waluty"
"Zip/Postal Code is Optional for","Kod pocztowy jest Opcjonalnie dla"
"State Options","Opcje regionów"
"State is Required for","Region jest wymagany dla"
"Allow to Choose State if It is Optional for Country","Umożliwia wybór województwa, jeśli jest opcjonalny dla kraju"
"Base currency is used for all online payment transactions. If you have more than one store view, the base currency scope is defined by the catalog price scope (""Catalog"" > ""Price"" > ""Catalog Price Scope"").","Waluta bazowa jest używana dla wszystkich transakcji płatności online. Jeśli masz więcej niż jeden widok sklepu, zakres waluty bazowej jest definiowany przez zakres cen katalogowych (""Katalog"" > ""Cena"" > ""Zakres cen katalogowych"")."
"No API Key was specified or an invalid API Key was specified.","Nie określono klucza API lub określono nieprawidłowy klucz API."
"The account this API request is coming from is inactive.","Konto, z którego pochodzi to żądanie API, jest nieaktywne."
"The ""%1"" is not allowed as base currency for your subscription plan.","Waluta ""%1"" nie jest dozwolona jako waluta bazowa dla planu subskrypcji."
"An invalid base currency has been entered.","Wprowadzono nieprawidłową walutę bazową."
"Currency rates can't be retrieved.","Nie można pobrać kursów walut."
"API Key","Klucz API"
"The country isn't available.","Kraj nie jest dostępny."
"Currency Converter API","API przelicznika walut"
"Document is not saved due to error.","Dokument nie jest zapisany ze względu na błąd."
"More than one node matching the query: %1","Więcej niż jeden wynik pasuje do zapytania: %1"
"Invalid XML in file %1:\n%2","Nieprawidłowy kod XML w pliku %1:\n%2"
"Invalid Document \n%1","Nieprawidłowy dokument \n%1"
"Downloadable Information","Informacje o produktach do pobrania"
"Add New Link","Dodać nowy Link"
"Upload Files","Załaduj pliki"
Unlimited,Nielimitowany
"Something went wrong while getting the requested content.","Coś się zepsuło podczas uzyskiwania żądanej zawartości."
"My Downloadable Products","Produkty do pobrania"
"We can't find the link you requested.","Nie możemy znaleźć linka którego zażądałeś."
"Please sign in to download your product or purchase <a href=""%1"">%2</a>.","Proszę się zalogować, aby ściągnąć produkt lub zakup <a href=""%1"">%2</a>."
"Please sign in to download your product.","Proszę się zalogować, aby ściągnąć produkt."
"The link has expired.","Link utracił ważność."
"The link is not available.","Link jest niedostępny."
"Sorry, there was an error getting requested content. Please contact the store owner.","Niestety, wystąpił błąd podczas pobierania. Prosimy o kontakt z właścicielem sklepu."
"Please set resource file and link type.","Prosimy wybrać plik źródłowy i typ odnośnika"
"Invalid download link type.","Nieprawidłowy typ odnośnika pobierania"
"Provided content must be valid base64 encoded data.","Podana treść musi być prawidłowo zakodowana w formacie base64."
"Provided file name contains forbidden characters.","Podana nazwa pliku zawiera niedozwolone znaki."
"Link file not provided","Nie podano pliku łącza"
"Link price must have numeric positive value.","Cena linku musi mieć dodatnią wartość liczbową."
"Number of downloads must be a positive integer.","Liczba pobrań musi być dodatnią liczbą całkowitą."
"Sort order must be a positive integer.","Kolejność sortowania musi być dodatnią liczbą całkowitą."
"Link URL must have valid format.","Łącze URL musi mieć prawidłowy format."
"Provided file content must be valid base64 encoded data.","Podana treść pliku musi być prawidłowo zakodowana w formacie base64."
"Sample URL must have valid format.","Adres URL próbki musi mieć prawidłowy format."
"Order id cannot be null","ID zamówienia nie może być puste"
"Order item id cannot be null","ID elementu zamówienia nie może być puste"
"Provided product must be type 'downloadable'.","Dostarczony produkt musi być typu ""do pobrania""."
"Provided link information is invalid.","Podany link jest nieprawidłowy."
"Invalid link type.","Nieprawidłowy typ łącza."
"Link title cannot be empty.","Tytuł linku nie może być pusty."
"There is no downloadable link with provided ID.","Nie ma linku do pobrania z podanym identyfikatorem."
"Provided downloadable link is not related to given product.","Podany link do pobrania nie jest powiązany z danym produktem."
"Cannot delete link with id %1","Nie można usunąć linku o id %1"
"Please specify product link(s).","Określ link(i) produktu"
"Sample file not provided","Przykładowy plik nie został dostarczony"
"Provided sample information is invalid.","Podane przykładowe informacje są nieprawidłowe."
"Invalid sample type.","Nieprawidłowy typ próbki."
"Sample title cannot be empty.","Tytuł próbki nie może być pusty."
"There is no downloadable sample with provided ID.","Nie ma próbki do pobrania z podanym identyfikatorem."
"Provided downloadable sample is not related to given product.","Dostarczona próbka do pobrania nie jest związana z danym produktem."
"Cannot delete sample with id %1","Nie można usunąć próbki o id %1"
attachment,załącznik
inline,liniowy
Pending,Oczekujący
"To enable the option set the weight to no","Aby włączyć opcję ustaw wagę na nie"
"Is this downloadable Product?","Jest to produkt do pobrania?"
Links,Linki
"Links can be purchased separately","Linki mogą zostać kupione osobno"
"Alphanumeric, dash and underscore characters are recommended for filenames. Improper characters are replaced with '_'.","Litery alfabetu, kreski i podkreślenia są polecane dla nazw plików. Nieprawidłowe znaki zostaną zastąpione przez '_'."
"Add Link","Dodaj link"
Sample,próbka
Shareable,Współdzielony
"Max. Downloads","Maksymalna ilość ściągnięć"
Samples,Przykłady
sample,próbka
"Is this a downloadable Product?","Czy to produkt do pobrania?"
"Add links to your product files here.","Dodaj linki do swoich produktów."
"Attach File or Enter Link","Dodaj plik lub wklej linka"
"Add product preview files here.","Dodaj podgląd plików produktu."
"Unselect all","Odznacz wszystko"
"Go to <a href=""%1"">My Downloadable Products</a>","Przejdź do <a href=""%1"">Produkty do pobrania</a>"
"Downloadable Products","Produkty do pobrania"
"Remaining Downloads","Pozostałe ściągnięcia"
"View Order","Zobacz zamówienie"
"Start Download","Rozpocznij pobieranie"
"You have not purchased any downloadable products yet.","Nie kupowałeś jeszcze żadnych produktów do pobrania."
download,ściągnij
"Downloadable Product Section","Sekcja Produktów do pobrania"
Downloads,Pobrania
"Downloadable Product Options","Opcje produktów do pobrania"
"Order Item Status to Enable Downloads","Status elementu zamówienia umożliwiający pobranie"
"Default Maximum Number of Downloads","Domyślna maksymalna ilość ściągnięć"
"Default Sample Title","Domyślny tytuł dla próbek"
"Default Link Title","Domyślny tytuł dla linków"
"Open Links in New Window","Otwórz linki w nowym oknie"
"Use Content-Disposition","Użyj rozmieszczenia treści"
"Disable Guest Checkout if Cart Contains Downloadable Items","Wyłącz zakupy dla niezalogowanych jeśli koszyk zawiera produkty do pobrania"
"Guest checkout will only work with shareable.","Zakupy dla niezalogowanych będą działały tylko ze współdzielonymi"
"Product type of the product must be 'downloadable'.","Typ produktu musi być ""do pobrania""."
"The product needs to be the downloadable type. Verify the product and try again.","Produkt musi być typu do pobrania. Zweryfikuj produkt i spróbuj ponownie."
"The link information is invalid. Verify the link and try again.","Informacje o łączu są nieprawidłowe. Zweryfikuj łącze i spróbuj ponownie."
"The link type is invalid. Verify and try again.","Typ łącza jest nieprawidłowy. Sprawdź i spróbuj ponownie."
"The link title is empty. Enter the link title and try again.","Tytuł łącza jest pusty. Wprowadź tytuł linku i spróbuj ponownie."
"No downloadable link with the provided ID was found. Verify the ID and try again.","Nie znaleziono łącza do pobrania z podanym identyfikatorem. Zweryfikuj identyfikator i spróbuj ponownie."
"The downloadable link isn't related to the product. Verify the link and try again.","Link do pobrania nie jest powiązany z produktem. Zweryfikuj łącze i spróbuj ponownie."
"The link with ""%1"" ID can't be deleted.","Link o identyfikatorze ""%1"" nie może zostać usunięty."
"The sample information is invalid. Verify the information and try again.","Informacje o próbce są nieprawidłowe. Zweryfikuj informacje i spróbuj ponownie."
"The sample type is invalid. Verify the sample type and try again.","Typ próbki jest nieprawidłowy. Sprawdź typ próbki i spróbuj ponownie."
"The sample title is empty. Enter the title and try again.","Przykładowy tytuł jest pusty. Wprowadź tytuł i spróbuj ponownie."
"No downloadable sample with the provided ID was found. Verify the ID and try again.","Nie znaleziono próbki do pobrania z podanym identyfikatorem. Zweryfikuj ID i spróbuj ponownie."
"The downloadable sample isn't related to the product. Verify the link and try again.","Próbka do pobrania nie jest powiązana z produktem. Zweryfikuj łącze i spróbuj ponownie."
"The sample with ""%1"" ID can't be deleted.","Próbka o identyfikatorze ""%1"" nie może zostać usunięta."
"Default Label","Domyślna etykieta"
"Default label","Domyślna etykieta"
"Values Required","Wartości wymagane"
"Decimal Number","Liczba dziesiętna"
"Integer Number","Wartość typu integer"
Letters,Litery
"Letters (a-z, A-Z) or Numbers (0-9)","Litery (a-z, A-Z) lub cyfry (0-9)"
"Input type ""%value%"" not found in the input types list.","Pole typu %value%"" nie zostało odnalezione na liście typów pól."""
"Entity object is undefined","Obiekt jednostki jest niezdefiniowany"
"""%1"" is not a valid image format","""%1"" nie jest prawidłowym formatem obraz"
"""%1"" cannot contain more than %2 lines.","""%1"" nie może zawierać więcej niż %2 linii."
"Attribute group does not belong to provided attribute set","Grupa atrybutów nie należy do podanego zestawu atrybutów"
"Cannot save attributeGroup","Nie można zapisać attributeGroup"
"Cannot delete attributeGroup with id %1","Nie można usunąć atrybutu attributeGroup o id %1"
"AttributeSet with id ""%1"" does not exist.","AttributeSet o id ""%1"" nie istnieje."
"Wrong attribute set id provided","Podano nieprawidłowy identyfikator zestawu atrybutów"
"Attribute group does not belong to attribute set","Grupa atrybutów nie należy do zestawu atrybutów"
"Attribute set not found: %1","Nie znaleziono zestawu atrybutów: %1"
"Attribute ""%1"" not found in attribute set %2.","Atrybut ""%1"" nie został znaleziony w zestawie atrybutów %2."
"System attribute can not be deleted","Atrybut systemowy nie może zostać usunięty"
"Cannot save attribute","Nie można zapisać atrybutu"
"Attribute with attributeCode ""%1"" does not exist.","Atrybut o kodzie atrybutu ""%1"" nie istnieje."
"Cannot delete attribute.","Nie można usunąć atrybutu."
"Attribute with id ""%1"" does not exist.","Atrybut o id ""%1"" nie istnieje."
"There was an error saving attribute set.","Wystąpił błąd podczas zapisywania zestawu atrybutów."
"Default attribute set can not be deleted","Domyślny zestaw atrybutów nie może zostać usunięty"
"There was an error deleting attribute set.","Wystąpił błąd podczas usuwania zestawu atrybutów."
"Invalid entity_type specified: %1","Określono nieprawidłowy typ jednostki: %1"
"Entity is not initialized","Jednostka nie została zainicjowana"
"Unknown parameter","Nieznany parametr"
"The attribute code '%1' is reserved by system. Please try another attribute code","Kod atrybutu '%1' jest zarezerwowany przez system. Spróbuj ponownie z innym kodem"
"Invalid default decimal value","Nieprawidłowa domyślna wartość dziesiętna"
"Invalid default date","Nieprawidłowa data domyślna"
"Invalid entity supplied","Podano nieprawidłowy podmiot"
"Invalid backend model specified: %1","Określono nieprawidłowy model backendu: %1"
"Source model ""%1"" not found for attribute ""%2""","Model źródłowy %1"" nie znaleziony dla cechy ""%2"""
"The value of attribute ""%1"" must be unique","Wartość atrybutu ""%1"" musi być unikalna"
"Invalid date","Nieprawidłowa data"
"Empty attribute code","Pusty kod atrybutu"
"Attribute %1 doesn't work with options","Atrybut %1 nie działa z opcjami"
"Cannot save attribute %1","Nie można zapisać atrybutu %1"
"Attribute %1 doesn't have any option","Atrybut %1 nie ma żadnej opcji"
"Cannot load options for attribute %1","Nie można załadować opcji dla atrybutu %1"
"Attribute %1 does not contain option with Id %2","Atrybut %1 nie zawiera opcji o Id %2"
"Entity attribute with id ""%1"" not found","Atrybut podmiotu o id ""%1"" nie został znaleziony"
"Attribute set name is empty.","Nazwa zestawu atrybutów jest pusta."
"An attribute set named ""%1"" already exists.","Zestaw atrybutów o nazwie ""%1"" już istnieje."
"No options found.","Żadne opcje nie znalezione."
"Invalid entity supplied: %1","Podano nieprawidłowy podmiot: %1"
"Attempt to add an invalid object","Próba dodania nieprawidłowego obiektu"
"Invalid attribute identifier for filter (%1)","Nieprawidłowy identyfikator filtru atrybutu (%1)"
"Invalid attribute requested: %1","Żądany nieprawidłowy atrybut: %1"
"Joint field or attribute expression with this alias is already declared","Połączone pole lub określenie cechy tym aliasem zostało zadeklarowane wcześniej"
"Invalid alias, already exists in joint attributes","Nieprawidłowy alias, taki sam istnieje już w połączonych cechach"
"Invalid foreign key","Nieprawidłowy klucz obcy"
"Invalid entity type","Nieprawidłowy typ podmiotu"
"Invalid attribute type","Nieprawidłowy typ atrybutu"
"A joined field with this alias is already declared.","Połączone pole z podanym aliasem zostało zadeklarowane wcześniej."
"Invalid joint fields","Nieprawidłowe połączone pola"
"A joint field with this alias (%1) is already declared.","Wspólne pole z tym aliasem (%1) jest już zadeklarowane."
"Data integrity: No header row found for attribute","Integralność danych: Nie znaleziono wiersza nagłówka dla atrybutu"
"Invalid attribute name: %1","Nieprawidłowa nazwa atrybutu: %1"
"Invalid character encountered in increment ID: %1","Napotkano na nieprawidłowy znak w polu zwiększania ID: %1"
"The current module pathname is undefined.","Nie zdefiniowano ścieżki dla bieżącego modułu."
"The current module EAV entity is undefined.","Nie zdefiniowano encji EAV dla bieżącego modułu."
"The form code is not defined.","Nie zdefiniowano kodu formularza."
"The entity instance is not defined.","Instancja jednostki nie jest zdefiniowana."
"Invalid form type.","Nieprawidłowy typ formularza."
"Invalid EAV attribute","Nieprawidłowy atrybut EAV"
"Attribute with the same code","Atrybut z tym samym kodem"
"The storefront label is not defined.","Nie podano etykiety dla sklepu."
"Default option value is not defined","Domyślna wartość opcji nie jest zdefiniowana"
"Attribute group with same code already exist. Please rename ""%1"" group","Grupa atrybutów o tym samym kodzie już istnieje. Zmień nazwę grupy ""%1"""
"Form Element with the same attribute","Element formularza z taką samą cechą"
"Form Fieldset with the same code","Pole formularza z takim samym kodem"
"Form Type with the same code","Typ formularza z takim samym kodem"
"The value of attribute ""%1"" is invalid.","Wartość atrybutu ""%1"" jest nieprawidłowa."
"Wrong entity ID","Nieprawidłowy identyfikator podmiotu"
"Wrong attribute set ID","Nieprawidłowy identyfikator zestawu atrybutów"
"Wrong attribute group ID","Nieprawidłowy identyfikator grupy atrybutów"
"An attribute code must not be less than %1 and more than %2 characters.","Kod atrybutu nie może mieć mniej niż %1 i więcej niż %2 znaków."
"Attribute with ID: ""%1"" does not exist","Atrybut o ID: ""%1"" nie istnieje"
"AttributeSet does not exist.","Zestaw cech nie istnieje."
hello,cześć
"Some internal exception message.","Jakiś wewnętrzny komunikat wyjątku."
"The value of attribute not valid","Wartość atrybutu nie poprawna"
"EAV types and attributes","Rodzaje encji EAV i ich atrybuty"
"Entity types declaration cache","Pamięć podręczna rodzajów encji"
"Entity types declaration cache.","Pamięć podręczna deklaracji typów podmiotów."
"'Invalid backend model specified: ' .","'Określono nieprawidłowy model backendu: ' ."
"Text Editor input type requires WYSIWYG to be enabled in Stores > Configuration > Content Management.","Typ wprowadzania Edytor tekstu wymaga włączenia opcji WYSIWYG w sekcji Sklepy > Konfiguracja > Zarządzanie treścią."
"The attribute group doesn't belong to the provided attribute set.","Grupa atrybutów nie należy do podanego zestawu atrybutów."
"The attributeGroup can't be saved.","AtrybutGroup nie może zostać zapisany."
"The group with the ""%1"" ID doesn't exist. Verify the ID and try again.","Grupa o identyfikatorze ""%1"" nie istnieje. Zweryfikuj ID i spróbuj ponownie."
"The attribute group with id ""%1"" can't be deleted.","Grupa atrybutów o id ""%1"" nie może zostać usunięta."
"The AttributeSet with a ""%1"" ID doesn't exist. Verify the attributeSet and try again.","Zestaw atrybutów o identyfikatorze ""%1"" nie istnieje. Zweryfikuj zestaw atrybutów i spróbuj ponownie."
"The attribute set ID is incorrect. Verify the ID and try again.","Identyfikator zestawu atrybutów jest nieprawidłowy. Zweryfikuj ID i spróbuj ponownie."
"The attribute group doesn't belong to the attribute set.","Grupa atrybutów nie należy do zestawu atrybutów."
"The ""%1"" attribute set wasn't found. Verify and try again.","Nie znaleziono zestawu atrybutów ""%1"". Zweryfikuj i spróbuj ponownie."
"The ""%1"" attribute wasn't found in the ""%2"" attribute set. Enter the attribute and try again.","Atrybut ""%1"" nie został znaleziony w zestawie atrybutów ""%2"". Wprowadź atrybut i spróbuj ponownie."
"The system attribute can't be deleted.","Atrybut systemowy nie może zostać usunięty."
"The attribute can't be saved.","Atrybut nie może zostać zapisany."
"The attribute with a ""%1"" attributeCode doesn't exist. Verify the attribute and try again.","Atrybut z kodem atrybutu ""%1"" nie istnieje. Zweryfikuj atrybut i spróbuj ponownie."
"The attribute can't be deleted.","Atrybut nie może zostać usunięty."
"The attribute with a ""%1"" ID doesn't exist. Verify the attribute and try again.","Atrybut o identyfikatorze ""%1"" nie istnieje. Zweryfikuj atrybut i spróbuj ponownie."
"The attribute set couldn't be saved due to an error. Verify your information and try again. If the error persists, please try again later.","Zestaw atrybutów nie mógł zostać zapisany z powodu błędu. Zweryfikuj informacje i spróbuj ponownie. Jeśli błąd nadal występuje, spróbuj ponownie później."
"The default attribute set can't be deleted.","Domyślnego zestawu atrybutów nie można usunąć."
"The attribute set couldn't be deleted due to an error. Try again — if the error persists, please try again later.","Zestaw atrybutów nie mógł zostać usunięty z powodu błędu. Spróbuj ponownie - jeśli błąd nadal występuje, spróbuj ponownie później."
"This parameter is unknown. Verify and try again.","Ten parametr jest nieznany. Sprawdź i spróbuj ponownie."
"The default decimal value is invalid. Verify the value and try again.","Domyślna wartość dziesiętna jest nieprawidłowa. Sprawdź wartość i spróbuj ponownie."
"The default date is invalid. Verify the date and try again.","Domyślna data jest nieprawidłowa. Sprawdź datę i spróbuj ponownie."
"The entity supplied is invalid. Verify the entity and try again.","Podany podmiot jest nieprawidłowy. Zweryfikuj podmiot i spróbuj ponownie."
"The ""%1"" backend model is invalid. Verify the backend model and try again.","Model zaplecza ""%1"" jest nieprawidłowy. Zweryfikuj model zaplecza i spróbuj ponownie."
"The attribute code is empty. Enter the code and try again.","Kod atrybutu jest pusty. Wprowadź kod i spróbuj ponownie."
"The ""%1"" attribute doesn't work with options.","Atrybut ""%1"" nie działa z opcjami."
"The ""%1"" attribute can't be saved.","Atrybut ""%1"" nie może zostać zapisany."
"The ""%1"" attribute has no option.","Atrybut ""%1"" nie ma opcji."
"The options for ""%1"" attribute can't be loaded.","Nie można załadować opcji dla atrybutu ""%1""."
"The ""%1"" attribute doesn't include an option with ""%2"" ID.","Atrybut ""%1"" nie zawiera opcji o identyfikatorze ""%2""."
"The entity attribute with the ""%1"" ID isn't found. Reset the attribute and try again.","Atrybut encji o identyfikatorze ""%1"" nie został znaleziony. Zresetuj atrybut i spróbuj ponownie."
"The attribute set name is empty. Enter the name and try again.","Nazwa zestawu atrybutów jest pusta. Wprowadź nazwę i spróbuj ponownie."
"A ""%1"" attribute set name already exists. Create a new name and try again.","Nazwa zestawu atrybutów ""%1"" już istnieje. Utwórz nową nazwę i spróbuj ponownie."
"The ""%1"" entity supplied is invalid. Verify the entity and try again.","Podana jednostka ""%1"" jest nieprawidłowa. Zweryfikuj podmiot i spróbuj ponownie."
"The object wasn't added because it's invalid. To continue, enter a valid object and try again.","Obiekt nie został dodany, ponieważ jest nieprawidłowy. Aby kontynuować, wprowadź prawidłowy obiekt i spróbuj ponownie."
"The ""%1"" attribute requested is invalid. Verify the attribute and try again.","Żądany atrybut ""%1"" jest nieprawidłowy. Zweryfikuj atrybut i spróbuj ponownie."
"The foreign key is invalid. Verify the foreign key and try again.","Klucz obcy jest nieprawidłowy. Zweryfikuj klucz obcy i spróbuj ponownie."
"The entity type is invalid. Verify the entity type and try again.","Typ podmiotu jest nieprawidłowy. Zweryfikuj typ podmiotu i spróbuj ponownie."
"The attribute type is invalid. Verify the attribute type and try again.","Typ atrybutu jest nieprawidłowy. Sprawdź typ atrybutu i spróbuj ponownie."
"A joint field with a ""%1"" alias is already declared.","Wspólne pole z aliasem ""%1"" jest już zadeklarowane."
"A header row is missing for an attribute. Verify the header row and try again.","Brak wiersza nagłówka dla atrybutu. Sprawdź wiersz nagłówka i spróbuj ponownie."
"The ""%1"" attribute name is invalid. Reset the name and try again.","Nazwa atrybutu ""%1"" jest nieprawidłowa. Zresetuj nazwę i spróbuj ponownie."
"The form type is invalid. Reset the type and try again.","Typ formularza jest nieprawidłowy. Zresetuj typ i spróbuj ponownie."
"The EAV attribute is invalid. Verify the attribute and try again.","Atrybut EAV jest nieprawidłowy. Zweryfikuj atrybut i spróbuj ponownie."
"The default option isn't defined. Set the option and try again.","Domyślna opcja nie jest zdefiniowana. Ustaw opcję i spróbuj ponownie."
"The entity ID is incorrect. Verify the ID and try again.","Identyfikator podmiotu jest nieprawidłowy. Zweryfikuj ID i spróbuj ponownie."
"The attribute group ID is incorrect. Verify the ID and try again.","Identyfikator grupy atrybutów jest nieprawidłowy. Zweryfikuj ID i spróbuj ponownie."
"These changes affect all related products.","Zmiany te dotyczą wszystkich powiązanych produktów."
"Text Editor","Edytor tekstu"
"""Entity type should be specified","""Należy określić typ podmiotu"
"""Attribute code should be specified","""Należy określić kod atrybutu"
"Attribute code %1 of entity type %2 not configured to have a type.","Kod atrybutu %1 typu podmiotu %2 nie został skonfigurowany jako typ."
"Missing %1 for the input %2.","Brak %1 dla wejścia %2."
"Type %1 has no internal representation declared.","Typ %1 nie ma zadeklarowanej wewnętrznej reprezentacji."
"Cannot resolve EAV type","Nie można rozpoznać typu EAV"
"The search failed because of a search engine misconfiguration.","Wyszukiwanie nie powiodło się z powodu błędnej konfiguracji wyszukiwarki."
"There is no such data mapper ""%1"" for interface %2","Nie ma takiego mappera danych ""%1"" dla interfejsu %2"
"Data mapper ""%1"" must implement interface %2","Mapper danych ""%1"" musi implementować interfejs %2"
"Could not ping search engine: %1","Nie można pingować silniku wyszukiwarki: %1"
"Elasticsearch Server Hostname","Nazwa hosta serwera Elasticsearch"
"Elasticsearch Server Port","Port serwera Elasticsearch"
"Elasticsearch Index Prefix","Indeks prefiks Elasticsearch"
"Enable Elasticsearch HTTP Auth","Włącz HTTP Auth w Elasticsearch"
"Elasticsearch HTTP Username","Nazwa użytkownika HTTP Elasticsearch"
"Elasticsearch HTTP Password","Hasło HTTP Elasticsearch"
"Elasticsearch Server Timeout","Czas odpowiedzi serwera Elasticsearch"
"Test Connection","Przetestuj połączenie"
"We were unable to perform the search because of a search engine misconfiguration.","Nie mogliśmy przeprowadzić wyszukiwania z powodu błędnej konfiguracji wyszukiwarki."
"Add New Template","Dodaj nowy szablon"
"Transactional Emails","E-maile sprzedażowe"
"Delete Template","Usuń szablon"
"Convert to Plain Text","Konwertuj na tekst niesformatowany"
"Return Html Version","Zwróć wersję HTML"
"Preview Template","Podgląd szablonu"
"Save Template","Zapisz szablon"
"Load Template","Załaduj szablon"
"Edit Email Template","Edycja szablonu e-mail"
"New Email Template","Nowy szablon e-mail"
"Template Information","Informacje o szablonie"
"Currently Used For","Obecnie wykorzystywane do"
"Template Name","Nazwa szablonu"
"Template Subject","Temat szablonu"
"Insert Variable...","Wstaw zmienną..."
"Template Content","Zawartość szablonu"
"Template Styles","Style szablonu"
"You deleted the email template.","Usunąłeś szablon wiadomości email."
"The email template is currently being used.","Szablon wiadomości e-mail jest aktualnie używany."
"We can't delete email template data right now. Please review log and try again.","Nie można usunąć szablonu e-mail teraz. Przejrzyj logi i spróbuj ponownie."
"We can't find an email template to delete.","Nie możemy znaleźć szablonu wiadomości e-mail do usunięcia."
"Edit Template","Edycja szablonu"
"Edit System Template","Edycja szablonu systemowego"
"New Template","Nowy szablon"
"New System Template","Nowy szablon systemowy"
"Email Templates","Szablony e-mail"
"Email Preview","Podgląd e-mail"
"An error occurred. The email template can not be opened for preview.","Wystąpił błąd. Nie można otworzyć szablonu wiadomości e-mail do podglądu."
"This email template no longer exists.","Taki szablon e-mail już nie istnieje."
"You saved the email template.","Zapisane w szablonie wiadomości e-mail."
"Area is already set","Obszar jest już ustawiony"
"Design config must have area and store.","Konfiguracja projektu musi obejmować obszar i sklep."
"Base Unsecure URL","Podstawowy niezabezpieczony adres URL"
"Base Secure URL","Bezpieczna baza adresów URL"
"General Contact Name","Ogólna nazwa osoby kontaktowej"
"General Contact Email","Ogólny kontaktowy adres e-mail"
"Sales Representative Contact Name","Imię i nazwisko przedstawiciela handlowego"
"Sales Representative Contact Email","E-mail kontaktowy przedstawiciela handlowego"
"Custom1 Contact Name","Nazwa kontaktu Custom1"
"Custom1 Contact Email","Kontaktowy adres e-mail Custom1"
"Custom2 Contact Name","Nazwa kontaktu Custom2"
"Custom2 Contact Email","Kontaktowy adres e-mail Custom2"
"Store Phone Number","Numer telefonu do sklepu"
"Store Hours","Godziny pracy sklepu"
Region/State,Region/państwo
"Street Address 1","Ulica Adres 1"
"Street Address 2","Ulica Adres 2"
"Store Contact Information","Dane kontaktowe sklepu"
"Template Variables","Zmienne szablonów"
"Please enter a template name.","Podaj nazwę szablonu."
"Duplicate Of Template Name","Duplikuj nazwę szablonu"
"Invalid transactional email code: %1","Nieprawidłowy kod e-maila sprzedażowego: %1"
"Requested invalid store ""%1""","Wywołano nieprawidłowy sklep ""%1"""
"""file"" parameter must be specified","""plik"" parametr musi być określony"
"Contents of %s could not be loaded or is empty","Zawartość %s nie mogła zostać załadowana lub jest pusta"
"""file"" parameter must be specified and must not be empty","""plik"" parametr musi być określony i nie może być pusty"
"Design params must be set before calling this method","Parametry projektu muszą być zestawem przed wywołaniem tej metody"
"<pre> %1 </pre>",%1
"CSS inlining error:","Inline błąd CSS:"
"Error filtering template: %s","Błąd filtrowania szablonu: %s"
"We're sorry, an error has occurred while generating this content.","Przepraszamy. Wystąpił błąd podczas generowania treści."
"Invalid sender data","Nieprawidłowe dane nadawcy"
"Load default template","Załaduj domyślny szablon"
"Are you sure you want to strip tags?","Czy na pewno chcesz usunąć znaczniki?"
"Are you sure you want to delete this template?","Czy na pewno chcesz usunąć ten szablon?"
"The template did not load. Please review the log for details.","Szablon nie został załadowany. Przejrzyj dziennik, aby uzyskać szczegóły."
"Thank you, %store_name","Dziękuję, %store_name"
"No Templates Found","Nie znaleziono szablonów"
"Template Type","Typ szablonu"
"Allowed file types: jpg, jpeg, gif, png. To optimize logo for high-resolution displays, upload an image that is 3x normal size and then specify 1x dimensions in the width/height fields below.","Dozwolone typy plików: jpg, jpeg, gif, png. Aby zoptymalizować logo pod kątem wyświetlaczy o wysokiej rozdzielczości, prześlij obraz, który ma 3-krotność normalnego rozmiaru, a następnie określ wymiary 1x w polach szerokości/wysokości poniżej."
"Logo Image","Obrazek logo"
"Logo Image Alt","ALT dla obrazka logo"
"Necessary only if an image has been uploaded above. Enter number of pixels, without appending ""px"".","Konieczne tylko, gdy zdjęcie zostało przesłane powyżej. Podaj liczbę pikseli, bez ""px""."
"Logo Width","Logo szerokość"
"Necessary only if an image has been uploaded above. Enter image height size in pixels without appending ""px"".","Konieczne tylko, gdy zdjęcie zostało przesłane powyżej. Podaj wysokość zdjęcia w pikselach, bez ""px""."
"Logo Height","Wysokość logo"
"Email template chosen based on theme fallback, when the ""Default"" option is selected.","Szablon e-mail wybrany na podstawie cofania w motywie, gdy wybrana jest opcja ""Domyślny""."
"Header Template","Nagłówek szablon"
"Footer Template","Szablon stopki"
"We're sorry, an error has occurred while generating this email.","Przepraszamy, wystąpił błąd podczas generowania tej wiadomości e-mail."
Emails,E-maile
"Allowed file types: jpg, jpeg, gif, png. To optimize logo for high-resolution displays, upload an image that is 3x normal size and then specify 1x dimensions in width/height fields below.","Dozwolone typy plików: jpg, jpeg, gif, png. Aby zoptymalizować logo pod kątem wyświetlaczy o wysokiej rozdzielczości, prześlij obraz, który ma 3-krotność normalnego rozmiaru, a następnie określ wymiary 1x w polach szerokości/wysokości poniżej."
"Only necessary if image has been uploaded above. Enter number of pixels, without appending ""px"".","Wymagane tylko wtedy, gdy obraz został przesłany powyżej. Wprowadź liczbę pikseli bez dodawania ""px""."
"Email template chosen based on theme fallback when ""Default"" option is selected.","Szablon wiadomości e-mail wybrany na podstawie szablonu awaryjnego, gdy wybrana jest opcja ""Domyślny""."
"The design config needs an area and a store. Verify that both are set and try again.","Konfiguracja projektu wymaga obszaru i sklepu. Sprawdź, czy oba są ustawione i spróbuj ponownie."
"To optimize logo for high-resolution displays, upload an image that is 3x normal size and then specify 1x dimensions in the width/height fields below.","Aby zoptymalizować logo pod kątem wyświetlaczy o wysokiej rozdzielczości, prześlij obraz, który ma 3-krotność normalnego rozmiaru, a następnie określ wymiary 1x w polach szerokości/wysokości poniżej."
"Change Encryption Key","Zmień klucz"
"Encryption Key","Klucz szyfrowania"
"New Encryption Key","Nowy klucz szyfrowania"
"The encryption key is used to protect passwords and other sensitive data.","Klucz szyfrowania jest używany do ochrony haseł i innych poufnych danych."
"Auto-generate a Key","Automatyczne generowanie klucza"
"The generated key will be displayed after changing.","Wygenerowany klucz będzie wyświetlony po zmianie."
"New Key","Nowy klucz"
"Deployment configuration file is not writable.","Plik konfiguracji wdrażania nie jest możliwy do zapisu."
"Please enter an encryption key.","Wprowadź klucz szyfrowania."
"The encryption key has been changed.","Klucz szyfrowania został zmieniony."
"This is your new encryption key: %1. Be sure to write it down and take good care of it!","To jest Twój nowy klucz szyfrowy: %1. Pamiętaj by go zapisać i na niego uważać!"
"Manage Encryption Key","Klucz szyfrowania"
"This is your new encryption key: <span style=""font-family:monospace;"">%1</span>. Be sure to write it down and take good care of it!","To jest nowy klucz szyfrowania: <span style=""font-family:monospace;"">%1</span>. Pamiętaj, aby go zapisać i dobrze o niego dbać!"
"Private Sales","Sprzedaż prywatna"
"Address Verification","Weryfikacja adresu"
"Email Verification","Weryfikacja adresu e-mail"
"Mobile Verification","Mobilna weryfikacja"
"Phone Verification","Weryfikacja numeru telefonu"
"Response Code","Kod Wiadomości"
"Fraud Message","Wiadomość oszustwa"
"Approve Message","Zatwierdzanie wiadomości"
"Wrong response type","Błędny typ odpowiedzi"
"Connection Type","Typ połączenia"
"Sandbox Mode","Tryb testowy"
"Live API Key","Klucz API na żywo"
"Live API Password","Live API hasło"
"Live Client-side Encryption Key","Live Client - boczne szyfrowanie klucza"
"Sandbox API Key","Klucz API piaskownicy"
"Sandbox API Password","Sandbox API Hasło"
"Sandbox Client-side Encryption Key","Sandbox Client - boczne szyfrowanie klucza"
"Transaction has been declined, please, try again later.","Transakcja została odrzucona. Prosimy spróbować ponownie później."
"Switch/Solo/Maestro Only","Tylko Switch/Solo/Maestro"
"Issue Number","Numer wydania"
"The response type is incorrect. Verify the type and try again.","Typ odpowiedzi jest nieprawidłowy. Zweryfikuj typ i spróbuj ponownie."
"Europe First Priority","Europa Pierwszy priorytet"
"1 Day Freight","Fracht 1-dniowy"
"2 Day Freight","Fracht 2-dniowy"
"2 Day",Dzień
"2 Day AM","2 Dzień AM"
"3 Day Freight","3-dniowy fracht"
Ground,Naziemny
"First Overnight","Pierwszy nocleg"
"Home Delivery","Dostawa do domu"
"International Economy","Ekonomiczna międzynarodowa"
"Intl Economy Freight","Fracht międzynarodowy ekonomiczny"
"International Ground","Ziemia międzynarodowa"
"International Priority","Priorytet międzynarodowy"
"Intl Priority Freight","Fracht międzynarodowy priorytetowy"
"Priority Overnight","Priorytet na drugi dzień"
"Smart Post","Sprytna poczta"
"Standard Overnight","Standard na drugi dzień"
Freight,Dostawa
"National Freight","Fracht krajowy"
"Regular Pickup","Standardowy odbiór"
"Request Courier","Zamów kuriera"
"Drop Box","Skrzynka pocztowa"
"Business Service Center","Centrum usług biznesowych"
Station,Stacja
"FedEx Envelope","Koperta FedEx"
"FedEx Box","Skrzynka FedEx"
"Your Packaging","Własne opakowanie"
"Not Required",Niewymagane
Adult,"Osoba pełnoletnia"
Direct,Bezpośrednio
Indirect,Niebezpośrednia
"Invalid response from carrier","Nieprawidłowa odpowiedź od przewoźnika"
"No available tracking items","Brak dostępnych produktów śledzenia"
"For some reason we can't retrieve tracking info right now.","Z jakiegoś powodu nam nie można pobrać informacji śledzenia teraz."
"Empty response","Pusta odpowiedź"
"Account ID","Identyfikator konta klienta"
"Please make sure to use only digits here. No dashes are allowed.","Prosimy używać tutaj tylko cyfry. Kreski nie są dozwolone."
"Meter Number","Numer metryczny"
Key,Klucz
"Web-Services URL (Production)","Adres URL usługi sieci Web (produkcja)"
"Web-Services URL (Sandbox)","Adres URL usługi sieci Web (Sandbox)"
"Packages Request Type","Typ zapytania o paczkę"
Packaging,Opakowanie
Dropoff,Dostawa
"Maximum Package Weight (Please consult your shipping carrier for maximum supported shipping weight)","Maksymalna waga paczki (prosimy skonsultować z kurierem maksymalną dopuszczalną wagę paczki)"
"Residential Delivery","Doręczenie rezydencyjne"
"The field is applicable if the Smart Post method is selected.","To pole ma zastosowanie jeśli wybrano metodę Smart Post."
"Expected Delivery:","Oczekiwana dostawa:"
"Gift Card Information","informacje o karcie podarunkowej"
Virtual,Wirtualny
Physical,Fizyczne
Combined,Łącznie
"Add Amount","Dodaj kwotę"
"Gift Card Type","Rodzaj karty podarunkowej"
"Gift Card Sender","Nadawca karty podarunkowej"
"Gift Card Recipient","Odbiorca karty podarunkowej"
"Gift Card Message","Wiadomość dołączona do karty podarunkowej"
"Gift Card Lifetime","Okres ważności karty podarunkowej"
"Gift Card Is Redeemable","Karta podarunkowa jest wymienialna"
"We cannot create this gift card.","Nie możemy utworzyć karty podarunkowej."
"Gift Card Accounts","Konta Gift Card"
"Duplicate amount found.","Znaleziono zdubplikowaną wartość."
"Something went wrong while preparing the gift card.","Wystąpił błąd w trakcie tworzenia karty podarunkowej."
"Please specify a gift card amount.","Proszę podać kwotę karty podarunkowej."
"Please specify all the required information.","Proszę podać wszystkie wymagane informacje."
"Gift Card max amount is %1","Maksymalna kwota karty podarunkowej to: %1"
"Gift Card min amount is %1","Minimalna kwota karty podarunkowej to: %1"
"Please specify a recipient name.","Proszę podać nazwę odbiorcy."
"Please specify a sender name.","Proszę podać nazwę nadawcy."
"Please specify a recipient email.","Proszę podać adres e-mail odbiorcy."
"Please specify a sender email.","Proszę podać adres e-mail nadawcy."
"Some gift card accounts were not created properly. You can create gift card accounts manually <a href=""%1"">here</a>.","Część kart podarunkowych nie została utworzona poprawnie. Możesz utworzyć je ręcznie <a href=""%1"">tutaj</a>."
"Treat Balance as Store Credit","Traktowanie bilansu jako kredyt sklepu"
"Lifetime (days)","Okres ważności (dni)"
"Allow Message","Pozwól na wysłanie wiadomości"
"All Websites [%1]","Wszystkie strony %1"
"%1 [%2]",%1[%2]
"Choose an Amount...","Wybierz kwotę..."
"Other Amount...","Inna kwota..."
"Amount in %1","Kwota w %1"
Maximum,Maksimum
"Recipient Name","Nazwa odbiorcy"
"Recipient Email","E-mail odbiorcy"
"Maximum length of the message is %1 characters.","Wiadomość może zawierać maksymalna %1 znaków."
"Delete Amount","Usuń kwotę"
"Maximum: %1","Maksimum: %1"
"You've been sent a gift from %store_name","Dostałeś prezent od %store_name"
"%sender has sent you a gift card for use at <a href=""%store_url"">%store_name</a> and it is now ready to be used for purchases.","%sender wysłał kartę podarunkową do użycia tu <a href=""%store_url"">%store_name</a> i jest gotowa do wykorzystania na zakupy."
"Gift Card Codes:","Kody kart podarunkowych:"
"Gift Card Code:","Kod karty podarunkowej:"
"Each card has a balance of %balance that can be used at <a href=""%store_url"">%store_name</a>.","Każda karta ma saldo %balance, które można wykorzystać w <a href=""%store_url"">%store_name</a>."
"The card has a balance of %balance that can be used at <a href=""%store_url"">%store_name</a>.","Karta ma saldo w wysokości %balance, które można wykorzystać w <a href=""%store_url"">%store_name</a>."
"Click on the code(s) above to redeem them into Store Credit.","Kliknij kod(y) powyżej, aby wymienić je na punkty sklepowe."
"Message from %sender_name:","Wiadomość od %sender_name:"
"Gift Cards","Karty podarunkowe"
"Gift Card Email Settings","Ustawienia e-mail konta Gift Card"
"Gift Card Notification Email Sender","Nadawca wiadomości e-mail o karcie podarunkowej"
"Gift Card Notification Email Template","Szablon wiadomości e-mail informującej o karcie podarunkowej"
"Gift Card General Settings","Ustawienia ogólne konta Gift Card"
Redeemable,Wymienialna
"If empty no expiration.","Jeśli puste bezterminowo."
"Allow Gift Message","Pozwól na wysłanie wiadomości"
"Gift Message Maximum Length","Maksymalna długość wiadomości dołączonej do karty podarunkowej"
"Generate Gift Card Account when Order Item is","Generowanie konta Gift Card , gdy zamówienie jest"
"Messaging and Lifetime","Wiadomości i czas życia"
"Amount should be specified or Open Amount should be allowed","Kwota powinna być określona lub kwota otwarta powinna być dozwolona"
"Add Gift Card Account","Dodaj konto karty upominkowej"
"Save & Send Email","Zapisz i wyślij E-mail"
"Edit Gift Card Account: %1","Edycja konta Karty Podarunkowej: %1"
"New Gift Card Account","Nowe konto Karty Podarunkowej"
Information,Informacje
"Gift Card Code","Kod Karty Podarunkowej"
"Send Gift Card","Wyślij Kartę Podarunkową"
"Send Email from the Following Store View","Wyślij e-mail z następującego widoku sklepu"
"-- First Please Select a Website --","-- Najpierw proszę wybrać witrynę --"
"Gift Card Account","Konto kart podarunkowych"
History,Historia
"This gift card account has been deleted.","Ta karta upominkowa została usunięta."
"We couldn't find a gift card account to delete.","Nie mogliśmy znaleźć konta karty upominkowej, aby usunąć."
"Edit Gift Card Account","Edytuj konto karty upominkowej"
"New Account","Nowe Konto"
"New code pool was generated.","Nowy kod został wygenerowany."
"We were unable to generate a new code pool.","Byliśmy w stanie wygenerować nowy kod."
"Code Pool used: <b>%1%</b> (free <b>%2</b> of <b>%3</b> total). Generate new code pool <a href=""%4"">here</a>.","Wykorzystana pula kodu: <b>%1%</b> (wolne <b>%2</b> z <b>%3</b> ogółem). Wygeneruj nową pulę kodu <a href=""%4"">tutaj</a>."
"Please select a gift card account(s)","Wybierz konto karty upominkowej"
"You deleted a total of %1 records.","Usunięto w sumie %1 rekord(ów)."
"You saved the gift card account.","Konto Karty upominkowej zostało zapisane."
"An email was not sent because the gift card account is not active.","Wiadomość e-mail nie została wysłana, ponieważ Konto karty upominkowej nie jest aktywne."
"You saved the gift card account, but an email was not sent.","Konto Karty upominkowej zostało zapisane, ale nie wysłano e-mail."
"We will refund the gift card amount to your customer’s store credit","Otrzymasz zwrot kwoty karty podarunkowej na Twój kredyt kliencki w sklepie"
"Please enable Store Credit to refund the gift card amount to your customer","Proszę włączyć obsługę Kredytu Sklepu w celu zwrotu klientowi kwoty karty podarunkowej"
"Please correct the gift card code.","Popraw kod karty podarunkowej."
"Gift Card ""%1"" was added.","Karta prezentowa ""%1"" została dodana."
"We cannot apply this gift card.","Nie stosujemy tej karty prezentowej."
"Gift Card ""%1"" was removed.","Karta podarunkowa ""%1"" została usunięta."
"You can't remove this gift card.","Nie można usunąć karty podarunkowej."
"You can't redeem a gift card now.","Możesz teraz wykupić kartę prezentową."
"Gift Card ""%1"" was redeemed.","Karta prezentowa ""%1"" została wykorzystana."
"We cannot redeem this gift card.","Nie można wykupić tej karty prezentowej."
"Could not save the gift card account.","Nie można zapisać konta karty podarunkowej."
"Could not delete the gift card account.","Nie można usunąć konta karty podarunkowej."
"The expiration date must be set in the future.","Data wygaśnięcia musi być ustawiona w przyszłości."
"The balance cannot be less than zero.","Saldo nie może być mniejsza od zera."
"This gift card account is already in the quote.","To konto karty upominkowej jest już w ofercie."
"Please correct the gift card account code: ""%1"".","Proszę poprawić kod konta karty upominkowej: ""%1""."
"This gift card account wasn't found in the quote.","To konto karty upominkowej nie został przeczytany."
"Please correct the gift card account ID. Requested code: ""%1""","Proszę poprawić identyfikator konta karty upominkowej. Zgłoszony kod: ""%1"""
"Please correct the gift card account website: %1.","Proszę poprawić stronę Konto karty upominkowej: %1."
"Gift card account %1 is not enabled.","Konto karty upominkowej %1 nie jest włączone."
"Gift card account %1 is expired.","Konto karty upominkowej %1 jest skończony."
"Gift card account %1 has a zero balance.","Konto karty upominkowej %1 ma zerowe saldo."
"Gift card account %1 balance is lower than the charged amount.","Konto karty upominkowej %1 jest niższa niż opłatę."
Available,Dostępne
Redeemed,Wykupiłem
Expired,Przeterminowane
"Please enter a valid customer ID.","Wprowadź poprawny identyfikator klienta."
"Gift Card Redeemed: %1. For customer #%2.","Karta upominkowa wykupona: %1. Dla klienta #%2."
"Order #%1.","Zamówienie #%1."
"Recipient: %1.","Odbiorca: %1."
"Customer #%1.","Klient %1."
"Please assign a gift card account.","Przypisz konto karty podarunkowej."
"Unknown history action.","Nieznana historia działań."
"We were unable to create full code pool size. Please check settings and try again.","Nie udało nam się stworzyć pełny rozmiar puli kodu. Proszę sprawdzić ustawienia i spróbuj ponownie."
"No codes left in the pool.","Nie ma kodów."
"Cart %1 doesn't contain products","Koszyk %1 nie zawiera produktów"
"Could not delete gift card from quote","Nie można usunąć karty podarunkowej z oferty"
"Could not add gift card code","Nie można dodać kodu karty podarunkowej"
"Please correct the wrong or expired Gift Card Code.","Popraw błędny lub wygasły kod karty podarunkowej."
Alphabetical,Alfabetyczne
Numeric,Numeryczny
"The maximum generated code length is 255. Please correct your settings.","Maksymalna długość wygenerowanego kodu może być ustawiona na 255 znaków. Popraw swoje ustawienia."
"test message","wiadomość testowa"
Generate,Wygeneruj
"Code Pool used: ","Code Pool używany: "
" (free "," (za darmo "
" of "," z "
" total)."," ogółem)."
"Are you sure you want to continue without saving your changes?","Czy na pewno chcesz porzucić zmiany?"
"Refund Gift Cards to Store Credit","Zwrot karty upominkowej do sklepu kredytowego"
"Add Gift Card","Dodaj kartę upominkową"
"Gift Card (%1)","Karta Podarunkowa (%1)"
"This won't take long . . .","To nie potrwa długo..."
"Enter gift card code","Wprowadź kod Karty Podarunkowej"
"Redeem Gift Card","Realizacja karty upominkowej"
"Check status and balance","Sprawdź status i saldo"
"Have a gift card? ","Mam kartę upominkową? "
"Click here","Kliknij tutaj"
" to redeem it."," aby to zrealizować."
"Enter the gift card code","Wpisz kod karty prezentowej"
"Check Gift Card status and balance","Sprawdź status i saldo Karty Podarunkowej"
"Gift Card: ","Karta podarunkowa: "
"Current Balance: ","Aktualne saldo: "
"Expires: ","Wygasa: "
"Please enter a valid gift card code.","Proszę wprowadzić poprawny kod Karty Podarunkowej."
"Add or remove gift cards","Dodawanie lub usuwanie kart podarunkowych"
"Gift Card amount applied to order:","Kwota na karcie upominkowej stosowane do zamówienia:"
"You've been sent a gift card for use at %store_name and it is now ready to be used for purchases.","Wysłałeś Bon do wykorzystania w %store_name i to jest teraz gotowy do wykorzystania na zakupy."
"Gift Card Code: %code","Kod karty podarunkowej: %code"
"The card has a balance of %balance and can be used at ","Karta ma bilans %balance i może być użyta w "
"Apply Gift Card","Zastosowanie karty upominkowej"
"Gift Card:","Karta podarunkowa:"
"See Balance","Sprawdzić saldo"
"Gift Card amount applied to order: ","Kwota na karcie upominkowej stosowane do zamówienia: "
"Email Sent from Gift Card Account Management","E-mail wysłany z zarządzania kontem karty prezent"
"Gift Card Email Sender","Nadawcy wiadomości E-mail karty upominkowej"
"Gift Card Template","Szablonu karty upominkowej"
"Gift Card Account General Settings","Konto karty upominkowej ogólne ustawienia"
"Code Length","Długość kodu"
"Excluding prefix, suffix and separators.","Bez prefiksu, sufiksu i separatorów."
"Code Format","Format kodu"
"Code Prefix","Prefiks kodu"
"Code Suffix","Sufiks kodu"
"Dash Every X Characters","Kreska co każde X znaków"
"if empty no separation","brak oddzielenia jeśli puste"
"New Pool Size","Nowy rozmiar puli"
"Low Code Pool Threshold","Niski próg puli kodów"
"IMPORTANT: Be sure to save your configuration before running generation process.","Ważne: Pamiętaj zapisać konfigurację przed uruchomieniem procesu generowania."
"Are you sure you want to delete these gift card accounts?","Czy na pewno chcesz usunąć te konta kart upominkowych?"
"Invalid Request","Nieprawidłowe zapytanie"
"Too many attempts, please try again later.","Zbyt wiele prób, spróbuj ponownie później."
"Amount can be returned to Store Credit.","Kwota może zostać zwrócona do Store Credit."
"Code Pool used: <b>%1%</b> (free <b>%2</b> of <b>%3</b> total). Generate new code pool <a href=""#"" data-post=""%4"">here</a>.","Wykorzystana pula kodu: <b>%1%</b> (wolne <b>%2</b> z <b>%3</b> ogółem). Wygeneruj nową pulę kodu <a href=""#"" data-post=""%4"">tutaj</a>."
"The ""%1"" Cart doesn't contain products.","Koszyk ""%1"" nie zawiera produktów."
"The gift card couldn't be deleted from the quote.","Karta podarunkowa nie mogła zostać usunięta z oferty."
"Requiring a composite gift card account.","Wymaganie złożonego konta karty podarunkowej."
"The gift card code couldn't be added. Verify your information and try again.","Nie można dodać kodu karty podarunkowej. Zweryfikuj informacje i spróbuj ponownie."
"The gift card code is either incorrect or expired. Verify and try again.","Kod karty podarunkowej jest nieprawidłowy lub wygasł. Sprawdź i spróbuj ponownie."
"Gift Card %1 was removed.","Karta podarunkowa %1 została usunięta."
"Gift card not found","Karta podarunkowa nie została znaleziona"
"Gift card account is not redeemable.","Konto karty podarunkowej nie podlega realizacji."
"Cannot find the customer to update balance","Nie można znaleźć klienta do aktualizacji salda"
"Gift Messages are not applicable for empty cart","Wiadomości upominkowe nie mają zastosowania w przypadku pustego koszyka"
"Gift Messages are not applicable for virtual products","Wiadomości podarunkowe nie mają zastosowania do produktów wirtualnych"
"Gift Message is not available","Wiadomość prezentowa nie jest dostępna"
"Could not add gift message to shopping cart","Nie można dodać wiadomości prezentowej do koszyka"
"There is no item with provided id in the cart","W koszyku nie ma produktu o podanym identyfikatorze"
"There is no product with provided  itemId: %1 in the cart","W koszyku nie ma produktu o podanym itemId: %1 w koszyku"
"There is no item with provided id in the order","W zamówieniu nie ma pozycji o podanym identyfikatorze"
"There is no item with provided id in the order or gift message isn't allowed","W zamówieniu nie ma przedmiotu o podanym identyfikatorze lub wiadomość prezentowa jest niedozwolona."
"Could not add gift message to order: ""%1""","Nie można dodać wiadomości podarunkowej do zamówienia: ""%1"""
"There is no order with provided id or gift message isn't allowed","Nie ma zamówienia o podanym identyfikatorze lub wiadomość podarunkowa jest niedozwolona."
"There is no order with provided id","Nie ma zamówienia z podanym identyfikatorem"
"Gift Messages are not applicable for empty order","Wiadomości upominkowe nie mają zastosowania do pustych zamówień"
"Could not add gift message to order's item: ""%1""","Nie można dodać wiadomości z prezentem do pozycji zamówienia: ""%1"""
"Unknown entity type","Nieznany rodzaj obiektu"
"Test label","Etykieta testowa"
"Gift Options","Opcje podarunkowe"
"Do you have any gift items in your order?","Czy twoje zamówienie zawiera prezenty?"
"Add Gift Options","Dodaj opcje podarunków"
"Gift Options for the Entire Order","Opcje prezentowe dla całego zamówienia"
"Leave this box blank if you don't want to leave a gift message for the entire order.","Pozostaw to pole puste jeżeli nie chcesz dodać wiadomości podarunkowej do całego zamówienia."
"Gift Options for Individual Items","Opcje podarunkowe dla pojedynczych produktów"
"<span>Item %1</span> of %2","<span>Produkt %1</span> %2"
"Leave a box blank if you don't want to add a gift message for that item.","Pozostaw to pole puste jeżeli nie chcesz dodać wiadomości podarunkowej dla produktu."
"Add Gift Options for the Entire Order","Dodaj opcje prezentowe dla całego zamówienia"
"You can leave this box blank if you don't want to add a gift message for this address.","Możesz pozostawić puste pole jeśli nie chcesz dodać wiadomości prezentowej dla tego adresu."
"Add Gift Options for Individual Items","Dodaj opcje podarunków dla poszczególnych przedmiotów"
"You can leave this box blank if you don't want to add a gift message for the item.","Możesz pozostawić puste pole jeśli nie chcesz dodać wiadomości prezentowej dla tego produktu."
"Gift Message (optional)","Wiadomość podarunkowa (opcjonalnie)"
"Gift options","Opcje podarunkowe"
"Allow Gift Messages on Order Level","Zezwól na wiadomość prezentową na poziomie zamówienia"
"Allow Gift Messages for Order Items","Zezwól na wiadomość prezentową dla produktów zamówienia"
"Gift Messages is not applicable for empty cart","Wiadomości podarunkowe nie mają zastosowania w przypadku pustego koszyka"
"Gift Messages is not applicable for virtual products","Wiadomości podarunkowe nie mają zastosowania do produktów wirtualnych"
"Gift Messages is not applicable for empty order","Wiadomości upominkowe nie mają zastosowania do pustych zamówień"
"Add gift options","Dodaj opcje prezentów"
"Add gift options for Individual Items","Dodaj opcje prezentów dla poszczególnych przedmiotów"
"Gift messages can't be used for an empty cart. Add an item and try again.","Wiadomości podarunkowych nie można użyć w przypadku pustego koszyka. Dodaj produkt i spróbuj ponownie."
"Gift messages can't be used for virtual products.","Wiadomości podarunkowych nie można używać do produktów wirtualnych."
"The gift message isn't available.","Wiadomość podarunkowa nie jest dostępna."
"The gift message couldn't be added to Cart.","Nie można dodać wiadomości do koszyka."
"No item with the provided ID was found in the Cart. Verify the ID and try again.","W koszyku nie znaleziono produktu o podanym identyfikatorze. Zweryfikuj ID i spróbuj ponownie."
"No product with the ""%1"" itemId exists in the Cart. Verify your information and try again.","W koszyku nie ma produktu o identyfikatorze ""%1"". Zweryfikuj informacje i spróbuj ponownie."
"No item with the provided ID was found in the Order. Verify the ID and try again.","W zamówieniu nie znaleziono pozycji o podanym identyfikatorze. Zweryfikuj ID i spróbuj ponownie."
"No item with the provided ID was found in the Order, or a gift message isn't allowed. Verify and try again.","W zamówieniu nie znaleziono pozycji o podanym identyfikatorze lub wiadomość z prezentem jest niedozwolona. Zweryfikuj i spróbuj ponownie."
"The gift message couldn't be added to the ""%1"" order.","Wiadomość podarunkowa nie mogła zostać dodana do zamówienia ""%1""."
"Either no order exists with this ID or gift message isn't allowed.","Albo nie istnieje żadne zamówienie z tym identyfikatorem, albo wiadomość podarunkowa nie jest dozwolona."
"No order exists with this ID. Verify your information and try again.","Nie istnieje zamówienie z tym identyfikatorem. Zweryfikuj swoje dane i spróbuj ponownie."
"Gift messages can't be used for an empty order. Create an order, add an item, and try again.","Wiadomości podarunkowych nie można użyć dla pustego zamówienia. Utwórz zamówienie, dodaj produkt i spróbuj ponownie."
"The gift message couldn't be added to the ""%1"" order item.","Wiadomość z prezentem nie mogła zostać dodana do pozycji zamówienia ""%1""."
"Are you sure you want to delete this gift registry?","Czy na pewno chcesz usunąć ten rejestr prezentów?"
"Delete Registry","Usuń rejestr"
"Gift Registry Entity","Element rejestru prezentów"
"Product ID","ID produktu"
"Add to Gift Registry","Dodaj do rejestru prezentów"
"Are you sure you want to add these products?","Czy jesteś pewien, że chcesz dodać te produkty?"
Requested,Wymagany
Fulfilled,Wypełniony
Note,Notatka
"Update Quantity","Aktualizacja Ilości"
"Remove Item","Usuń produkt"
"Sharing Information","Współdzielone informacja"
"Send From","Wysłane od"
"Share Gift Registry","Podziel się rejestrem prezentów"
"Gift Registry","Rejestr prezentów"
Event,Wydarzenie
Registrants,Rejestrujący
"Event Date","Data wydarzenia"
"Total Items","Łącznie elementów"
Remaining,Pozostałe
Public,Publiczny
"Gift Registry Types","Typ rejestru prezentów"
"Add Gift Registry Type","Dodaj typ rejestru prezentów"
"If you delete this gift registry type, you also delete customer registries that use this type. Do you want to continue?","Jeżeli usuniesz ten typ rejestru prezentów, usuniesz także Klientów, którzy używają tego typu. Czy chcesz kontynuować?"
"Edit '%1' Gift Registry Type","Edytuj typ rejestru prezentów '%1'"
"New Gift Registry Type","Nowy typ rejestru prezentów"
Short,Krótkie
Long,Długie
Full,Pełne
"Is Listed","Znajduje się na liście"
"Edit Gift Registry","Edytuj rejestr prezentów"
"Create Gift Registry","Utwórz rejestr prezentów"
"Please select a region, state or province","Proszę wybrać region"
"View Gift Registry %1","Wyświetl rejestr prezentów %1"
"Share '%1' Gift Registry","Podziel się '%1' rejestrem prezentów"
"Gift Registry Search","Wyszukiwanie rejestru prezentów"
"Select Search Type","Wybierz typ wyszukiwania"
Registrant,Rejestrujący
"Registry owner","Właściciel rejestru"
"Please correct the  gift registry ID.","Popraw identyfikator rejestru prezentów."
"Please correct the gift registry entity.","Prosimy o poprawienie podmiotu rejestru prezentów."
"Shopping cart items have been added to gift registry.","Przedmioty z koszyka zostały dodane do rejestru prezentów."
"Virtual, Downloadable, and virtual Gift Card products cannot be added to gift registries.","Produktów wirtualnych, do pobrania i wirtualnych kart podarunkowych nie można dodać do listy prezentów."
"We can't add shopping cart items to the gift registry right now.","Teraz nie można dodać produktów z koszyka do rejestru prezentów."
"You deleted this gift registry entity.","Ten rejestr prezentów został usunięty."
"We couldn't delete this gift registry entity.","Ten rejestr prezentów nie mógł zostać usunięty."
"Edit '%1' Gift Registry","Edycja rejestru prezentów '%1'"
"Something went wrong while editing the gift registry.","Coś poszło nie tak podczas edycji rejestru prezentów. "
"Please enter at least one email address.","Wprowadź co najmniej jeden adres e-mail."
"%1 email(s) were sent.","Wysłano: %1 wiadomości e-mail."
"We couldn't send '%1 of %2 emails.","Nie można było wysłać %1 z %2 maili."
"You updated this gift registry.","Zaktualizowałeś ten rejestr prezentów."
"We can't update these gift registry items right now.","Teraz nie można zaktualizować tych rejestrów prezentów."
"You deleted the gift registry type.","Usunąłeś ten typ rejestru prezentów."
"We couldn't delete this gift registry type.","Nie można usunąć tego typu rejestru prezentu."
"Edit Type","Edytuj typ"
"New Type","Nowy typ"
"You saved the gift registry type.","Typ rejestru prezentu został zapisany"
"We can't save this gift registry type right now.","Teraz nie można zapisać tego typu rejestru prezentów. "
"Please correct the gift registry ID.","Popraw identyfikator rejestru prezentów."
"%1 item(s) have been added to the gift registry.","%1 produkt(y) zostały dodane do rejestru prezentów."
"We have nothing to add to this gift registry.","Nie mam nic do dodania do rejestru prezentów"
"You can't add virtual products, digital products or gift cards to gift registries.","Nie można dodać wirtualnego produktu, cyfrowego produktu lub karty prezentowej do rejestru prezentów."
"You deleted this gift registry.","Usunąłeś ten rejestr prezentów."
"Something went wrong while deleting the gift registry.","Coś poszło nie tak podczas usuwania rejestru prezentów. "
"Please correct the gift registry.","Prosimy o poprawienie rejestru prezentów."
"Incorrect Type","Nieprawidłowy typ"
"Please correct the registrant data.","Prosimy o poprawienie danych rejestrującego."
"Address is empty.","Adres jest pusty."
"Please select an address.","Wybierz adres."
"Please correct the address.","Prosimy o poprawienie adresu."
"You saved this gift registry.","Ten rejestr prezentów został zapisany."
"We couldn't save this gift registry.","Nie można zapisać tego rejestru prezentów."
"Gift Registry Items","Produkty w rejestrze prezentów"
"Something went wrong while sending email(s).","Coś poszło nie tak podczas wysyłania e-mail(s)"
"Something went wrong while sharing the gift registry.","Coś poszło nie tak podczas dzielenia się rejestrem prezentów."
"You updated the gift registry items.","Zaktualizowałeś produkty rejestru prezentów."
"We couldn't update the gift registry.","Nie można zaktualizować rejestru prezentów."
"The wish list item has been added to this gift registry.","Produkt z listy życzeń został dodany to rejestru prezentów."
"We couldn’t add your wish list items to your gift registry.","Nie można było dodać produktów z Twojej listy życzeń do twojego rejestru prezentów. "
"Please enter correct search options.","Proszę wpisać poprawne opcje wyszukiwania."
"Please enter at least 2 letters of the first name.","Podaj co najmniej 2 litery imienia."
"Please enter at least 2 letters of the last name.","Podaj co najmniej 2 litery nazwiska."
"Please enter a valid email address.","Prosimy wpisać poprawny adres e-mail"
"Please enter a gift registry ID.","Proszę wprowadź ID rejestru prezentów."
"Please enter the quantity of items to add to cart.","Proszę wprowadź ilość przedmiotów do dodania do koszyka."
"Gift Registry Info","Informacja o rejestrze prezentów"
"Please enter the ""%1"".","Wpisz ""%1""."
"Please enter the correct ""%1"".","Proszę wprowadź poprawnie %1"
"Custom Types","Typy niestandardowe"
"Static Types","Typy statyczne"
"Product has required options.","Produkt posiada wymagane opcje."
"You need to enter sender data.","Należy wprowadzić dane nadawcy."
"Please add invitees.","Proszę dodać zaproszonych."
"You cannot send emails to more than %1 recipients at once","Nie można wysyłać e-maile do więcej niż %1 odbiorców na raz"
"Please enter a valid invitee email address.","Wprowadź adres e-mail osoby zaproszonej."
"Please enter an invitee name.","Wprowadź nazwę osoby zaproszonej."
"You shared the gift registry for %1 emails.","Udostępniłeś rejestr prezentów dla %1 email."
"We couldn't share the registry.","Nie można udostępnić rejestru."
Private,Prywatny
"Please enter the title.","Wpisz tytuł."
"Please enter the message.","Wpisz wiadomość."
"Please enter correct the Privacy setting.","Wprowadź poprawne ustawienia prywatności."
"We cannot specify the product.","Nie można dokładnie określić produkt."
"Please correct the  gift registry item quantity.","Popraw ilość pozycji w rejestrze prezentów."
"Please correct the gift registry item ID.","Popraw identyfikator pozycji w rejestrze prezentów."
"The quantity of ""%1"" product added to cart exceeds the quantity desired by the Gift Registry owner. The quantity added has been adjusted to meet remaining quantity %2.","Ilość produktu ""%1"" dodanego do koszyka przekracza ustawioną ilość przez właściciela rejestru upominków. Dodana ilość została dostosowana do spełnienia pozostałych ilości %2."
"Existing quantity of ""%1"" product in the cart has been replaced with quantity %2 just requested.","Istniejących ilości produktu ""%1"" w koszyku zastąpiono %2 wymagana ilością."
"This product(s) is out of stock.","Ten produkt jest niedostępny na magazynie."
"Please correct the product for adding the item to the quote.","Proszę poprawić produktu do dodawania elementu do oferty."
"Please correct the item option format.","Proszę popraw format opcji produktu. "
"An item option with code %1 already exists.","Opcja produktu z kodem %1 już istnieje."
New,Nowy
"Please enter the first name.","Wpisz imię."
"Please enter the last name.","Wpisz nazwisko."
"Please enter a valid email address(for example, daniel@x.com).","Proszę podać poprawny adres e-mail (np., daniel@x.com)."
"Ship to the recipient's address.","wysyłka na adres odbiorcy."
"-- All --",--Wszystkie--
"Unknown gift registry identifier","Nieznany identyfikator rejestru prezentów."
"All Forms","Wszystkie formularze"
"Registrant Name Search","Wyszukiwanie nazwy odbiorcy"
"Registrant Email Search","Wyszukiwanie adresu e-mail odbiorcy"
"Gift Registry ID Search","Wyszukiwarka ID rejestru prezentów"
Owner,Właściciel
"Created on",Utworzono
"Attribute Group","Grupa cech"
"Is Required","Jest wymagane"
"Is Searcheable","Jest wyszukiwalne"
"We found an attribute with this static input type already in the gift registry type. Please select a different input type.","Znaleźliśmy atrybut z tego typu statycznego wejściowe już w typie rejestru prezent. Proszę wybrać inny typ danych wejściowych."
"Show Region","Pokaż Region"
"Date Format","Format daty"
"Select a shipping address from your address book or enter a new address.","Wybierz adres dostawy z książki adresowej lub wpisz nowy adres."
"Add All To Gift Registry","Dodaj wszystko do rejestru prezentów"
"Ship to registrant's address","Wyślij na adres rejestrującego"
"Use the gift registry shipping address","Użyj adresu dostawy z rejestru prezentów"
"Added On",Dodane
"Qty Fulfilled","Spełnione ilości"
"Update Gift Registry","Aktualizuj rejestr prezentów"
"This gift registry has no items.","Ten rejsetr prezentów nie ma produktów."
"Created On",Utworzono
"Manage Items","Zarządzaj produktami"
Share,Udostępnij
"You haven't created a gift registry yet.","Jeszcze nie stworzyłeś rejestru prezentów."
Sender,Nadawca
Invitee,Zaproszony
"Maximum %1 email addresses.","Maksymalnie %1 adresów e-mail."
"Add Invitee","Dodaj zaproszoną osobę"
"Gift Registry Type","Typ rejestru prezentów"
"Please select a gift registry type.","Wybierz typ rejestru prezentów."
"Registrant Information","Informacje o rewizjach"
"Maximum %1 registrants.","Maksymalna %1 rejestrujących."
"Add Registrant",Rejestrujący
Type:,Rodzaj:
"Privacy Settings","Ustawienia prywatności"
"Gift Registry Items Updated","Zaktualizowane zawartość rejestru prezentów"
"Requested Quantity","Wymagana ilosć"
"Fulfilled Quantity","Spełniona ilosć"
"Total Fulfilled Quantity","Łącznie spełniona ilość"
"Remaining Quantity","Pozostała ilość"
"Customize and Add to Gift Registry","Dostosuj i dodaj do rejestru prezentów"
"Required Fields","Pola wymagane"
"Search Options","Opcje wyszukiwania"
"For better search results, first choose a gift registry type. By default, we search all registry types.","Dla lepszego wyszukiwania, wybierz typ rejestru prezentów. Domyślnie wyszukiwane są wszystkie typy rejestru."
"Type Specific Options","Specyficzne opcje typu"
"Registrant Email","E-mail Rejestrującego"
"Gift Registry ID","ID rejestru prezentów"
"Search Results","Wyniki wyszukiwania"
Location,Lokalizacja
"Please enter at least two letters of the name.","Podaj co najmniej dwie litery nazwy."
"Search By","Szukaj według"
"Please enter at least two letters.","Podaj co najmniej 2 litery."
"Unit Price","Cena jednostkowa"
"Gift Registry created at %store_name","Rejestr prezentów utworzony w %store_name"
"You have successfully created the new gift registry ""%registry_name"".","Pomyślnie utworzono nowy rejestr prezentów ""%registry_name""."
"Your Gift Registry Message","Wiadomość w rejestrze prezentów"
"Now you can add products to your gift registry.","Teraz można dodać produkty do swojej listy prezentowej."
"Simply browse to <a href=""%store_url"">%store_name</a> and add the products you want to your shopping cart or wish list.","Po prostu przejdź do <a href=""%store_url""> %store_name</a> i dodaj produkty, które chcesz w twoim koszyku lub liście życzeń."
"You can then add the products to your registry from your shopping cart or wish list page.","Możesz potem dodać produkty do listy prezentowej z koszyka lub schowka."
"You can also share it with your friends and family by logging into your account and visiting the Gift Registry tab.","Można także udostępnić go znajomym i rodzinie logując się na swoje konto i przechodząc do rejestru prezentów."
"Or you can email the following link and gift registry ID to them:","Albo możesz napisać na poniższy link i rejestru upominków identyfikatora do nich:"
"Registry Location:","Lokalizacji rejestru:"
"Registry ID:","Identyfikator rejestru:"
"Gift Registry shared at %store_name","Rejestr prezentów udostępniony w %store_name"
"You can view and purchase items from this gift registry at <a href='%account_url'>%store_name</a>.","Można zobaczyć i kupić przedmioty z tego rejestru prezentowego w <a href='%account_url'>%store_name</a>."
"Gift Registry:","Rejestr prezentów:"
"Created For:","Stworzony dla:"
"You can create your own gift registry on <a href='%account_url'>%store_name</a> and share it with friends and family.","Możesz utworzyć własny rejestr prezentów <a href='%account_url'>%store_name</a>  i udostępnić go dla przyjaciół i rodziny"
"Gift Registry updated at %store_name","Rejestr prezentów zaktualizowany w %store_name"
"The following items have been purchased from your gift registry ""%registry_name"":","Następujące produkty zostały zakupione z twojego rejestru prezentów ""%registry_name"":"
"You can sign in to your account to view more details about this gift registry.","Możesz zalogować się na swoje konto, aby wyświetlić więcej szczegółów o tej liście prezentowej."
"Ship to Recipient Address","Dostawa pod adres odbiorcy"
"Ship Here","Wysyłamy Tutaj"
"Recipient Address","Adres odbiorcy"
"Use gift registry shipping address","Użyj adresu dostawy z rejestru prezentów"
"The only place to change the number of gift registry items is on the Gift Registry Info page or directly in your cart.","Jedynym miejscem, aby zmienić numer rejestru upominków jest strona informacji rejestru prezentów lub bezpośrednio w Twoim koszyku."
"Gift Registry Details","Szczegóły rejestru prezentów"
"Event Data","Data wydarzenia"
"Event Information","Informacje o wydarzeniu"
"Event Country","Kraj wydarzenia"
"My event special","Moje specjalne zdarzenie"
"My special attribute","moje specjalne cechy"
"Gift Registry Section","Sekcja rejestru prezentów"
"General Options","Opcje ogólne"
"Enable Gift Registry","Włącz rejestr prezentów"
"Maximum Registrants","Maksymalna ilość rejestrujących"
"Owner Notification","Powiadomienie właściciela"
"Gift Registry Sharing","Udostępnienie rejestru prezentów"
"Maximum Sent Emails Threshold","Maksymalny próg wysyłania emaili"
"Gift Registry Update","Aktualizacja rejestru prezentów"
"Event Region Id","ID regionu wydarzenia"
"Event Region Text","Tekst regionu wydarzenia"
"Event Location","Miejsce wydarzenia"
"Gift Registry Quick Search Form","Formularz szybkiego wyszukiwania rejestru prezentów"
"Quick Search Form Types","Typ formularza szybkiego wyszukiwania"
"Default Template","Domyślny szablon"
Listed,"Na liście"
"You can view and purchase items from this gift registry at <a href=""%account_url"">%store_name</a>.","Możesz przeglądać i kupować przedmioty z tego rejestru prezentów pod adresem <a href=""%account_url"">%store_name</a>."
"You can create your own gift registry on <a href=""%account_url"">%store_name</a> and share it with friends and family.","Możesz utworzyć własny rejestr prezentów na <a href=""%account_url"">%store_name</a> i udostępnić go znajomym i rodzinie."
"some name","jakaś nazwa"
"The gift registry ID is incorrect. Verify the ID and try again.","Identyfikator rejestru prezentów jest nieprawidłowy. Zweryfikuj identyfikator i spróbuj ponownie."
"The gift registry entity is incorrect. Verify the entity and try again.","Podmiot rejestru prezentów jest nieprawidłowy. Zweryfikuj podmiot i spróbuj ponownie."
"At least one email address is needed. Enter an email address and try again.","Wymagany jest co najmniej jeden adres e-mail. Wprowadź adres e-mail i spróbuj ponownie."
"The type is incorrect. Verify and try again.","Typ jest nieprawidłowy. Sprawdź i spróbuj ponownie."
"The registrant data is incorrect. Verify and try again.","Dane rejestrującego są nieprawidłowe. Zweryfikuj i spróbuj ponownie."
"The address can't be empty. Enter and try again.","Adres nie może być pusty. Wprowadź i spróbuj ponownie."
"An address needs to be selected. Select and try again.","Należy wybrać adres. Wybierz i spróbuj ponownie."
"The address is incorrect. Verify and try again.","Podany adres jest nieprawidłowy. Sprawdź i spróbuj ponownie."
"The gift registry item quantity is incorrect. Verify the item quantity and try again.","Ilość pozycji w rejestrze prezentów jest nieprawidłowa. Zweryfikuj ilość przedmiotów i spróbuj ponownie."
"The gift registry item ID is incorrect. Verify the gift registry item ID and try again.","Identyfikator elementu rejestru prezentów jest nieprawidłowy. Zweryfikuj identyfikator pozycji rejestru prezentów i spróbuj ponownie."
"Gift Wrapping","Opakowanie prezentu"
"Add Gift Wrapping","Dodaj opakowanie prezentu"
"Are you sure you want to delete this gift wrapping?","Jesteś pewien, że chcesz usunąć te opakowanie?"
"Edit Gift Wrapping ""%1""","Edycja pakowania prezentów ""%1"""
"New Gift Wrapping","Nowe opakowania prezentów"
"Gift Wrapping Information","informacje o pakowaniu prezentów"
"Gift Wrapping Design","Projekt opakowania prezentu"
"Please request the correct gift wrapping.","Proszę zażądać prawidłowego pakowania prezentów."
"You updated a total of %1 records.","Zaktualizowno w sumie %1 rekordów."
"Something went wrong while updating the wrapping(s) status.","Coś się zepsuło podczas aktualizowania stanu pakowania."
"You deleted the gift wrapping.","Usunąłeś pakowanie prezentów."
"You have not uploaded the image.","Obraz nie został wgrany."
"You saved the gift wrapping.","Opakowanie produktu zostało zapisane."
"We can't save the gift wrapping right now.","Nie można zapisać teraz opakowania prezentu."
"We can't update the image right now.","Nie można zapisać teraz obrazu."
"Excluding Tax","Bez podatku"
"Including Tax","Z podatkiem"
"Including and Excluding Tax","Zawierające i niezawierające podatek"
"The image content must be valid data.","Zawartość obrazu musi być poprawnymi danymi."
"The image extension ""%1"" not allowed.","Rozszerzenie obrazu ""%1"" nie jest dozwolone."
"Provided image name contains forbidden characters.","Podana nazwa obrazu zawiera niedozwolone znaki."
"The image MIME type is not valid or not supported.","Typ obrazu MIME nie jest poprawny lub nie jest obsługiwany. "
"Gift Wrapping with specified ID ""%1"" not found.","Nie znaleziono opakowania prezentu o określonym identyfikatorze ""%1""."
"Please enter valid currency code: %1","Wprowadź prawidłowy kod waluty: %1"
"Unable to remove gift wrapping %1","Nie można usunąć opakowania prezentu %1"
"Printed Card","Karty drukowane"
"Leave a box blank if you don't want to add gift wrapping for whole order.","Pozostaw pole puste, jeśli nie chcesz dodawać pakowania prezentów dla całego zamówienia."
"Price Excl. Tax","Cena bez podatku"
"Price Incl. Tax","Cena z podatkiem"
"Send Gift Receipt","Wyślij pokwitowanie za prezent"
"Add Printed Card","Dodawanie karty drukowanej"
"Gift Wrapping for the Entire Order","Opakowanie na prezent dla całego zamówienia"
"Other Gift Options","Inne opcje podarunkowe"
"Gift wrapping","Opakowanie prezentu"
"Printed card","Karty drukowane"
"Gift receipt","Otrzymanie prezentu"
"Pick a paper of your choice (optional)","Wybierz zapakowanie w papier (opcjonalne)"
"No image","Brak obrazka"
"Gift Receipt","Otrzymanie prezentu"
"Allow Gift Wrapping on Order Level","Zezwól na opakowania na prezent na poziomie zamówienia"
"Allow Gift Wrapping for Order Items","Umżżiwia zapakowanie na prezent zamówionego produktu"
"Allow Gift Receipt","Umożliwia otrzymanie pokwitowania za prezent"
"Allow Printed Card","Zezwól na drukowane karty"
"Default Price for Printed Card","Domyślna cena drukowanej karty"
"Tax Class for Gift Options","Klasa podatku dla opcji prezent"
"Display Gift Wrapping Prices","Wyświetl ceny pakowania prezentów"
"Display Printed Card Prices","Wyświetlaj ceny kart drukowanych"
"Are you sure you want to delete the selected gift wrappings?","Czy na pewno chcesz usunąć wybrane opakowania na prezent?"
"Gift Wrap Design","Projekt opakowania prezentu"
"Custom Price","Cena niestandardowa"
"Gift wrapping with the %1 ID wasn't found. Verify the ID and try again.","Nie znaleziono opakowania prezentu o identyfikatorze %1. Zweryfikuj identyfikator i spróbuj ponownie."
"A valid currency code wasn't entered. Enter a valid %1 currency code and try again.","Nie wprowadzono prawidłowego kodu waluty. Wprowadź prawidłowy kod waluty %1 i spróbuj ponownie."
"The ""%1"" gift wrapping couldn't be removed.","Nie można było usunąć opakowania prezentu ""%1""."
Constant,Stała
"Conversion Color value is not valid ""%1"". Please set hexadecimal 6-digit value.","Wartość konwersji dla koloru nie jest poprawna ""%1"". Proszę ustawić szesnastkową wartość 6-cyfrową."
"Conversion Id value is not valid ""%1"". Conversion Id should be an integer.","Id konwersji nie jest poprawne ""%1"". Powinno być nieujemną liczną całkowitą."
"Conversion ID","ID konwersji"
"Conversion Language","Język konwersji"
"Conversion Format","Format konwersji"
"Conversion Color","Kolor konwersji"
"Conversion Label","Etykieta konwersji"
"Conversion Value Type","Typ wartości konwersji"
"Conversion Value","Wartość konwersji"
"Send Order Currency","Wyślij walutę zamówienia"
"Anonymize IP","Anonimizacja IP"
"Product View Optimization","Optymalizacja widoku produktu"
"Page View Optimization","Optymalizacja widoku strony"
"Data key is missing: %1","Brakuje klucza danych: %1"
"Google Analytics Content Experiments Code","Google Analytics zawartości eksperymentów kod"
"Experiment Code","Kod eksperymentu"
"Experiment code should be added to the original page only.","Kod eksperymentalny powinien zostać dodany tylko do oryginalnej strony."
"Enable Content Experiments","Włącz zawartość eksperymentów"
"Category View Optimization","Widok optymalizacji kategorii"
"Google Analytics Enhanced Ecommerce Settings","Ustawienia Google Analytics Enhanced Ecommerce"
"Send to Google","Wyślij do Google"
Creative,Kreatywne
"Google Tag Manager","Zarządzanie tagami Google"
"Account type","Typ konta"
"Container Id","ID kontenera"
"List property for the catalog page","Lista właściwości strony katalogu"
"List property for the cross-sell block","Blok Listy właściwości sprzedaży"
"List property for the up-sell block","Bloku listy właściwości up-sell"
"List property for the related products block","Blok lista właściwości powiązanych produktów"
"List property for the search results page","Lista właściwości na stronie wyników wyszukiwania"
"’Internal Promotions’ for promotions field “Label”.","""Wewnętrzne promocje"" dla promocji w polu ""Etykieta""."
"Request content type must be application/json","Typem zawartości żądania musi być application/json"
"Store code %1 does not exist","Kod sklepu %1 nie istnieje"
"Entity code %1 does not exist.","Kod podmiotu %1 nie istnieje."
"Grouped Products","Grupowany produkt"
"Please specify the quantity of product(s).","Prosimy sprecyzowac ilość produktu."
"Cannot process the item.","Nie można przetworzyć elementu."
"Add Products to Group","Dodawanie produktów do grupy"
"A grouped product is made up of multiple, standalone products that are presented as a group. You can offer variations of a single product, or group them by season or theme to create a coordinated set. Each product can be purchased separately, or as part of the group.","Zgrupowane produkt składają się z wielu, samodzielnych produktów, które są przedstawiane jako Grupa. Można oferować odmiany pojedynczego produktu lub grupy przez stworzenie skoordynowanego zestawu czasu lub temat. Każdy produkt można nabyć oddzielnie lub jako część grupy."
"There are no grouped products.","Nie ma produktów grupowanych."
"Default Qty","Domyślna ilość"
"Starting at","Zaczynając od"
"Grouped product items","Elementy produktów grupowanych"
"Grouped Product Image","Obrazek grupowanego produktu"
"Export Settings","Ustawienia eksportu"
"Entity Type","Rodzaj obiektu"
"Export File Format","Format pliku eksportu"
"Fields Enclosure","Domknięcie pól"
"We can't filter an attribute with no attribute options.","Nie możemy filtrować cech bez ich opcji."
"Fixed Price: From","Stała cena: Od"
Filter,Filtr
"Unknown attribute filter type","Nieznany typ filtru cech"
"Check Data","Sprawdź dane"
"Import Settings","Ustawienia importu"
"Import Behavior","Zachowanie importu"
"Stop on Error","Zatrzymaj na błędzie"
"Skip error entries","Pomiń błędne rekordy"
"Allowed Errors Count","Dozwolona liczba błędów"
"Please specify number of errors to halt import process","Proszę podać liczbę błędów, aby powstrzymać proces importu"
"Field separator","Separator pól"
"Multiple value separator","Wiele wartości separatora"
"Fields enclosure","Domknięcie pól"
"File to Import","Plik do importu"
"Select File to Import","Wybierz plik do importu"
"Images File Directory","Katalog plików obrazów"
"For Type ""Local Server"" use relative path to Magento installation,
                                e.g. var/export, var/import, var/export/some/dir","Dla typu ""Serwer lokalny"" użyj względnej ścieżki do instalacji Magento,
                                np. var/export, var/import, var/export/some/dir"
"Download Sample File","Pobierz plik przykładowy"
"Please correct the data sent value.","Popraw wartość wysyłanych danych."
Import/Export,Import/eksport
"Import History","Historia importowania"
"Import history","Historia importowania"
"There is no sample file for this entity.","Nie istnieje przykładowy plik dla tego obiektu."
"Maximum error count has been reached or system error is occurred!","Osiągnięto maksymalną liczbę błędów lub wystąpił błąd systemu!"
"Import successfully done","Import pomyślnie zakończony"
"Sorry, but the data is invalid or the file is not uploaded.","Przepraszamy, ale dane są nieprawidłowa, lub plik nie jest wgrany."
"The file was not uploaded.","Plik nie został przesłany."
"Data validation failed. Please fix the following errors and upload the file again.","Walidacja danych nie powiodła się. Popraw następujące błędy i prześlij plik ponownie."
"Checked rows: %1, checked entities: %2, invalid rows: %3, total errors: %4","Zaznaczone rzędy: %1, zaznaczone elementy %2, nieprawidłowe rzędy: %3, łącznie błędów: %4"
"This file is empty. Please try another one.","Ten plik jest pusty. Proszę spróbować z innym."
"Please fix errors and re-upload file or simply press ""Import"" button to skip rows with errors","Popraw błędy i prześlij plik ponownie lub po prostu naciśnij przycisk ""Importuj"", aby pominąć wiersze z błędami."
"File is valid! To start import process press ""Import"" button","Plik jest poprawny! Naciśnij przycisk Import"" aby rozpocząć proces importu """
"The file is valid, but we can't import it for some reason.","Plik jest poprawny, ale z jakiegoś powodu nie możemy go zaimportować."
"Show more","Pokaż więcej"
"Additional data","Dodatkowe dane"
"Following Error(s) has been occurred during importing process:","Podczas importowania wystąpiły następujące problemy:"
"Only the first 100 errors are shown. ","Tylko pierwsze 100 błędów jest wyświetlane. "
"Download full report","Pobierz pełny raport"
"in row(s):","w rzędach:"
"Make sure your file isn't more than %1M.","Upewnij się, że twój plik nie ma więcej niż %1M."
"We can't provide the upload settings right now.","W tej chwili nie możemy dostarczyć ustawień wysyłania."
"Created: %1, Updated: %2, Deleted: %3","Utworzone: %1, Zaktualizowane: %2, Usunięte: %3"
"Please enter a correct entity model.","Podaj poprawny obiekt modelu."
"The entity adapter object must be an instance of %1 or %2.","Obiekt adaptera musi być instancją %1 lub %2."
"The input entity code is not equal to entity adapter code.","Kod wejścia jednostki nie jest równy kodowi adaptera jednostki."
"Please enter a correct entity.","Proszę podać poprawny obiekt."
"The adapter object must be an instance of %1.","Obiekt adaptera musi być instancją %1."
"Please correct the file format.","Proszę poprawić format pliku."
"Begin export of %1","Rozpocznij eksport %1"
"There is no data for the export.","Nie ma żadnych danych na export."
"Exported %1 rows.","Wyeksportowane rzędy: %1."
"The export is finished.","Eksport zakończony."
"Please provide filter data.","Proszę podać dane filtrowania."
"We can't determine the attribute filter type.","Nie można określić typu filtra cech."
"Entity is unknown","Jednostka jest nieznana"
"We can't identify this file format.","Nie możemy rozpoznać formatu tego pliku."
"Please correct the value for ""%1"" column.","Popraw wartość kolumny ""%1""."
"Please specify the writer.","Proszę określić autora."
"The destination file path must be a string.","Docelowa ścieżka pliku musi być tekstem."
"The destination directory is not writable.","Katalog docelowy nie jest zapisywalny."
"Destination file is not writable","Plik docelowy nie ma praw do zapisu"
"The header column names are already set.","Nazwy kolumn nagłówka już są ustawione."
"in row(s)","w rzędach"
"The validation is complete.","Zakończono sprawdzanie poprawności."
"This file does not contain any data.","Ten plik nie zawiera żadnych danych."
"Begin import of ""%1"" with ""%2"" behavior","Rozpocznij eksport ""%1"" z zachowania ""%2"""
"The import was successful.","Import był udany."
"The file you uploaded has no extension.","Plik który wgrałeś nie ma rozszerzenia."
"The source file moving process failed.","Przesłanie pliku źródłowego nie powiodło się."
"Begin data validation","Rozpocznij walidację danych"
"Import data validation is complete.","Sprawdzanie danych importu zostało zakończone."
"The behavior token for %1 is invalid.","Zachowanie tokena dla %1 jest nieprawidłowe."
"Please enter a correct entity model","Podaj poprawny obiekt modelu"
"Source file coping failed","Nie udało się przenieść źródłowego pliku"
"The source is not set.","Źródło nie jest ustawione."
"The adapter type must be a non-empty string.","Adapter musi być tekstem niepustym."
"'%1' file extension is not supported","rozszerzenie pliku '%1' nie jest obsługiwane"
"Adapter must be an instance of \Magento\ImportExport\Model\Import\AbstractSource","Adapter musi być instancją Mage\ImportExport\Model\Import\Adapter\AbstractSource"
"Please specify a source.","Prosimy o podanie źródła."
"ImportExport: Import Data validation - Validation strategy not found","ImportExport: Poprawność danych importu - nie znaleziono strategi sprawdzania poprawności"
"Cannot get autoincrement value","Nie można pobrać wartości automatycznego zwiększania"
"Error in data structure: %1 values are mixed","Błąd w strukturze danych: %1 wartości jednostek są wymieszane"
Add/Update,Dodaj/Aktualizuj
Replace,Zastąp
"Note: Product IDs will be regenerated.","Uwaga: Identyfikatory produktów zostaną zregenerowane."
"Add/Update Complex Data","Dodaj/Aktualizuj dane złożone"
"Delete Entities","Usuń elementy"
"Custom Action","Akcja niestandardowa"
"URL key for specified store already exists.","Klucz URL dla wybranego sklepu już istnieje."
"Entity Attributes","Cechy jednostki"
"Validation Results","Rezultat walidacji"
"Start Date&Time","Data i czas rozpoczęcia"
User,Użytkownik
"Imported File","Zaimportowany plik"
"Error File","Błąd pliku"
"Execution Time","Czas wykonania"
"Data validation is failed. Please fix errors and re-upload the file..","Walidacja danych nie powiodła się. Popraw błędy i prześlij plik ponownie."
"Only first 100 errors are displayed here. ","Wyświetlanych jest tylko 100 pierwszych błędów."
"in rows:","w rzędach:"
"Data validation is failed. Please fix errors and re-upload the file.","Walidacja danych nie powiodła się. Popraw błędy i prześlij plik ponownie."
"in rows","w rzędach"
"'Error in CSV: ' .","'Błąd w CSV: ' ."
"File must be saved in UTF-8 encoding for proper import","Plik musi być zapisany w kodowaniu UTF-8 w celu poprawnego importu."
"There is no file: %file","Nie ma pliku: %file"
"Empty attribute value constant","Pusta stała wartość atrybutu"
"Incorrect entity name.","Nieprawidłowa nazwa podmiotu."
"-- Not Selected --","-- Niewybrane --"
"Validation Strategy","Strategia walidacji"
"Message is added to queue, wait to get your file soon","Wiadomość została dodana do kolejki, oczekuj na otrzymanie pliku wkrótce"
"Please provide export file name","Podaj nazwę pliku eksportu"
"There are no export file with such name %1","Nie ma pliku eksportu o takiej nazwie %1"
"Your export file is ready","Plik eksportu jest gotowy"
"You can pick up your file at export main page","Plik można odebrać na stronie głównej eksportu"
"Error during export process occurred","Wystąpił błąd podczas procesu eksportu"
"Error during export process occurred. Please check logs for detail","Wystąpił błąd podczas procesu eksportu. Sprawdź szczegóły w dziennikach"
"New product data is added to the existing product data for the existing entries in the database. All fields except sku can be updated.","Nowe dane produktu są dodawane do istniejących danych produktu dla istniejących wpisów w bazie danych. Wszystkie pola z wyjątkiem sku mogą być aktualizowane."
"The existing product data is replaced with new data. <b>Exercise caution when replacing data because the existing product data will be completely cleared and all references in the system will be lost.</b>","Istniejące dane produktu zostaną zastąpione nowymi danymi. <b>Zachowaj ostrożność podczas zastępowania danych, ponieważ istniejące dane produktu zostaną całkowicie wyczyszczone, a wszystkie odniesienia w systemie zostaną utracone."
"Any entities in the import data that already exist in the database are deleted from the database.","Wszelkie jednostki w danych importu, które już istnieją w bazie danych, są usuwane z bazy danych."
"Are you sure you wan't to delete a file?","Czy na pewno nie chcesz usunąć pliku?"
"File name","Nazwa pliku"
"Indexer Management","Zarządzanie indeksacją"
"Update by Schedule","Aktualizuj z harmonogramem"
"Update on Save","Aktualizuj przy zapisie"
"Reindex required","Wymagane przeindeksowanie"
Ready,Gotowe
Processing,Przetwarzam
"%1 index is locked by another reindex process. Skipping.","%1 indeks jest zablokowany przez inny proces indeksowania. Pomijam."
"Index Management",Indeksy
"Please select indexers.","Prosimy wybrać indeksy."
"%1 indexer(s) are in ""Update by Schedule"" mode.","%1 indeks(ów) jest w tryby ""Zaplanowanej aktualizacji""."
"We couldn't change indexer(s)' mode because of an error.","Nie można zmienić trybu indeksowania z powodu błędu."
"%1 indexer(s) are in ""Update on Save"" mode.","%1 indeks(ów) jest w trybie ""Aktualizacji po zapisie""."
"One or more <a href=""%1"">indexers are invalid</a>. Make sure your <a href=""%2"" target=""_blank"">Magento cron job</a> is running.","Istnieją <a href=""%1"">nieaktualne indeksy</a>. Upewnij się, że <a href=""%2"" target=""_blank"">cron Magento</a> jest uruchomiony."
"State for the same indexer","Państwo dla tego samego indeksowania"
"State for the same view","Państwo ma ten sam widok"
"Field '%1' not found","Pole '%1' nie zostało znalezione"
"Some Exception Message","Niektóre wiadomości wyjątku"
"Test Phrase","Fraza testowa"
"Change indexer mode","Zmień tryb indeksatora"
Indexer,Indeks
Mode,Tryb
"Something went wrong while processing your order. Please try again later.","Coś się poszło nie tak jak powinno podczas przetwarzania Twojego zamówienia. Prosimy spróbować ponownie później."
"Payment method is not defined for instance purchase.","Metoda płatności nie jest zdefiniowana dla instancji zakupu."
"Shipping address is not defined for instance purchase.","Adres wysyłki nie został zdefiniowany dla instancji zakupu."
"Billing address is not defined for instance purchase.","Adres rozliczeniowy nie został zdefiniowany dla instancji zakupu."
"Shipping method is not defined for instance purchase.","Metoda wysyłki nie jest zdefiniowana dla instancji zakupu."
"Specified payment method is not available now.","Określona metoda płatności nie jest obecnie dostępna."
"Specified shipping method is not available.","Określona metoda wysyłki nie jest dostępna."
"Appropriate shipping method is not available.","Odpowiednia metoda wysyłki nie jest dostępna."
"Cheapest price","Najniższa cena"
"Instant purchase integration not available for token.","Integracja natychmiastowego zakupu nie jest dostępna dla tokena."
"Instant Purchase","Natychmiastowy zakup"
"Instant Purchase Confirmation","Potwierdzenie natychmiastowego zakupu"
"Are you sure you want to place order and pay?","Czy na pewno chcesz złożyć zamówienie i zapłacić?"
"Shipping Method","Metoda dostawy"
"Button Text","Tekst przycisku"
"Payment method with vault and instant purchase support should be enabled.","Metoda płatności ze skarbcem i obsługą natychmiastowego zakupu powinna być włączona."
"A payment method isn't defined for instance purchase. Verify and try again.","Metoda płatności nie jest zdefiniowana dla przykładowego zakupu. Zweryfikuj i spróbuj ponownie."
Integrations,Integracje
"Add New Integration","Dodaj integrację"
API,"Interfejs API"
"Save & Activate","Zapisz i aktywuj"
"New Integration","Nowe integracjie"
"Edit Integration '%1'","Edytuj integrację ""%1"""
"Integration Info","Informacje integracji"
"Callback URL","Zwrotny adres URL"
"Enter URL where Oauth credentials can be sent when using Oauth for token exchange. We strongly recommend using https://.","Wprowadź adres URL gdzie Oauth poświadczenia mogą być wysyłane przy użyciu Oauth dla tokenu wymiany. Zdecydowanie zalecamy używanie https://."
"Identity link URL","Tożsamość link URL"
"URL to redirect user to link their 3rd party account with this Magento integration credentials.","Adres URL, aby przekierować użytkownika do jego trzeciej strony konta z integracją Magento."
"Integration Details","Szczegóły integracji"
"Integration Tokens for Extensions","Tokeny integracji dla rozszerzenia"
"Consumer Key","Klucz klienta"
"Consumer Secret","Klucz tajny konsumenta"
"Access Token","Token dostępu"
"Access Token Secret","Sekretny tokenu dostępu"
"Uninstall the extension to remove this integration","Odinstalować rozszerzenie do usunięcia tej integracji"
Activate,Aktywuj
Reauthorize,Autoryzuj
"Integration not secure","Integracja nie jest bezpieczna"
"Uninstall the extension to remove integration '%1'.","Odinstaluj rozszerzenie, aby zrezygnować z integracji '%1'."
"This integration no longer exists.","Ta integracja już nie istnieje."
"The integration '%1' has been deleted.","Integracja ""%1"" został usunięty."
"Integration ID is not specified or is invalid.","Integracja ID nie została określona lub jest nieprawidłowa."
"Internal error. Check exception log for details.","Błąd wewnętrzny. Sprawdź dziennik wyjątek dla szczegółów."
"View ""%1"" Integration","Widok ""%1"" integracji"
"Edit ""%1"" Integration","Edytuj integrację ""%1"""
"Warning! Integrations not using HTTPS are insecure and potentially expose private or personally identifiable information","Ostrzeżenie! Nie używaj integracji za pomocą HTTPS, są niebezpieczne i mogą narazić prywatne lub identyfikowalne informacje"
"Cannot edit integrations created via config file.","Nie można edytować integracji utworzonych za pomocą pliku konfiguracyjnego."
"The integration '%1' has been saved.","Integracja ""%1"" został zapisany."
"The integration was not saved.","Integracja nie została zapisana."
"The integration '%1' has been re-authorized.","Integracja ""%1"" została ponownie autoryzowana."
"The integration '%1' has been activated.","Integracja ""%1"" została aktywowana."
"Integration '%1' has been sent for re-authorization.","Integracja ""%1"" została wysłana do ponownej autoryzacji."
"Integration '%1' has been sent for activation.","Integracja ""%1"" została wysłana do aktywacji."
"A consumer with ID %1 does not exist","Konsument o identyfikatorze %1 nie istnieje"
"This user has no tokens.","Ten użytkownik nie ma tokenów."
"The tokens could not be revoked.","Tokeny nie mogły zostać cofnięte."
"Sorry, something went wrong granting permissions. You can find out more in the exceptions log.","Przepraszamy, coś poszło nie tak z przyznaniem uprawnień. Więcej informacji można znaleźć w dzienniku wyjątków."
"Something went wrong while deleting roles and permissions. You can find out more in the exceptions log.","Coś poszło źle podczas usuwania ról oraz uprawnień. Możesz dowiedzieć się więcej w Dzienniku logów."
"This customer has no tokens.","Ten klient nie ma tokenów."
"Integration with name '%1' exists.","Integracja o nazwie '%1' istnieje."
"Integration with ID '%1' does not exist.","Integracja z ID '%1' nie istnieje."
"One or more <a href=""%1"">integrations</a> have been reset because of a change to their xml configs.","Jeden lub więcej <a href=""%1""> integracji</a> zostały zresetowane ze zmiany ich configs xml."
"Invalid Callback URL","Nieoprawny adres zwrotny"
"Invalid Rejected Callback URL","Odrzucone zwrotnego adresu URL"
"Incorrect timestamp value in the oauth_timestamp parameter","Nieprawidłowa wartość sygnatury czasowej w parametrze oauth_timestamp"
"The nonce is already being used by the consumer with ID %1","Chwilowo jest już używana przez konsumentów z ID %1"
"An error occurred validating the nonce","Wystąpił błąd podczas sprawdzania tymczasowej poprawności"
"Cannot convert to access token due to token is not request type","Nie można przekonwertować na dostęp tokenu z tokenu to nie jest typ żądania"
"Consumer key has expired","Klucz klienta wygasł"
"Cannot create request token because consumer token is not a verifier token","Nie można utworzyć tokenu żądania, ponieważ token konsumenta nie jest tokenem weryfikatora"
"Request token is not associated with the specified consumer","Żądania tokenu nie są skojarzone z określonym konsumentem"
"Token is already being used","Token został już użyty"
"Cannot get access token because consumer token is not a request token","Nie można uzyskać token dostępu, ponieważ token konsumenta nie jest tokenem żądania"
"Token is not associated with the specified consumer","Token nie jest skojarzony z określonym konsumentem"
"Token is not an access token","Token jest nie tokenem dostępu"
"Access token has been revoked","Token dostępu został odwołany"
"Consumer key is not the correct length","Nieprawidłowa długość kluza uzytkownika"
"A consumer having the specified key does not exist","Użytkownik o okreslonym kluzu nie istnieje"
"Verifier is invalid","Weryfikator jest nieprawidłowy"
"Verifier is not the correct length","Nieprawidłowa długość weryfikatora"
"Token verifier and verifier token do not match","Tokenu weryfikatora i weryfikator tokenu nie pasują"
"A consumer with the ID %1 does not exist","Klient z ID %1 nie istnieje"
"Token is not the correct length","Token ma nieprawidłową długość"
"Specified token does not exist","Wybrany token nie istnieje"
"A token with consumer ID %1 does not exist","Token z identyfikatorem konsumenta %1 nie istnieje"
"Unexpected error. Unable to create oAuth consumer account.","Nieoczekiwany błąd. Nie można utworzyć konta klienta oAuth."
"Unexpected error. Unable to load oAuth consumer account.","Nieoczekiwany błąd. Nie można załadować konta klienta oAuth."
"Unable to post data to consumer due to an unexpected error","Nie można wysłać danych do konsumenta z powodu nieoczekiwanego błędu"
"Consumer with ID '%1' does not exist.","Konsument o identyfikatorze '%1' nie istnieje."
"Invalid token to except","Nieprawidłowy token z wyjątkiem"
"Integration with ID '%1' doesn't exist.","Integracja z ID '%1' nie istnieje."
"Your account is temporarily disabled.","Twoje konto zostało tymczasowo wyłączone."
"A token with consumer ID 0 does not exist","Token z identyfikatorem konsumenta 0 nie istnieje"
"The integration you selected asks you to approve access to the following:","Wybrana integracja prosi, aby zatwierdzić dostęp do następujących:"
"No permissions requested","Nie są wymagane żadne uprawnienia"
"Are you sure ?","Jesteś pewien?"
"Are you sure you want to delete this integration? You can't undo this action.","Czy na pewno chcesz usunąć tą integrację? Tej akcji nie można cofnąć."
"Please setup or sign in into your 3rd party account to complete setup of this integration.","Proszę ustawić lub Zaloguj na konto zewnętrznej usługi aby zakończyć instalację tej integracji."
"Available APIs","Dostępne API"
"Resource Access","Dostęp do zasobów"
Resources,Zasoby
"Sorry, something went wrong. Please try again later.","Przepraszamy coś poszło nie tak. Prosimy spróbować ponownie później."
"Popup Blocker is enabled! Please add this site to your exception list.","Blokada wyskakujących okienek jest włączona! Dodaj tę witrynę do listy wyjątków."
"System Extensions","Rozszerzenia systemowe"
"System Integrations","Integracje systemów"
Extensions,Rozszerzenia
"Access Token Expiration","Wygaśnięcie tokena dostępu"
"Customer Token Lifetime (hours)","Żywotność tokena klienta (godziny)"
"Admin Token Lifetime (hours)","Okres ważności tokenu administratora (godziny)"
"Cleanup Settings","Ustawienia czyszczenia"
"Cleanup Probability","Prawdopodobieństwo czyszczenia"
"Expiration Period","Okres ważności"
"Consumer Settings","Ustawienia konsumentów"
"OAuth consumer credentials HTTP Post maxredirects","OAuth konsumentów poświadczenia HTTP Post maxredirects"
"OAuth consumer credentials HTTP Post timeout","OAuth konsumentów poświadczenia HTTP Post timeout"
"Authentication Locks","Blokady uwierzytelniające"
"Maximum Login Failures to Lock Out Account","Maksymalna liczba niepowodzeń logowania do zablokowania konta"
"Lockout Time (seconds)","Czas blokady (sekundy)"
"Integrations Configuration","Konfiguracja integracji"
"Integration configuration file","Plik konfiguracyjny integracji"
"Integrations API Configuration","Konfiguracja API integracji"
"Integrations API configuration file","Plik konfiguracyjny integracji API"
"Integration configuration file.","Plik konfiguracyjny integracji."
"Integrations API configuration file.","Plik konfiguracyjny interfejsu API integracji."
"No Integrations Found","Nie znaleziono żadnych integracji"
"We will disable this feature if the value is empty.","Wyłączymy tę funkcję, jeśli wartość będzie pusta."
"Integer. Launch cleanup in X OAuth requests. 0 (not recommended) - to disable cleanup","Integer. Uruchom czyszczenie w żądaniach X OAuth. 0 (niezalecane) - aby wyłączyć czyszczenie"
"Cleanup entries older than X minutes.","Wyczyść wpisy starsze niż X minut."
"Consumer key/secret will expire if not used within X seconds after Oauth token exchange starts.","Klucz/sekret konsumenta wygaśnie, jeśli nie zostanie użyty w ciągu X sekund od rozpoczęcia wymiany tokena Oauth."
"Number of maximum redirects for OAuth consumer credentials Post request.","Liczba maksymalnych przekierowań dla poświadczeń konsumenta OAuth po żądaniu."
"Timeout for OAuth consumer credentials Post request within X seconds.","Limit czasu dla poświadczeń konsumenta OAuth Żądanie wysłania w ciągu X sekund."
"Maximum Number of authentication failures to lock out account.","Maksymalna liczba niepowodzeń uwierzytelniania do zablokowania konta."
"Period of time in seconds after which account will be unlocked.","Okres czasu w sekundach, po którym konto zostanie odblokowane."
"The integrations created in the config file can't be edited.","Integracje utworzone w pliku konfiguracyjnym nie mogą być edytowane."
"A consumer with ""%1"" ID doesn't exist. Verify the ID and try again.","Klient o identyfikatorze ""%1"" nie istnieje. Zweryfikuj ID i spróbuj ponownie."
"The tokens couldn't be revoked.","Tokenów nie można było cofnąć."
"An error occurred during the attempt to grant permissions. For details, see the exceptions log.","Wystąpił błąd podczas próby przyznania uprawnień. Szczegółowe informacje można znaleźć w dzienniku wyjątków."
"The integration with name ""%1"" exists.","Integracja o nazwie ""%1"" istnieje."
"The integration with ID ""%1"" doesn't exist.","Integracja z ID ""%1"" nie istnieje."
"The token length is invalid. Check the length and try again.","Długość tokena jest nieprawidłowa. Sprawdź długość i spróbuj ponownie."
"The oAuth consumer account couldn't be created due to an unexpected error. Please try again later.","Nie można utworzyć konta klienta oAuth z powodu nieoczekiwanego błędu. Spróbuj ponownie później."
"The oAuth consumer account couldn't be loaded due to an unexpected error. Please try again later.","Nie można załadować konta klienta oAuth z powodu nieoczekiwanego błędu. Spróbuj ponownie później."
"The attempt to post data to consumer failed due to an unexpected error. Please try again later.","Próba wysłania danych do konsumenta nie powiodła się z powodu nieoczekiwanego błędu. Spróbuj ponownie później."
"A consumer with ID ""%1"" doesn't exist. Verify the ID and try again.","Konsument o identyfikatorze ""%1"" nie istnieje. Zweryfikuj ID i spróbuj ponownie."
"Your account is temporarily disabled. Please try again later.","Twoje konto jest tymczasowo wyłączone. Spróbuj ponownie później."
"The password entered for the current user is invalid. Verify the password and try again.","Hasło wprowadzone dla bieżącego użytkownika jest nieprawidłowe. Zweryfikuj hasło i spróbuj ponownie."
Invitations,"Tekst zaproszenia do skomentowania"
"Add Invitations","Dodać zaproszenie"
"New Invitations","Nowe zaproszenia"
"Invitations Information","Informacje o zaproszeniu"
"Enter Each Email on New Line","Wprowadź każdy e-mail w nowej linii"
"Invitee Group","Grupa zaproszonych"
"View Invitation for %1 (ID: %2)","Zobacz zaproszenie dla %1 (ID: %2)"
"Discard Invitation","Odrzucić zaproszenie"
"Are you sure you want to discard this invitation?","Czy na pewno chcesz odrzucić zaproszenie?"
"Save Invitation","Zapisz zaproszenie"
"Send Invitation","Wyślij Zaproszenie"
"Default from System Configuration","Domyślna z konfiguracji"
"Status History","Historia statusów"
"Order Conversion Rate","Kurs przeliczeniowy zamówienia"
"We can't find this invitation.","Nie możemy znaleźć zaproszenia."
"Please select invitations.","Proszę wybrać zaproszenia."
"We discarded %1 of %2 invitations.","Odrzuciliśmy %1 z %2 zaproszeń."
"We skipped %1 of the selected invitations.","Pomineliśmy %1 z wybranych zaproszeń."
"Something went wrong while sending invitations.","Coś się zepsuło podczas wysyłania zaproszeń."
"No invitations have been resent.","Zaproszenia nie zostały ponownie wysłane."
"You sent %1 of %2 invitation(s).","Wysłano %1 z %2 zaproszeń."
"Something went wrong while sending %1 invitations.","Coś się zepsuło podczas wysyłania %1 zaproszeń."
"We discarded %1 invitation(s) addressed to current customers.","Odrzuciliśmy %1 zaproszenie skierowane do obecnych klientów."
"Please specify at least one email address.","Określ co najmniej jeden adres e-mail."
"We sent %1 invitation(s).","Wysłaliśmy zaproszenia. Ilość: %1."
"Something went wrong while sending %1 of %2 invitations.","Coś się zepsuło podczas wysyłania %1 z %2 zaproszeń."
"%1 invitation(s) were not sent, because customer accounts already exist for these email addresses.","%1 zaproszenia nie zostały wysłane, bo rachunki klientów już istnieje dla tych adresów e-mail."
"The invitation has been saved.","Zaproszenie zostało zapisane."
"Invitation Report by Customers","Raport zaproszeń przez klientów"
"Invited Customers Report","Raport Zaproszonych Klientów"
"General Report","Sprawozdanie ogólne"
"Invitations Report","Raport zaproszeń"
"Invitation Report by Order Conversion Rate","Raport zaproszenie przez współczynnik konwersji zamówienia"
"Conversion Rate Report","Raport szybkość konwersji"
"The wrong customer account is specified.","Określono nieprawidłowe konto klienta."
"Please enter a correct confirmation key.","Wprowadź poprawny klucz potwierdzający."
"Your invitation is not valid. Please create an account.","Zaproszenie jest nie prawidłowe. Utwórz konto."
"Your invitation is not valid. Please contact us at %1.","Zaproszenie jest nie prawidłowe. Prosimy o kontakt pod adresem %1."
"We can't save this customer.","Nie możemy zapisać klienta."
"My Invitations","Moje zaproszenia"
"You sent the invitation for %1.","Wysyłasz zaproszenie dla %1."
"Something went wrong while sending an email to %1.","Coś się zepsuło podczas wysyłania wiadomości e-mail do %1."
"We did not send %1 invitation(s) addressed to current customers.","Nie wysłaliśmy %1 zaproszeń skierowana do obecnych klientów."
"Send Invitations","Wyślij Zaproszenie"
"Max Invitations Allowed to be Sent at One Time","Maksymalna liczba wysłanych zaproszeń jednocześnie"
"Please correct the value for ""%1"" parameter, otherwise we'll use the saved value instead.","Popraw wartość parametru ""%1"", w przeciwnym razie użyjemy zapisanej wartości."
"Same as Inviter","Tak samo jak zapraszający"
"Default Customer Group from System Configuration","Domyślne grupy klientów od konfiguracji systemu"
"By Invitation Only","Tylko na zaproszenie"
"Available to All","Dostępne dla wszystkich"
"Please correct the invitation code.","Prosimy o poprawienie kodu zaproszenia."
"You need to specify a customer ID group.","Należy określić grupę identyfikatorów klientów."
"The wrong store is specified.","Podano niewłaściwy sklep."
"You can't update this message.","Nie można zaktualizować tej wiadomości."
"We can't generate encrypted code.","Nie możemy wygenerować zaszyfrowanego kodu."
"We can't find an ID for this invitation.","Nie możemy znaleźć identyfikatora tego zaproszenia."
"You can't send an invitation with status ""%1"".","Nie można wysłać zaproszenia ze statusem ""%1""."
"Please enter a valid invitation email.","Wprowadź prawidłowy adres e-mail zaproszenia."
"We can't identify the proper website.","Nie możemy zidentyfikować właściwej strony internetowej."
"This invitation is addressed to a current customer: ""%1"".","To zaproszenie jest skierowane do obecnego klienta: ""%1""."
"This invitation is not valid.","To zaproszenie nie jest poprawne."
"Please correct the invitation email.","Proszę poprawić email zaproszenia."
"Invitation for same email address","Zaproszenie dla tego samego adresu e-mail"
Accepted,Akceptowane
Discarded,Odrzucone
"Invitation Information","Informacje o zaproszeniu"
"Send At","Wyślij na"
"Invitation Message","Wiadomość z zaproszeniem"
"Signed Up At","Zarejestrowałem się w"
"Invitation URL","Adres URL zaproszenia"
Link,Odnośnik
"Invitee Information","Informacje zaproszenia"
"Customer ID","ID klienta"
"Sign Up At","Zarejestruj się w"
"Inviter Information","Informacje zaproszenia"
"Invite your friends by entering their email addresses","Zaproś znajomych poprzez wprowadzanie ich adresów e-mail"
"Maximum %1 email addresses allowed.","Dopuszczalne maksymalnie %1 adresów e-mail."
"Back to Invitations","Wróć do zaproszenia"
"Enter Email","Wprowadź adres E-mail"
"You cannot send more invitations","Nie można wysłać więcej zaproszeń"
"There are no sent invitations.","Brak wysłanych zaproszeń."
"%inviter_name invites you to join Private Sales Site","%inviter_name zaprasza do dołączenia do Private Sales Site"
"Invite to join Private Sales Site","Zaproszenie do dołączenia do prywatnej witryny sprzedaży"
"Please accept this invitation to join %store_name.","Proszę przyjąć to zaproszenie by dołączyć do %store_name."
"%store_name offers limited time sales of products only to members.","%store_name oferuje ograniczony czas sprzedaży produktów tylko dla członków."
"Please use the following link to create an account and view the deals:","Użyj następującego linku, aby utworzyć konto i zobacz oferty:"
"Invited Customers","Zaproszeni Klienci"
Conversion,Dyskusja
"Invitation Section","Sekcja Zaproszenia"
Conversions,Dyskusje
"Customer Invitation Email Sender","Nadawca E-mail Zaproszenia Klienta"
"Customer Invitation Email Template","Szablon E-mail Zaproszenia Klienta"
"Enable Invitations Functionality","Włącz funkcję zaproszeń"
"Enable Invitations on Storefront","Włącz zaproszenia w Witrynie sklepowej"
"Referred Customer Group","Określonie grupy klientów"
"New Accounts Registration","Rejestracja nowego konta"
"Allow Customers to Add Custom Message to Invitation Email","Klienci mogli dodać niestandardowe wiadomości e-mail"
"Customer Invitations","Zaproszenia klienta"
"Discard Selected","Odrzuć wybrane"
"Send Selected","Wyślij wybrane"
Registered,Zarejestrowany
"Valid Website","Ważne strony internetowej"
"Invitations Sent","Zaproszenie zostało wysłane"
"Invitations Accepted","Akceptacja zaproszeń"
"Accept Rate","Zaakceptuj stawki"
"Discard Rate","Odrzuć stawki"
"Accepted and Purchased","Zaakceptowane i zakupione"
"Conversion Rate","Współczynnik konwersji"
Invitation,Zaproszenie
"The invitation code is incorrect. Verify the code and try again.","Kod zaproszenia jest nieprawidłowy. Zweryfikuj kod i spróbuj ponownie."
"A customer ID group is missing. Enter a group and try again.","Brakuje grupy identyfikatorów klientów. Wprowadź grupę i spróbuj ponownie."
"The incorrect store is specified. Verify the store and try again.","Podano nieprawidłowy sklep. Zweryfikuj sklep i spróbuj ponownie."
"The store credit entered was invalid. Store credit must be less than the order amount. Verify and try again.","Wprowadzony kredyt sklepowy był nieprawidłowy. Kredyt sklepowy musi być mniejszy niż kwota zamówienia. Zweryfikuj i spróbuj ponownie."
"The encrypted code couldn't be generated.","Nie udało się wygenerować zaszyfrowanego kodu."
"An ID wasn't found for this invitation. Verify the invitation and try again.","Nie znaleziono identyfikatora dla tego zaproszenia. Zweryfikuj zaproszenie i spróbuj ponownie."
"The invitation with the ""%1"" status can't be sent.","Zaproszenie ze statusem ""%1"" nie może zostać wysłane."
"A valid invitation email is missing. Enter and try again.","Brakuje prawidłowej wiadomości e-mail z zaproszeniem. Wprowadź i spróbuj ponownie."
"The proper website couldn't be identified","Nie udało się zidentyfikować właściwej strony internetowej"
"This invitation is addressed to current customer ""%1"".","To zaproszenie jest skierowane do obecnego klienta ""%1""."
"Filterable (with results)","Filtrowalne (z wynikami)"
"Filterable (no results)","Filtrowalne (bez wyników)"
"Use in Layered Navigation","Zastosuj w warstwowej nawigacji"
"Can be used only with catalog input type Dropdown, Multiple Select and Price","Może być używany tylko z danymi wejściowymi katalogu typu Dropdown, Multiple Select i Price."
"Can be used only with catalog input type Dropdown, Multiple Select and Price.","Może być używany tylko z danymi wejściowymi katalogu typu Dropdown, Multiple Select i Price."
"Use in Search Results Layered Navigation","Używane w warstwowej nawigacji wyników wyszukiwania"
"Position in Layered Navigation","Pozycja w warstwowej nawigacji"
"Position of attribute in layered navigation block.","Pozycja cechy w bloku warstwowej nawigacji."
"Now Shopping by","Kupuj przez"
"Layered Navigation","Nawigacja warstwowa"
"Display Product Count","Pokazuj ilość produktów"
"Price Navigation Step Calculation","Oblicznani kroku cenowego nawigacji"
"Default Price Navigation Step","Domyślny krok cenowy w nawigacji"
"Maximum Number of Price Intervals","Maksymalna ilość przedziałów cenowych"
"Maximum number of price intervals is 100","Maksymalna ilość przedziałów cenowych to 100"
"Display Price Interval as One Price","Pokazuj przedział cenowy jako jedną cenę"
"This setting will be applied when all prices in the specific price interval are equal.","Ustawienie zostanie zastosowane kiedy wszystkie ceny w okreslonym przedziale są równe."
"Interval Division Limit","Limit wewnętrznego podziału"
"Please specify the number of products, that will not be divided into subintervals.","Prosimy sprecyzowac ilość produktów, które nie będą dzielona na podprzedziały."
"Position of attribute in layered navigation block","Pozycja atrybutu w warstwowym bloku nawigacyjnym"
"Can be used only with catalog input type Yes/No, Dropdown, Multiple Select and Price","Może być używany tylko z danymi wejściowymi katalogu typu Tak/Nie, Kropla, Wybór wielokrotny i Cena."
"Can be used only with catalog input type Yes/No, Dropdown, Multiple Select and Price.
                    <br>Price is not compatible with <b>'Filterable (no results)'</b> option - 
                     it will make no affect on Price filter.","Może być używany tylko z danymi wejściowymi katalogu typu Tak/Nie, Rozwijane, Wielokrotny wybór i Cena.
                    <br>Cena nie jest kompatybilna z opcją <b>'Filtrowanie (brak wyników)'</b> - nie będzie ona miała wpływu na filtrowanie ceny.
                     nie będzie ona miała wpływu na filtr ceny."
"Can be used only with catalog input type Yes/No, Dropdown, Multiple Select and Price.","Może być używany tylko z danymi wejściowymi katalogu typu Tak/Nie, Rozwijane, Wielokrotny wybór i Cena."
"Can be used only with catalog input type Yes/No (Boolean), Dropdown, Multiple Select and Price.","Może być używany tylko z danymi wejściowymi katalogu typu Tak/Nie (Boolean), Dropdown, Multiple Select i Price."
"Admin Actions Log Archive","Dziennik Archiwum Akcji Admina"
"Log Entry #%1","Wpis logów #%1"
"Log Entry Details","Szczegóły wpisu logów"
"Source Data","Źródło danych"
"Value Before Change","Wartość przed zmianą"
"Value After Change","Wartość po zmianie"
"No changes","Bez zmian"
"The item was deleted","Produkt został usunięty"
"All Users","Lista użytkowników"
"Admin Actions Log","Dziennik akcji Admina"
"Admin Actions Archive","Archiwum Akcji Admina"
"actions' 'label","akcja ""etykieta"
"%1 & applied","%1 i zastosowane"
"Tax Rates Import","Import stawek podatku"
"Attributes Updated","Atrybuty zaktualizowane"
"Currency Rates Saved","Kursy walut zapisane"
"Cache types: %1 ","Rodzaj Pamięci podręcznej: %1 "
"Tax Rates Export","Stawki podatkowe Export"
"Unknown callback function: %1::%2","Nieznana funkcja wywołania zwrotnego: %1::%2"
Success,"Zakończono pomyślnie"
Failure,Awaria
"This user is locked","Ten użytkownik jest zablokowany"
"Admin User Data","Dane użytkownika admin"
"Aggregated Information","Zagregowane informacje"
"Admin User ID","ID użytkownika"
"Admin User Name",Użytkownik
IP-Address,"Adres IP"
"Error Message","Komunikat błędu"
"Related Changes","Powiązane zmiany"
Logging,Rejestrowanie
Archive,Archiwizuj
"Action Logs","Dzienniki akcji"
"Admin Actions Log Archiving","Admin Archiwizacja Akcji Logów"
"Log Entry Lifetime, Days","Dziennik Bycia Zalogowanym, Dni"
"Log Archiving Frequency","Archiwum Częstotliwości Logowania"
"Admin Actions Logging","Admin Akcje Logowania"
"Enabled Actions","Włączenie Akcji"
"Mass Delete","Masowe usuwanie"
"Mass Update","Masowa aktualizacja"
Move,Przenieś
Reorder,"Zamów ponownie"
Print,Drukuj
Run,Uruchom
"Reindex Process","Proces re-indeksowania"
Clean,Wyczyść
Flush,Kolor
Fetch,Pobierz
"Update Payment","Zaktualizuj płatności"
"Update State","Aktualizacja Stanu"
Login,"Zaloguj się"
Send,Wyślij
Create,Utwórz
"Catalog Products","Katalog produktów"
"Catalog Categories","Kategorie katalogu"
"URL Rewrites","Przekierowania URL"
"Catalog Ratings","Katalog Ocen"
"Catalog Reviews",Opinie
"Catalog Attributes","Katalog Atrybutów"
"Catalog Product Templates","Katalog Szablonów Produktu"
"Admin Sign In","Admin Zaloguj"
"System Configuration","Konfiguracja systemu"
"Cart Price Rules","Reguły cenowe koszyka"
"Admin My Account","Admin Moje Konto"
"Newsletter Queue","Kolejka newslettera"
"Newsletter Templates","Szablony newslettera"
"Newsletter Subscribers","Subskrybenci newslettera"
"Sales Orders",Zamówienie
"Sales Order Status","Status zamówienia sprzedaży"
"Sales Invoices","Faktury sprzedaży"
"Sales Shipments","Sprzedaże przesyłki"
"Sales Credit Memos","Faktury korygujące sprzedaży"
"Admin Permission Roles","Admin Uprawnienia Ról"
"Admin Permission Users","Admin Uprawnienia Użytkowników"
"Manage Websites","Zarządzanie stroną internetową"
"Manage Store Views","Zarządzanie widokami sklep"
"Manage Design","Zarządzanie wyglądem"
"Custom Variables","Własne zmienne"
"System Backups","Kopia zapasowa systemu"
"Customer Tax Classes","Klasy podatku klienta"
"Catalog Product Tax Classes","Katalog Produktów Klasy Podatkowej"
"Tax Rules","Reguły podatków"
"Tax Rates","Stawki podatkowe"
"XML Sitemap","Mapa witryny (XML)"
"PayPal Settlement Reports","Raporty dotyczące rozliczeń PayPal"
"Archive File","Plik archiwum"
"Action Group","Działania grupy"
"IP Address","Adres IP"
Result,Wynik
"Full Action Name","Pełna nazwa akcji"
"Full Details","Pełne szczegóły"
"Index Management","Zarządzanie indeksami"
"More permissions are needed to access this.","Aby uzyskać do niej dostęp, potrzebne są dodatkowe uprawnienia."
"Bulk Actions","Działania zbiorcze"
Partners,Partnerzy
"Magento Marketplace","Market Magento"
"Platinum Partners","Platynowi partnerzy"
"Representing Magento's highest level of partner engagement, Magento Platinum Partners have established themselves as leaders and innovators of key products and services designed to help merchants and brands grow their business. Magento reserves the Platinum level for select trusted partners that are committed to offering integrations of commerce features, functions, and tools, as well as back-end systems and operations, to extend and enhance the power of the Magento commerce platform.","Reprezentując najwyższy poziom zaangażowania partnera Magento, partnerzy Magento Platinum upozycjonowali się jako liderzy i innowatorzy kluczowych produktów i usług mających na celu pomoc sprzedawcom i producentom rozwijać ich działalność. Magento zastrzega Platynowy poziom dla wybranych, zaufanych partnerów, którzy oferują integracje dodatków, funkcjonalności i narzędzi, jak i systemów i operacji dla rozszerzenia i ulepszenia mocy platformy handlowej Magento."
"Featured Platinum Partners","Rekomendowani Partnerzy Platynowi"
"Partner search","Poszukiwania partnerów"
"Magento has a thriving ecosystem of technology partners to help merchants and brands deliver the best possible customer experiences. They are recognized as experts in eCommerce, search, email marketing, payments, tax, fraud, optimization and analytics, fulfillment, and more. Visit the Magento Partner Directory to see all of our trusted partners.","Magento jest dobrze prosperującą ekosystemem partnerów technologii mającej na celu pomoc kupcom i producentom w dostarczaniu najlepszych możliwych doświadczeń dla klientów. Są oni rozpoznawani jako eksperci w e-commerce, wyszukiwaniu, e-mail marketingu, płatnościach, podatkach, bezpieczeństwie, optymalizacji i analizie, realizowaniu zamówień i innych. Odwiedź katalog Partnerów Magento, aby zobaczyć wszystkich naszych zaufanych partnerów."
"More Partners","Więcej partnerów"
"Extensions and Themes are an essential component of the Magento Ecosystem. Please visit the Magento Marketplace to see the latest innovations that developers have created to enhance your Magento Store.","Rozszerzenia i motywy są głównym elementem ekosystemu Magento. Odwiedź Market Magento, aby zobaczyć najnowsze innowacje, które programiści stworzyli dla ulepszenia Twojego sklepu Magento."
"Visit Magento Marketplaces","Odwiedź Market Magento"
"Read More","Czytaj więcej"
"Partner Page","Strona Partnera"
"No partners were found","Nie znaleziono partnerów"
"Find Partners & Extensions","Znajdź partnerów i rozszerzenia"
Synchronize,Synchronizuj
"Synchronizing %1 to %2","Synchronizacja %1 do %2"
Synchronizing...,Synchronizacja...
"The timeout limit for response from synchronize process was reached.","Limit czasowy dla odpowiedzi od połączenia z procesem synchronizacji."
"File %1 does not exist","Plik %1 nie istnieje"
"File %1 is not readable","Plik %1 nie jest możliwy do odczytania"
"File System","System plików"
"database ""%1""","baza danych ""%1"""
"Parent directory does not exist: %1","Katalog nadrzędny nie istnieje: %1"
"File system","System plików"
"Unable to save file ""%1"" at ""%2""","Nie udało się zapisać pliku ""%1"" o ""%2"""
"Wrong file info format","Nieprawidłowy format informacji pliku"
"Path ""%value%"" is protected and cannot be used.","Ścieżka ""%value%"" jest chroniona i nie może być użyta."
"Path ""%value%"" is not available and cannot be used.","Ścieżka ""%value%"" jest niedostępna i nie może być użyta."
"Path ""%value%"" may not include parent directory traversal (""../"", "".."").","Ścieżka ""%value%"" nie może obejmować przechodzenia przez katalog nadrzędny (""../"", "".."")."
"Please set available and/or protected paths list(s) before validation.","Prosimy ustawić listę dostępnych i/lub chronionych ścieżek przed walidacją."
"File with an extension ""%value%"" is protected and cannot be uploaded","Plik z rozszerzeniem %value%"" jest chroniony i nie może być przesłany."""
"Unable to create directory: %1","Nie udało się utworzyć katalogu: %1"
"Unable to save file: %1","Nie udało się zapisać pliku: %1"
"Storage Configuration for Media","Konfiguracja składowania mediów"
"Select Media Database","Wybierz bazę danych mediów"
"After selecting a new media storage location, press the Synchronize button to transfer all media to that location. Media will not be available in the new location until the synchronization process is complete.","Po wybraniu nowej lokalizacji przechowywania multimediów naciśnij przycisk Synchronizuj, aby przenieść wszystkie multimedia do tej lokalizacji. Nośniki nie będą dostępne w nowej lokalizacji do czasu zakończenia procesu synchronizacji."
"Environment Update Time","Czas aktualizacji środowiska"
"The ""%1"" file doesn't exist. Verify the file and try again.","Plik ""%1"" nie istnieje. Zweryfikuj plik i spróbuj ponownie."
"Cannot resize image ""%1"" - original image not found","Nie można zmienić rozmiaru obrazu ""%1"" - nie znaleziono oryginalnego obrazu"
"Cannot resize images - product images not found","Nie można zmienić rozmiaru obrazów - nie znaleziono obrazów produktów"
"Some exception","Jakiś wyjątek"
"To see product price, add this item to your cart. You can always remove it later.","Dodaj ten produkt do koszyka, żeby zobaczyć jego cenę. Możesz go zawsze później usunąć."
"On Gesture","Na życzenie"
"In Cart","W koszyku"
"Before Order Confirmation","Przed potwierdzeniem zamówienia"
"Order total will be displayed before you submit the order","Łączne Zamówienie zostanie wyświetlona przed wysłaniem zamówienia"
"You will see the order total before you submit the order.","Suma zamówienia zostanie wyświetlona przed złożeniem zamówienia."
"Actual Price","Aktualna cena"
"Minimum Advertised Price","Minimalna reklamowana cena"
"Enable MAP","Włącz MAP"
"Display Actual Price","Pokaż aktualną cenę"
"Default Popup Text Message","Domyślny tekst wiadomości wyskakującego okienka"
"Default ""What's This"" Text Message","Domyślny tekst wiadomości ""Co to jest?"""
"<strong style=""color:red"">Warning!</strong> Enabling MAP by default will hide all product prices on Storefront.","<strong style=""color:red"">Ostrzeżenie!</strong> Domyślne włączenie MAP ukryje wszystkie ceny produktów w Storefront."
Wishlist,Schowek
"Customer's Wish List Report","Raport listy życzeń klienta"
"My Wish Lists","Moje listy życzeń"
"1 item in wish list","1. produkt na liście życzeń"
"%1 items in wish list","%1 produktów na liście życzeń"
"Wish List Search","Szukaj listy życzeń"
"Customer Wish List Report","Raport listy życzeń klienta"
"Wish list ""%1"" was saved.","Lista życzeń ""%1"" została zapisana."
"We can't create the wish list right now.","Nie możemy teraz stworzyć listy życzeń."
"""%1"" was copied to %2.","""%1"" został skopiowany do %2."
"We can't find the item.","Nie możemy znaleźć produktu."
"""%1"" is already present in %2.","""%1"" jest już obecny w %2."
"We can't copy ""%1"".","Nie można skopiować ""%1""."
"We can't copy the wish list item.","Nie można skopiować elementu listy życzeń."
"We can't find %1 items.","Nie można znaleźć produktów %1."
"We can't copy %1 items.","Nie można skopiować produktów %1."
"%1 items are already present in %2: %3.","%1 produkty są już obecne w %2: %3."
"%1 items were copied to %2: %3.","%1 produkty zostały skopiowane do %2: %3."
"You can't delete the default wish list.","Nie można usunąć domyślnej listy życzeń."
"Wish List ""%1"" has been deleted.","Usunięto schowek ""%1""."
"We can't delete the wish list right now.","Nie możesz teraz usunąć listy życzeń."
"""%1"" was moved to %2.","""%1"" zostało przeniesione do %2."
"We can't find an item with this ID.","Nie możemy znaleźć produktu z tym identyfikatorem."
"We cannot move ""%1"".","Nie można skopiować ""%1""."
"We can't move the wish list item.","Nie można przenieść produktu listy życzeń."
"%1 items cannot be moved: %2.","Produkty %1 nie mogą być przeniesione: %2."
"We can't move %1 items.","Nie można przenieść produktu %1."
"%1 items were moved to %2: %3.","%1 produkty zostały przeniesione do %2: %3."
"%1 for ""%2""","%1 na ""%2"""
"We can't add the item to shopping cart.","Nie można dodać produktu do koszyka."
"We can't add the following product(s) to shopping cart: %1.","Nie można dodać następujących produktów do koszyka: %1."
"Product(s) %1 have required options. Each product can only be added individually.","Produkt(y) %1 posiada(ją) wymagane opcje. Każda z nich może być dodana wyłącznie oddzielnie."
"%1 product(s) have been added to shopping cart: %2.","%1 produkt(y) został dodany do koszyka: %2."
"Please reenter your search options.","Proszę wprowadzić opcje wyszukiwania."
"We could not perform the search.","Nie można wykonać wyszukiwania."
"Owner Name","Nazwa Właściciela"
"Owner Email","Adres e-mail właściciela"
"%1's Wish List","Lista życzeń %1"
"%1's Wish List (%2)","%1 listy życzeń (%2)"
"Sign in to edit wish lists.","Zaloguj się, aby edytować listę życzeń."
"The wish list is not assigned to your account and can't be edited.","Ten schowek nie jest przypisany do twojego konta i nie może być edytowany."
"Provide the wish list name.","Podaj nazwę listy życzeń."
"Wish list ""%1"" already exists.","Lista życzeń ""%1"" już istnieje."
"Only %1 wish list(s) can be created.","Maksymalna liczba list życzeń jaką można utworzyć to %1."
"Unknown Magento error","Nieznany błąd Magento"
"All Wish Lists","Wszystkie listy życzeń"
"Add To Order","Dodaj do zamówienia"
"Configure and Add to Order","Konfiguruj i dodaj do zamówienia"
"No items","Brak produktów"
"Delete Wish List","Usuń listę życzeń"
"Wish List Items","Produkty na liście życzeń"
"You must select items to add to the cart.","Należy dodać produkty do koszyka."
"Add to:","Dodaj do:"
"Create New Wish List","Utwórz nową listę życzeń"
"Copy to Wish List","Kopiuj do listy życzeń"
"Wish List Name","Nazwa listy życzeń"
"Create Wish List","Utwórz listę życzeń"
"Edit Wish List","Edytuj listę życzeń"
"Public Wish List","Publiczna lista życzeń"
"Private Wish List","Prywatna listy życzeń"
"Move Selected to Wish List","Przenieś zaznaczone do listy życzeń"
"Copy Selected to Wish List","Kopiuj zaznaczone do listy życzeń"
"We can't create the Wish List right now.","Nie możemy teraz stworzyć listy życzeń."
"Please select items to move.","Wybierz elementy do przeniesienia."
"Please select items to copy.","Wybierz elementy do skopiowania."
"Are you sure you want to delete your wish list? This action can't be undone.","Czy na pewno chcesz usunąć z listę życzeń? Tej akcji nie można cofnąć."
"Wish Lists","Listy życzeń"
"Enable Multiple Wish Lists","Włącz wiele list życzeń"
"Number of Multiple Wish Lists","Liczba list życzeń"
"The number of multiple wish lists should be equal to or more than 2.","Liczba listy życzeń powinna być równa lub większa niż 2."
"My Wish Lists Link","Mój link listy życzeń"
"Display Wish Lists Summary","Wyświetl podsumowanie schowka"
"Wish List Search Description","Opis wyszukiwania schowka"
"Wish List Search Template","Domyślny szablon wyszukiwania"
"Wish List Quantity","Ilość Listy Życzeń"
"Store Quantity","Ilość Sklepów"
"Surplus / Deficit","Nadwyżki / deficytu"
"Product Info","Informacje o produkcie"
"Could not create a wish list.","Nie można utworzyć listy życzeń."
"The default wish list can't be deleted.","Domyślnej listy życzeń nie można usunąć."
"Edit wish list","Edytuj listę życzeń"
"Ship to Multiple Addresses","Dostawa pod wiele adresów"
"Billing Information - %1","Informacje o płatności - %1"
"Review Order - %1","Podgląd zamówienia - %1"
"Total for this address","Łącznie dla tego adresu"
"Edit Billing Address","Zmień adres rozliczeniowy"
"Edit Shipping Address","Zmień adres dostawy"
"Create Billing Address","Utwórz adres rozliczeniowy"
"Create Shipping Address","Utwórz adres dostawy"
"Data saving problem","Problem podczas zapisywania danych"
"We cannot open the overview page.","Nie można otworzyć strony przeglądu."
"Please agree to all Terms and Conditions before placing the order.","Musisz zgodzić się z ogólnymi warunkami składania zamówienia zanim złożysz zamówienie."
"Order place error","Błąd składania zamówienia"
"Maximum qty allowed for Shipping to multiple addresses is %1","Maksymalna ilość produktów, którą można dostarczyć do różnych adresów to %1"
"Please check shipping address information.","Sprawdź informacje o adresie wysyłki."
"Please check billing address information.","Sprawdź informacje o adresie rozliczeniowym."
"Please select shipping methods for all addresses.","Wybierz metody wysyłki dla wszystkich adresów."
"A payment method is not defined.","Metoda płatności nie jest zdefiniowana."
"The requested payment method is not available for multishipping.","Żądana metoda płatności nie jest dostępna dla multishippingu."
"Item not found or already ordered","Pozycja nie została znaleziona lub została już zamówiona"
"Please specify a payment method.","Prosimy o określenie metody płatności."
"Please check shipping addresses information.","Prosimy o sprawdzenie informacji o adresie wysyłki."
"Please specify shipping methods for all addresses.","Prosimy o podanie metod wysyłki dla wszystkich adresów."
"Some addresses cannot be used due to country-specific configurations.","Niektóre adresy nie mogą być używane ze względu na konfiguracje specyficzne dla danego kraju."
"Quote address for failed order not found.","Nie znaleziono adresu cytowania dla nieudanego zamówienia."
"Exception for failed order not found.","Nie znaleziono wyjątku dla nieudanego zamówienia."
"Select Addresses","Wybierz adresy"
"Shipping Information","Informacje o dostawie"
"Billing Information","Informacje rozliczeniowe"
"Order Success","Zamówienie zostało przyjęte"
"Order Results","Wyniki zamówienia"
"Default Billing","Domyślne rozliczenie"
"Default Shipping","Domyślna dostawa"
"Select Address","Wybierz adres"
"Back to Billing Information","Wróć do informacji o płatności"
"Please select a shipping address for applicable items.","Wybierz adres dostawy dla odpowiednich produktów."
"Send To","Wyślij do"
"A shipping selection is not applicable.","Wybór dostawy jest niedostępny."
"Go to Shipping Information","Przejdź do informacji o wysyłce"
"Update Qty &amp; Addresses","Aktualizuj ilość i adresy"
"Enter a New Address","Dodaj nowy adres"
"Back to Shopping Cart","Wróć do koszyka"
"Go to Review Your Order","Przejdź do przeglądu zamówienia"
"Back to Shipping Information","Wróć do informacji o dostawie"
"Other items in your order","Inne elementy zamówienia"
"Edit Items","Edytuj produkty"
"Shipping is not applicable.","Nie dotyczy wysyłki."
"Check Out with Multiple Addresses","Zamówienie na wiele adresów"
"Please see",Zobacz
"details below","szczegóły poniżej"
"Shipping To","Dostawa do"
"Order Review","Podgląd zamówienia"
"Grand Total:",Łącznie:
"Submitting order information...","Przetwarzanie zamówienia..."
"Not all items were included.","Nie wszystkie elementy zostały uwzględnione."
"For details, see","Szczegółowe informacje można znaleźć na stronie"
"Failed to Order","Nie udało się zamówić"
"section below","sekcja poniżej"
"For successfully ordered items, you'll receive a confirmation email including order numbers, tracking information, and more details.","W przypadku pomyślnie zamówionych przedmiotów otrzymasz wiadomość e-mail z potwierdzeniem, zawierającą numery zamówień, informacje o śledzeniu i więcej szczegółów."
"Successfully Ordered","Zamówienie złożone pomyślnie"
"No shipping required.","Wysyłka nie jest wymagana."
"To purchase these items: Return to the","Aby kupić te przedmioty: Powrót do"
"Review page in Checkout","Strona recenzji w usłudze Checkout"
"resolve any errors, and place a new order.","rozwiązać wszelkie błędy i złożyć nowe zamówienie."
"Address %1 <span>of %2</span>","Adres %1 <span>z %2</span>"
"Sorry, no quotes are available for this order right now.","Przepraszamy, żadne oferty nie są dostępne dla tego zamówienia w tym momencie."
"Continue to Billing Information","Przejdź dalej do szczegółów płatności"
"Back to Select Addresses","Wróć do wyboru adresów"
"For successfully order items, you'll receive a confirmation email including order numbers, tracking information and more details.","W przypadku pomyślnego zamówienia otrzymasz wiadomość e-mail z potwierdzeniem, zawierającą numery zamówień, informacje o śledzeniu i inne szczegóły."
"Successfully ordered","Zamówienie zakończone sukcesem"
"We can't complete your order because you don't have a payment method set up.","Nie możemy dokończyć zamówienia ponieważ nie masz ustawionej metody płatności."
"Multishipping Settings Section","Sekcja Ustawień Multi Wysyłek"
"Multishipping Settings","Dostawa na wiele adresów"
"Allow Shipping to Multiple Addresses","Pozwól na dostawę do wielu adresów"
"Maximum Qty Allowed for Shipping to Multiple Addresses","Maksymalna ilość w koszyku dla dostawy pod wiele adresów"
"Review Order","Podgląd zamówienia"
"We could only complete part of your order.","Mogliśmy zrealizować tylko część zamówienia."
"We were unable to complete your order.","Nie mogliśmy zrealizować zamówienia."
"Select Shipping Method","Wybierz formę dostawy"
"Thanks for your order. We'll email you order details and tracking information.","Dziękujemy za zamówienie. Szczegóły zamówienia i informacje o śledzeniu zostaną przesłane e-mailem."
"Your order numbers are: ","Numery zamówień to:"
"Your order number is: ","Numer zamówienia to:"
"We are unable to process your request. Please, try again later.","Nie możemy przetworzyć Twojego żądania. Spróbuj ponownie później."
"Ship to:","Dane dostawy:"
Error:,Błąd:
"The maximum quantity can't be more than %1 when shipping to multiple addresses. Change the quantity and try again.","Maksymalna ilość nie może być większa niż %1 w przypadku wysyłki na wiele adresów. Zmień ilość i spróbuj ponownie."
"Verify the shipping address information and continue.","Zweryfikuj dane adresu wysyłki i kontynuuj."
"Verify the billing address information and continue.","Zweryfikuj dane adresu rozliczeniowego i kontynuuj."
"Set shipping methods for all addresses. Verify the shipping methods and try again.","Ustaw metody wysyłki dla wszystkich adresów. Zweryfikuj metody wysyłki i spróbuj ponownie."
"A payment method isn't defined. Verify and try again.","Metoda płatności nie jest zdefiniowana. Zweryfikuj i spróbuj ponownie."
"This payment method can't be used for shipping to multiple addresses. Change the payment method and try again.","Tej metody płatności nie można użyć do wysyłki na wiele adresów. Zmień metodę płatności i spróbuj ponownie."
"The item isn't found, or it's already ordered.","Przedmiot nie został znaleziony lub został już zamówiony."
"The payment method isn't selected. Enter the payment method and try again.","Metoda płatności nie została wybrana. Wprowadź metodę płatności i spróbuj ponownie."
"Some addresses can't be used due to the configurations for specific countries.","Niektóre adresy nie mogą być używane ze względu na konfiguracje dla określonych krajów."
"MySQL Message Queue Cleanup","Porządkowanie kolejki komunikatów MySQL"
"All the times are in minutes. Use ""0"" if you want to skip automatic clearance.","Wszystkie wartości powinny być podane w minutach. Użyj ""0"", aby zrezygnować z automatycznego czyszczenia."
"Retry Messages In Progress After","Ponów wiadomości po postępie"
"Successful Messages Lifetime","Czas życia pomyślnych komunikatów"
"Failed Messages Lifetime","Czas życia komunikatów o niepowodzeniu"
"New Messages Lifetime","Czas życia nowych komunikatów"
"MySQL Message Queue Cleanup - all the times are in minutes. Use ""0"" if you want to skip automatic clearance","MySQL Message Queue Cleanup - wszystkie czasy podane są w minutach. Użyj ""0"", jeśli chcesz pominąć automatyczne czyszczenie."
"Catalog Total Price (Excl. Tax)","Całkowita cena katalogowa (bez podatku)"
"Catalog Total Price (Incl. Tax)","Całkowita cena katalogowa (z podatkiem)"
"Catalog Total Price","Całkowita cena katalogowa"
"Negotiated Discount","Wynegocjowany rabat"
"Save as Draft","Zapisz jako wersję roboczą"
Decline,Spadek
"This action cannot be performed because you have products requiring attention. You must resolve these issues before you can continue.","Nie można wykonać tej akcji, ponieważ istnieją produkty wymagające uwagi. Przed kontynuowaniem musisz rozwiązać te problemy."
"Cannot Perform the Requested Action","Nie można wykonać żądanej akcji"
"%creator (for %customer)","%creator (dla %customer)"
"Items Quoted","Cytowane przedmioty"
"Subtotal (Incl. Tax)","Suma częściowa (z podatkiem)"
"Subtotal (Excl. Tax)","Suma częściowa (bez podatku)"
"Add to Quote by SKU","Dodaj do oferty według SKU"
"Add to Quote","Dodaj do wyceny"
"Total Cost","Całkowity koszt"
"Negotiated Price","Wynegocjowana cena"
"Shipping & Handling","Wysyłka i obsługa"
"Quote Subtotal (Incl. Tax)","Suma częściowa oferty (z podatkiem)"
"Percentage Discount","Rabat procentowy"
"Amount Discount","Kwota Zniżka"
"Proposed Price","Proponowana cena"
"Quote Subtotal","Suma częściowa oferty"
"My Quotes","Moje cytaty"
"created quote","utworzony cytat"
"closed quote","zamknięty cytat"
"updated quote","zaktualizowany cytat"
"Percentage Discount - %1%","Rabat procentowy - %1%"
"Amount Discount - %1","Kwota Rabat - %1"
"Proposed Price - %1","Proponowana cena - %1"
Qty:,Ilość:
"Qty: ","Ilość: "
" - deleted from catalog"," - usunięte z katalogu"
(Removed),(Usunięto)
deleted,usunięty
"Renderer list for block ""%1"" is not defined","Lista renderowania dla bloku ""%1"" nie jest zdefiniowana"
"This quote is currently locked for editing. It will become available once released by the Merchant.","Ta oferta jest obecnie zablokowana do edycji. Zostanie udostępniony po opublikowaniu przez sprzedawcę."
"Your quote has expired and the product prices have been updated as per the latest prices in your catalog. You can either re-submit the quote to seller for further negotiation or go to checkout.","Twoja wycena wygasła, a ceny produktów zostały zaktualizowane zgodnie z najnowszymi cenami w katalogu. Możesz ponownie przesłać ofertę do sprzedawcy w celu dalszych negocjacji lub przejść do kasy."
"You are not an owner of this quote. You cannot edit it or take any actions on it.","Nie jesteś właścicielem tego cytatu. Nie możesz go edytować ani wykonywać na nim żadnych działań."
"Estimated Tax","Szacowany podatek"
"Quote Subtotal (Excl. Tax)","Suma częściowa oferty (bez podatku)"
"Quote Grand Total (Incl. Tax)","Całkowita kwota oferty (z podatkiem)"
"Grand Total to Be Charged","Całkowita kwota do pobrania"
"Requested quote was not found","Nie znaleziono żądanej oferty"
Quotes,Cytaty
"Something went wrong during quote declining","Coś poszło nie tak podczas odrzucania wyceny"
"Attachment not found.","Nie znaleziono załącznika."
"Quote #%1","Cytat #%1"
"Exception occurred during quote print: %1","Wystąpił wyjątek podczas drukowania cytatu: %1"
"Exception occurred during update quote","Wystąpił wyjątek podczas wyceny aktualizacji"
"Exception occurred during quote saving","Wystąpił wyjątek podczas zapisywania wyceny"
"The changes have been saved.","Zmiany zostały zapisane."
"The quote has been sent to the buyer.","Wycena została wysłana do kupującego."
"Exception occurred during quote sending","Wystąpił wyjątek podczas wysyłania oferty"
"Exception occurred during quote view %1","Wystąpił wyjątek podczas widoku wyceny %1"
"Requested quote was not found.","Nie znaleziono żądanej oferty."
"An error occurred on the server. %1","Wystąpił błąd na serwerze. %1"
"This quote is currently locked for editing. It will become available once released by the buyer.","Ta oferta jest obecnie zablokowana do edycji. Zostanie ona udostępniona po jej opublikowaniu przez kupującego."
"An error occurred while quote creation.","Wystąpił błąd podczas tworzenia cytatu."
"%1 products require your attention. Please contact the Seller if you have any questions.","%1 produkty wymagają uwagi. W razie jakichkolwiek pytań prosimy o kontakt ze sprzedawcą."
"You closed the quote.","Zamknąłeś cytat."
"We can't close the quote right now because of an error: %1.","Nie możemy teraz zamknąć cytatu z powodu błędu: %1."
"We can't close the quote right now.","Nie możemy teraz zamknąć wyceny."
"An error occurred while creating quote.","Wystąpił błąd podczas tworzenia cytatu."
"Quote with ID %1 was successfully created.","Cytat o ID %1 został pomyślnie utworzony."
"The quote could not be created. Please try again later.","Nie można utworzyć oferty. Spróbuj ponownie później."
"You have deleted the quote.","Usunąłeś cytat."
"We can't delete the quote right now.","Nie możemy teraz usunąć cytatu."
"You've removed the item from quote.","Przedmiot został usunięty z oferty."
"We can't delete the quote item right now.","Nie możemy teraz usunąć elementu wyceny."
"You have updated the items in the quote.","Zaktualizowałeś elementy w wycenie."
"We can't update the items right now.","Nie możemy teraz zaktualizować przedmiotów."
"We can't order the quote right now because of an error: %1.","Nie możemy teraz zamówić wyceny z powodu błędu: %1."
"We can't order the quote right now.","Nie możemy teraz zamówić wyceny."
Quote,Cytat
"This quote will be charged in %1. The prices are given in %2 as reference only.","Opłata za tę ofertę zostanie naliczona w %1. Ceny są podane w %2 wyłącznie jako odniesienie."
"We can't send the quote right now because of an error: %1.","Nie możemy teraz wysłać oferty z powodu błędu: %1."
"We can't send the quote right now.","Nie możemy teraz wysłać wyceny."
"Cannot obtain the requested data. You must fix the errors listed below first.","Nie można uzyskać żądanych danych. W pierwszej kolejności należy naprawić błędy wymienione poniżej."
"Requested attachment is not found. Row ID: %fieldName = %fieldValue","Żądany załącznik nie został znaleziony. Identyfikator wiersza: %fieldName = %fieldValue"
"Requested quote is not found. Row ID: %fieldName = %fieldValue","Żądana wycena nie została znaleziona. Identyfikator wiersza: %fieldName = %fieldValue"
"There was an error saving comment.","Wystąpił błąd podczas zapisywania komentarza."
"Cannot delete comment with id %1","Nie można usunąć komentarza o id %1"
"There was an error saving company quote config.","Wystąpił błąd podczas zapisywania konfiguracji oferty firmy."
" - deleted"," - usunięty"
"Product with ID #%1 is deleted","Produkt o ID #%1 został usunięty"
"There was an error saving history log.","Wystąpił błąd podczas zapisywania dziennika historii."
"There was an error during updating history log.","Wystąpił błąd podczas aktualizacji dziennika historii."
"Could not save history log","Nie można zapisać dziennika historii"
"Cannot delete history log with id %1","Nie można usunąć dziennika historii o id %1"
"There was an error saving negotiable quote item.","Wystąpił błąd podczas zapisywania pozycji wyceny podlegającej negocjacjom."
"Cannot send a B2B quote.","Nie można wysłać oferty B2B."
"Cannot create a B2B quote.","Nie można utworzyć oferty B2B."
"Changes to the negotiated quote were not saved. Please try again.","Zmiany w wynegocjowanej wycenie nie zostały zapisane. Spróbuj ponownie."
"Cannot delete negotiable quote","Nie można usunąć oferty podlegającej negocjacjom"
"Shipping method cannot be set for a virtual quote.","Nie można ustawić metody wysyłki dla wirtualnej wyceny."
"Cannot add the shipping method. You must add a shipping address into the quote first.","Nie można dodać metody wysyłki. Najpierw musisz dodać adres wysyłki do wyceny."
"Requested shipping method is not found. Row ID: ShippingMethodID = %ShippingMethodID.","Żądana metoda wysyłki nie została znaleziona. Identyfikator wiersza: ShippingMethodID = %ShippingMethodID."
"Product with SKU %1 not found","Nie znaleziono produktu o jednostce SKU %1"
"Negotiated quote not found.","Nie znaleziono wynegocjowanej oferty."
"Catalog Price: ","Cena katalogowa:"
"Quote Discount","Cytat Zniżka"
"Discount amount: ","Kwota rabatu:"
"Cart Price: ","Cena koszyka:"
"Unable to update shipping address","Nie można zaktualizować adresu dostawy"
"Cannot save removed quote item notification","Nie można zapisać powiadomienia o usuniętym elemencie oferty"
"Only for use within frontend area","Tylko do użytku w obszarze frontendu"
"There is an error while saving comment.","Wystąpił błąd podczas zapisywania komentarza."
"Cannot save comment:\n%1","Nie można zapisać komentarza:\n%1"
discount,rabat
"%1 - deleted","%1 - usunięty"
"Cart rule deleted.","Usunięto regułę koszyka."
"Products %1","Produkty %1"
"Client reviewed","Przegląd klienta"
Submitted,Zgłoszony
Declined,Odrzucono
"Catalog prices have changed, and you may want to review the offer. Details about the changes are available in the History Log.","Ceny katalogowe uległy zmianie i warto zapoznać się z ofertą. Szczegóły dotyczące zmian są dostępne w dzienniku historii."
"The discount has changed for this quote. Check the History Log for details.","Rabat dla tej oferty uległ zmianie. Sprawdź szczegóły w dzienniku historii."
"The discount for this quote has been removed because the buyer has reached the maximum number of attempts to request a discount. You may want to review the offer amount.","Rabat dla tej oferty został usunięty, ponieważ kupujący osiągnął maksymalną liczbę prób uzyskania rabatu. Warto sprawdzić kwotę oferty."
"The discount for this quote has been removed because the cart rule has been deleted. You may want to review the offer amount.","Rabat dla tej oferty został usunięty, ponieważ reguła koszyka została usunięta. Warto sprawdzić kwotę oferty."
"Quote taxes have been recalculated because the buyer added or changed the shipping address. You may want to review the offer amount.","Podatki zostały ponownie obliczone, ponieważ kupujący dodał lub zmienił adres wysyłki. Warto sprawdzić kwotę oferty."
"Buyer added or changed the shipping address. You may want to offer the shipping price or / and review the offer amount.","Kupujący dodał lub zmienił adres wysyłki. Możesz zaoferować cenę wysyłki lub / i zweryfikować kwotę oferty."
"has been deleted from the catalog, so the items quoted list has been updated.","została usunięta z katalogu, więc lista cytowanych pozycji została zaktualizowana."
"have been deleted from the catalog, so the items quoted list has been updated.","zostały usunięte z katalogu, więc lista cytowanych pozycji została zaktualizowana."
"has been deleted from the quote. You may want to review the offer amount.","została usunięta z oferty. Warto sprawdzić kwotę oferty."
"has been deleted from the catalog. The items quoted list has been updated.","została usunięta z katalogu. Lista cytowanych pozycji została zaktualizowana."
"have been deleted from the quote. You may want to review the offer amount.","zostały usunięte z oferty. Warto sprawdzić kwotę oferty."
"have been deleted from the catalog. The items quoted list has been updated.","zostały usunięte z katalogu. Lista cytowanych pozycji została zaktualizowana."
"Catalog prices have changed. You may want to re-submit this quote. Details about the changes are available in the History Log.","Ceny katalogowe uległy zmianie. Możesz chcieć ponownie przesłać tę ofertę. Szczegóły dotyczące zmian są dostępne w dzienniku historii."
"The discount for this quote has been removed because you have already used your discount on previous orders. Please re-submit the quote to the Seller for further negotiation.","Rabat dla tej oferty został usunięty, ponieważ rabat został już wykorzystany przy poprzednich zamówieniach. Prosimy o ponowne przesłanie oferty do sprzedawcy w celu dalszych negocjacji."
"The discount is no longer valid for this quote, and the prices have been updated. Please re-submit the quote to the Seller for further negotiation.","Rabat nie jest już ważny dla tej oferty, a ceny zostały zaktualizowane. Prosimy o ponowne przesłanie oferty do sprzedawcy w celu dalszych negocjacji."
"Quote taxes have been recalculated because you have added or changed the shipping address. The negotiated price is no longer valid. Please re-submit the quote to Seller.","Podatki zostały ponownie obliczone, ponieważ dodano lub zmieniono adres wysyłki. Wynegocjowana cena nie jest już ważna. Prześlij ponownie ofertę do sprzedawcy."
"You have added or changed the shipping address on this quote. Please re-submit the quote to Seller.","Dodałeś lub zmieniłeś adres wysyłki w tej wycenie. Prześlij ponownie ofertę do sprzedawcy."
"is no longer available in catalog. It was removed from your quote.","nie jest już dostępna w katalogu. Został on usunięty z oferty."
"are no longer available in catalog. They were removed from your quote.","nie są już dostępne w katalogu. Zostały one usunięte z oferty."
"is no longer available. It was removed from your quote.","nie jest już dostępna. Został on usunięty z oferty."
"are no longer available. They were removed from your quote.","nie są już dostępne. Zostały one usunięte z wyceny."
"The quote %quoteId is currently locked, and you cannot place an order from it at the moment.","Kwotowanie %quoteId jest obecnie zablokowane i nie można złożyć z niego zamówienia."
"The quote %quoteId is currently locked and cannot be closed.","Kwotowanie %quoteId jest obecnie zablokowane i nie można go zamknąć."
"Invalid attribute %fieldName: Cannot create a B2B Quote for an individual user. The user must be a company member. Row ID: %fieldName = %fieldValue","Nieprawidłowy atrybut %fieldName: Nie można utworzyć oferty B2B dla indywidualnego użytkownika. Użytkownik musi być członkiem firmy. Identyfikator wiersza: %fieldName = %fieldValue"
"Invalid attribute %fieldName: Quoting is not allowed for this company. Row ID: %fieldName = %fieldValue","Nieprawidłowy atrybut %fieldName: Cytowanie jest niedozwolone dla tej firmy. Identyfikator wiersza: %fieldName = %fieldValue"
"The quote %quoteId is currently locked and cannot be declined.","Kwotowanie %quoteId jest obecnie zablokowane i nie można go odrzucić."
"The quote %quoteId is currently locked and cannot be updated. Please check the quote status.","Kwotowanie %quoteId jest obecnie zablokowane i nie można go zaktualizować. Sprawdź status oferty."
"The expiration date is in the wrong format. The correct format is %dateformat.","Data wygaśnięcia ma nieprawidłowy format. Prawidłowy format to %dateformat."
"Cannot update the expiration date. You must specify today's date or a future date.","Nie można zaktualizować daty wygaśnięcia. Należy określić dzisiejszą lub przyszłą datę."
"Cannot create the B2B quote. You cannot attach more than ten files per one request.","Nie można utworzyć oferty B2B. Nie można dołączyć więcej niż dziesięciu plików do jednego żądania."
"%fileType is not an allowed file type. Please select a different file.","%fileType nie jest dozwolonym typem pliku. Wybierz inny plik."
"The maximum file name length is 20 characters. The only special symbols that are allowed in the file name are: dash and underscore. Row ID: %fieldName = %fieldValue","Maksymalna długość nazwy pliku wynosi 20 znaków. Jedyne symbole specjalne, które są dozwolone w nazwie pliku to: myślnik i podkreślenie. Identyfikator wiersza: %fieldName = %fieldValue"
"Cannot attach the file %filename. The maximum allowed file size is %size Mb.","Nie można dołączyć pliku %filename. Maksymalny dozwolony rozmiar pliku to %size Mb."
"Invalid attribute value. Row ID: %fieldName = %fieldValue","Nieprawidłowa wartość atrybutu. Identyfikator wiersza: %fieldName = %fieldValue"
"Invalid attribute value. The price must be NULL, 0 or a positive number. Row ID: %fieldName = %fieldValue","Nieprawidłowa wartość atrybutu. Cena musi być NULL, 0 lub liczbą dodatnią. Identyfikator wiersza: %fieldName = %fieldValue"
"You cannot update the quote status.","Nie można zaktualizować statusu oferty."
"Invalid attribute %fieldName: A B2B quote for this quoteID already exists. Row ID: %fieldName = %fieldValue","Nieprawidłowy atrybut %fieldName: Cytat B2B dla tego identyfikatora quoteID już istnieje. Identyfikator wiersza: %fieldName = %fieldValue"
"Cannot create a B2B quote. You must provide one or more quote items.","Nie można utworzyć oferty B2B. Musisz podać jedną lub więcej pozycji wyceny."
"'Cannot create the B2B quote.' .","""Nie można utworzyć oferty B2B."" ."
"Cannot create the B2B quote. The minimum order for a quote request is %currency%amount","Nie można utworzyć oferty B2B. Minimalne zamówienie dla zapytania ofertowego wynosi %currency%amount"
"The quote %quoteId is currently locked and cannot be submitted to the customer. Please check the quote status.","Oferta %quoteId jest obecnie zablokowana i nie może zostać przesłana do klienta. Sprawdź status oferty."
"Cannot delete all items from a B2B quote. The quote must contain at least one item.","Nie można usunąć wszystkich pozycji z oferty B2B. Wycena musi zawierać co najmniej jedną pozycję."
"Cannot set the shipping price. You must select a shipping method first.","Nie można ustawić ceny wysyłki. Najpierw należy wybrać metodę wysyłki."
"Product with SKU %1 not found in catalog","Produkt o numerze SKU %1 nie został znaleziony w katalogu"
"Street: street1, Postcode: 12345","Ulica: street1, Kod pocztowy: 12345"
"Validation error message","Komunikat o błędzie walidacji"
"Message 1","Wiadomość 1"
"Message 2","Wiadomość 2"
"exception message","komunikat wyjątku"
"Order Placed From Quote","Zamówienie złożone na podstawie oferty"
Comments,Komentarze
"Request Declined. Reason: ","Wniosek odrzucony. Powód:"
"Created By","Utworzony przez"
rate,stawka
Expires,Wygasa
"Company Admin Email","Firmowy adres e-mail administratora"
Seller,Sprzedawca
"Catalog Price","Cena katalogowa"
"History Log","Dziennik historii"
"Add your comment","Dodaj komentarz"
"Attach file","Dołącz plik"
"Quote & Account Information","Wycena i informacje o koncie"
"Quote # %1","Cytat # %1"
"Edit Company","Edytuj firmę"
"Sales Rep","Przedstawiciel handlowy"
"Add Product By SKU","Dodaj produkt po SKU"
"Name & SKU","Nazwa i SKU"
"Cart Price","Cena koszyka"
"Recalculate Quote","Przelicz ofertę"
"Update Prices","Aktualizuj ceny"
"Delete Action","Usuń działanie"
"The quote list has changed. Please update the negotiated price.","Lista ofert uległa zmianie. Prosimy o aktualizację wynegocjowanej ceny."
Negotiation,Negocjacje
"Quote Totals","Suma cytatów"
"Shipping Methods & Price","Metody wysyłki i cena"
"Sorry, rates are not available for this quote.","Przepraszamy, stawki nie są dostępne dla tej oferty."
"You have no shipping address for this quote.","Nie podano adresu wysyłki dla tej oferty."
"Proposed Shipping Price","Proponowana cena wysyłki"
"Click to change shipping method","Kliknij, aby zmienić metodę wysyłki"
"Sorry, rates are not available for this quote..","Przepraszamy, stawki nie są dostępne dla tej oferty...."
"Get shipping methods and rates","Pobierz sposoby dostawy i stawki"
"Enter SKU","Wprowadź SKU"
"The negotiated price cannot be higher than the catalog total price.","Wynegocjowana cena nie może być wyższa niż całkowita cena katalogowa."
"Negotiated Price cannot be less than 0","Wynegocjowana cena nie może być niższa niż 0"
"Products Not Added to the Quote","Produkty nie dodane do oferty"
"Add Products to Quote","Dodaj produkty do wyceny"
(Updated),(Aktualizacja)
(Added),(Dodano)
"Shipping address","Adres dostawy"
"Proposed shipping price","Proponowana cena wysyłki"
"Shipping method","Metoda dostawy"
removed,usunięty
" - removed"," - usunięty"
"Request a Quote","Zapytanie ofertowe"
"Quote name","Nazwa cytatu"
"Send Request","Wyślij żądanie"
"Order Placed From Quote:","Zamówienie złożone na podstawie oferty:"
"Cannot Open the Quote","Nie można otworzyć cytatu"
"This quote cannot be viewed at the current website. Would you like to navigate to the website where you created this quote?","Tej oferty nie można wyświetlić na bieżącej stronie. Czy chcesz przejść do strony, na której utworzyłeś ten cytat?"
"Show My Orders","Pokaż moje zamówienia"
"Show All Orders","Pokaż wszystkie zamówienia"
Merge,Połączenie
"Quote Comments","Komentarz do cytatu"
Created:,Utworzono:
Expires:,Wygasa:
"Sales Rep.:","Przedstawiciel handlowy:"
"Select Existing Address","Wybierz istniejący adres"
"No shipping information available","Brak informacji o wysyłce"
"Select a shipping address from your address book.","Wybierz adres dostawy z książki adresowej."
"Send for Review","Wyślij do recenzji"
"Close quote","Zamknij cytat"
"Quote Items",Cytaty
"No shipping information available.","Brak dostępnych informacji o wysyłce."
"Your quote number is: %1.","Twój numer cytatu to: %1."
"The quote has been sent to the merchant.","Wycena została wysłana do sprzedawcy."
"Dear %merchant_name,","Drogi %merchant_name,"
"New quote ","Nowy cytat"
" submitted by buyer"," przesłane przez kupującego"
"Thank you,","Dziękuję,"
"Dear %customer_name,","Drogi %customer_name,"
"Your quote ","Twój cytat"
" has been declined by the seller."," została odrzucona przez sprzedającego."
"Reason: %reason.","Powód: %powód."
" expires on "," wygasa w dniu"
" after which time you can’t order the items in the quote. After the expiration,
    you’ll have to negotiate the price with the seller again."," Po upływie tego czasu nie można zamawiać przedmiotów z oferty. Po wygaśnięciu,
    będziesz musiał ponownie negocjować cenę ze sprzedawcą."
"The quote ",Cytat
" after which time it will be reset to its default expiration period. To extend the
    lifetime of the quote, update its expiration date."," Po tym czasie zostanie przywrócony domyślny okres ważności. Aby przedłużyć
    okres ważności oferty, należy zaktualizować jej datę wygaśnięcia."
"Expiration date for the Quote %quoteName has been reset so you can keep working on the quote.
    You can set a new expiration date if you wish.","Data wygaśnięcia kwotowania %quoteName została zresetowana, aby umożliwić dalszą pracę nad kwotowaniem.
    Jeśli chcesz, możesz ustawić nową datę wygaśnięcia."
"Quote ",Cytat
" updated by buyer"," zaktualizowane przez kupującego"
"The seller responded to your quote ","Sprzedawca odpowiedział na Twoją ofertę"
"The Quote expires after ","Oferta wygasa po"
"Item in Quote","Pozycja w wycenie"
"Items in Quote","Pozycje w wycenie"
"Cancel coupon","Anuluj kupon"
"Update Catalog Prices","Aktualizacja cen katalogowych"
"If you proceed, catalog prices and cart discounts on this quote will be updated as per the latest changes in the catalog and the price rules.","Jeśli kontynuujesz, ceny katalogowe i rabaty w koszyku w tej ofercie zostaną zaktualizowane zgodnie z najnowszymi zmianami w katalogu i zasadami cenowymi."
"No ordered items","Brak zamówionych przedmiotów"
"Please enter a number greater than 0 in this field","Wprowadź w tym polu liczbę większą niż 0"
"Please enter a non-decimal number please","Wprowadź liczbę niedziesiętną"
"Maximum length of the message is ","Maksymalna długość wiadomości wynosi"
"Decline Quote?","Odrzucenie cytatu?"
"If you click [Confirm], all custom pricing from the selected quotes will be removed. The buyers will be able to place orders using their standard catalog prices.","Po kliknięciu przycisku [Potwierdź] wszystkie niestandardowe ceny z wybranych ofert zostaną usunięte. Kupujący będą mogli składać zamówienia przy użyciu standardowych cen katalogowych."
"Decline Quotes?","Cytaty o upadku?"
"Cannot Decline the Selected Quotes","Nie można odrzucić wybranych cytatów"
"Only the quotes that are currently in status 'Open' can be declined","Odrzucić można tylko oferty, które aktualnie mają status ""Otwarte""."
"If you decline this quote, all custom pricing from this quote will be removed. The buyer will be able to place an order using their standard catalog prices and discounts.","Jeśli odrzucisz tę ofertę, wszystkie niestandardowe ceny z tej oferty zostaną usunięte. Kupujący będzie mógł złożyć zamówienie, korzystając ze standardowych cen katalogowych i rabatów."
"Your file could not be uploaded. Please try again.","Nie można przesłać pliku. Spróbuj ponownie."
"You cannot attach more than ten files per comment.","Do jednego komentarza nie można dołączyć więcej niż dziesięciu plików."
"Cannot Upload File","Nie można przesłać pliku"
"Quote request rules","Zasady wysyłania zapytań ofertowych"
"Coupon codes and gift cards are not allowed on quotes. Choose whether you'd like to keep the coupon code/gift card without requesting a quote, or request a quote without the coupon code/gift card.","Kody kuponów i karty podarunkowe nie są dozwolone w wycenach. Wybierz, czy chcesz zachować kod kuponu/kartę podarunkową bez prośby o wycenę, czy poprosić o wycenę bez kodu kuponu/karty podarunkowej."
"The shopping cart isn't empty","Koszyk nie jest pusty"
"You have items in your shopping cart. Would you like to merge items in this order with items of this shopping cart or replace them?","Masz produkty w koszyku. Czy chcesz połączyć produkty w tym zamówieniu z produktami z tego koszyka lub je zastąpić?"
"Select Cancel to stay on the current page.","Wybierz Anuluj, aby pozostać na bieżącej stronie."
"Are you sure you want to delete this quote?","Czy na pewno chcesz usunąć ten cytat?"
"Go to Checkout?","Przejść do kasy?"
"Enable B2B Quote","Włączanie ofert B2B"
"Minimum Amount","Minimalna kwota"
"Minimum order total for quote request.","Minimalna suma zamówienia dla zapytania ofertowego."
"Minimum Amount Message","Komunikat o kwocie minimalnej"
"This message will be shown in the shopping cart when the subtotal (after discount) is lower than the minimum allowed amount.","Ten komunikat pojawi się w koszyku po gdy suma częściowa (po Rabacie) jest niższa niż minimalna dozwolona kwota."
"Default Expiration Period","Domyślny okres ważności"
"This period will be used as the default expiration time period for quotes. It can be changed for any quote.","Okres ten będzie używany jako domyślny okres wygaśnięcia kwotowań. Można go zmienić dla dowolnego kwotowania."
"Attached files","Załączone pliki"
"File formats for upload","Formaty plików do przesłania"
"Separate each file extension with a comma. Special symboles like dots, converted commas, asterisk, etc. are not allowed.","Każde rozszerzenie pliku należy oddzielić przecinkiem. Specjalne symbole, takie jak kropki, zamienione przecinki, gwiazdki itp. nie są dozwolone."
"Maximum file size","Maksymalny rozmiar pliku"
"File size in MB. Note that this setting can be overridden by the server settings.","Rozmiar pliku w MB. Należy pamiętać, że to ustawienie może zostać zastąpione przez ustawienia serwera."
"Updated Quote Template (to Buyer)","Zaktualizowany szablon oferty (dla kupującego)"
"Declined Quote Template (to Buyer)","Szablon oferty odrzuconej (dla kupującego)"
"New Quote Template (to Seller)","Nowy szablon wyceny (dla sprzedawcy)"
"Updated Quote Template (to Seller)","Zaktualizowany szablon wyceny (dla sprzedawcy)"
"Quote Expiration (in 48 hrs)","Wygaśnięcie oferty (w ciągu 48 godzin)"
"Quote Expiration (in 24 hrs)","Wygaśnięcie oferty (w ciągu 24 godzin)"
"Expiration Date Reset","Reset daty wygaśnięcia"
"Send Quote Email Copy To","Wyślij kopię oferty e-mailem do"
"Send Quote Email Copy Method","Wyślij ofertę e-mailem Metoda kopiowania"
"Request, Edit, Delete","Żądanie, Edycja, Usunięcie"
"Checkout with quote","Wypłata z wyceną"
"View quotes of subordinate users","Wyświetlanie cytatów podrzędnych użytkowników"
"Allow Quotes","Pozwól na cytaty"
"Created Date","Data utworzenia"
"Submitted By","Zgłoszony przez"
"Last Updated","Ostatnia aktualizacja"
"Quote Total (Base)","Wycena Łącznie (podstawa)"
"Quote Total (Negotiated)","Łączna wycena (wynegocjowana)"
"Quote Name","Nazwa cytatu"
"Quote Total","Całkowita kwota"
"Exception occurred during quote view %s","Wystąpił wyjątek podczas wyświetlania cytatu %s"
"No such public catalog entity","Brak takiego podmiotu w katalogu publicznym"
"Shared Catalog (or Customer Group)","Katalog współdzielony (lub grupa klientów)"
"No New Relic Application ID configured, cannot continue with Cron Event reporting","Nie można raportować zdarzeń Crona, ponieważ nie skonfigurowano identyfikatora aplikacji New Relic"
"The New Relic integration requires the newrelic-php5 agent, which is not installed. More 
                        information on installing the agent is available <a target=""_blank"" href=""%1"">here</a>.","Integracja New Relic wymaga agenta newrelic-php5, który nie jest zainstalowany. Więcej
                        informacji na temat instalacji agenta można znaleźć <a target=""_blank"" href=""%1"">tutaj</a>."
"New Relic Reporting Section","Dział raportowania New Relic"
"New Relic Reporting","Raportowanie New Relic"
"Enable New Relic Integration","Włącz integrację z New Relic"
"New Relic API URL","Adres API New Relic"
"Insights API URL","Insights klucz API"
"Use %s to replace the account ID in the URL","Zastąp identyfikator konta w adresie URL za pomocą %s"
"New Relic Account ID","Identyfikator konta New Relic"
"""Need a New Relic account? <a href=""http://www.newrelic.com/magento"" target=""_blank"">Click here to get one","Nie masz konta New Relic? <a href=""http://www.newrelic.com/magento"" target=""_blank"">Kliknij tutaj, aby założyć"
"New Relic Application ID","Identyfikator aplikacji New Relic"
"This can commonly be found at the end of the URL when viewing the APM after ""/applications/""","To najczęściej znajdują się na końcu adresu URL podczas oglądania APM po ""/ applications /"""
"New Relic API Key","Klucz API New Relic"
"This is located by navigating to Events -> Deployments from the New Relic APM website","To znajduje się przechodząc do wydarzeń -> wdrożeń ze strony nowych Relic APM"
"Insights API Key","Insights klucz API"
"Generated under Insights in Manage data -> API Keys -> Insert Keys","Generowane wyglądu w zarządzanie danych-> Klucze API -> Wstawić Klucze"
"New Relic Application Name","Nazwa aplikacji New Relic"
"This is located by navigating to Settings from the New Relic APM website","To znajduje się przechodząc do ustawień ze strony nowych Relic APM"
"Enable Cron","Włączyć Cron"
"Send Adminhtml and Frontend as Separate Apps","Wyślij Adminhtml i Frontend jako oddzielne aplikacje"
"In addition to the main app (which includes all PHP execution), separate apps for adminhtml and frontend will be created. Requires New Relic Application Name to be set.","Oprócz głównej aplikacji (która obejmuje całe wykonanie PHP), zostaną utworzone oddzielne aplikacje dla adminhtml i frontend. Wymaga ustawienia nazwy aplikacji New Relic."
"Delete Selected Problems","Usuń zaznaczone problemy"
"Unsubscribe Selected","Wypisz zaznaczonych"
"Save Newsletter","Zapisz newsletter"
"Save and Resume","Zapisz i wznów"
"View Newsletter","Zobacz newsletter"
"Edit Newsletter","Edycja newslettera"
"Queue Information","Informacje o kolejce"
"Queue Date Start","Start kolejki"
"Subscribers From","Subskrybenci od"
"Newsletter Styles","Style newslettera"
Pause,Pauza
"Do you really want to cancel the queue?","Czy na pewno chcesz anulować kolejkę?"
Resume,Wznów
"Return HTML Version","Zwróć wersję HTML"
"Save As","Zapisz jako"
"Edit Newsletter Template","Edycja szablonu newslettera"
"New Newsletter Template","Nowy szablon newslettera"
"Queue Newsletter","Kolejki Newsletter"
"We unsubscribed the people you identified.","Możemy wypisać osoby zidentyfikowane."
"The problems you identified have been deleted.","Problemy, które zidentyfikowałeś zostały usunięte."
"Newsletter Problems Report","Raporty problemów z wysyłką newslettera"
"Newsletter Problem Reports","Raporty problemów z wysyłką newslettera"
"Edit Queue","Edycja kolejki"
"Please correct the newsletter template and try again.","Proszę poprawić szablon newslettera i spróbuj ponownie."
"You saved the newsletter queue.","Zapisana kolejka newslettera."
Subscribers,Subskrybenci
"Please select one or more subscribers.","Wybierz jedną lub więcej subskrybentów."
"Total of %1 record(s) were deleted.","Usunięto %1 wpis(ów)."
"The newsletter template has been deleted.","Szablon newslettera został usunięty."
"We can't delete this template right now.","Nie można teraz usunąć tego szablonu."
"Create Newsletter Template","Utwórz szablon newslettera"
"The newsletter template has been saved.","Szablon newslettera został zapisany."
"Something went wrong while saving this template.","Coś się zepsuło podczas zapisywania tego szablonu."
"Something went wrong while saving your subscription.","Coś się zepsuło podczas zapisywania twojej subskrypcji."
"We saved the subscription.","Zachowaliśmy subskrypcję."
"We removed the subscription.","Usunęliśmy subskrypcję."
"Your subscription has been confirmed.","Twoja subskrypcja została potwierdzona."
"This is an invalid subscription confirmation code.","To jest nieprawidłowy kod potwierdzający subskrypcję."
"This is an invalid subscription ID.","Jest to identyfikator nieprawidłowej subskrypcji."
"This email address is already assigned to another user.","Ten e-mail jest już przypisany do innego użytkownika."
"Sorry, but the administrator denied subscription for guests. Please <a href=""%1"">register</a>.","Niestety, administrator wyłączył subskrypcje dla gości. Prosimy <a href=%1"">zarejestruj się</a>.""."
"This email address is already subscribed.","Ten adres e-mail jest już subskrybowany."
"The confirmation request has been sent.","Żądanie potwierdzenia zostało wysłane."
"Thank you for your subscription.","Dziękujemy za twoją subskrypcję"
"There was a problem with the subscription: %1","Wystąpił problem z subskrypcją: %1"
"Something went wrong with the subscription.","Coś się zepsuło z subskrypcja."
"You unsubscribed.","Możesz się wypisać."
"Something went wrong while unsubscribing you.","Coś się zepsuło podczas wypisywania się."
Cancelled,Anulowane
"There are no subscribers selected.","Nie zostali wybrani subskrybenci."
"You selected an invalid queue.","Wybrano nieprawidłową kolejkę."
"We cannot mark as received subscriber.","Nie można oznaczyć jako subskrybenta."
"Duplicate template code","Klonuj kod szablonu"
"Follow this link to unsubscribe <!-- This tag is for unsubscribe link  --><a href=""{{var subscriber.getUnsubscriptionLink()}}"">{{var subscriber.getUnsubscriptionLink()}}</a>","Użyj tego linku aby się wypisać <!-- Tag dla linku wypisu  --><a href=""{{var subscriber.getUnsubscriptionLink()}}"">{{var subscriber.getUnsubscriptionLink()}}</a>"
"Choose Store View:","Wybierz widok sklepu:"
"Newsletter Message Preview","Podgląd newslettera"
"Add to Queue","Dodaj do kolejki"
"Are you sure that you want to strip all tags?","Czy na pewno chcesz usunąć wszystkie znaczniki?"
"Please enter a new template name.","Podaj nową nazwę szablonu."
" Copy","  Kopia"
"Sign Up for Our Newsletter:","Subskrybuj nasz newsletter:"
"Enter your email address","Wprowadź swój adres e-mail"
Subscribe,Subskrybuj
"Newsletter subscription confirmation","Potwierdzenie subskrypcji newslettera"
"Thank you for subscribing to our newsletter.","Dziękujemy za dopisanie się do naszego newslettera."
"To begin receiving the newsletter, you must first confirm your subscription by clicking on the following link:","Aby rozpocząć odbieranie newsletter, musi najpierw potwierdzić subskrypcję klikając na poniższy link:"
"Newsletter subscription success","Udana subskrypcja newslettera"
"You have been successfully subscribed to our newsletter.","Twój adres został pomyślnie dodany do naszej listy subskrypcyjnej newslettera."
"Newsletter unsubscription success","Udane usunięcie subskrypcji newslettera"
"You have been unsubscribed from the newsletter.","Twój adres został usunięty z naszej listy subskrypcyjnej newslettera."
"Newsletter Template","Szablony newslettera"
"Newsletter Section","Sekcja newslettera"
"Subscription Options","Opcje subskrypcji"
"Allow Guest Subscription","Zezwól na subskrybowanie przez niezalogowanych"
"Need to Confirm","Wymaga potwierdzenia"
"Confirmation Email Sender","Nadawca wiadomości potwierdzenia"
"Confirmation Email Template","Szablon wiadomości potwierdzenia"
"Success Email Sender","Nadawca wiadomości o powodzeniu"
"Success Email Template","Szablon wiadomości o powodzeniu"
"Unsubscription Email Sender","Nadawca wiadomości wypisującej"
"Unsubscription Email Template","Szablon wiadomości wypisującej"
"We found no problems.","Nie znaleźliśmy żadnych problemów."
Subscriber,Subskrybent
"Queue Start Date","Data rozpoczęcia kolejki"
"Queue Subject","Temat kolejki"
"Error Code","Kod błędu"
"Error Text","Tekst błędu"
"Queue Start","Start kolejki"
"Queue End","Koniec kolejki"
Processed,Przetworzona
Recipients,Odbiorcy
Unsubscribe,Zrezygnuj
"Customer First Name","Imię klienta"
"Customer Last Name","Nazwisko klienta"
"Not Activated",Nieaktywny
Subscribed,Subskrypcje
Unsubscribed,"Usunięte subskrypcje"
Unconfirmed,Niepotwierdzony
"Newsletter Subscriptions","Subskrypcje newslettera"
"We have saved your subscription.","Zapisaliśmy Twoją subskrypcję."
"A confirmation request has been sent.","Prośba o potwierdzenie została wysłana."
"We have removed your newsletter subscription.","Usunęliśmy Twoją subskrypcję."
"We have updated your subscription.","Zaktualizowaliśmy Twoją subskrypcję."
"Make Check payable to:","Czek wypłacany dla"
"Send Check to:","Adres do przelewu:"
"Purchase Order Number","Numer wykupienia zamówienia:"
"Make Check payable to: %1","Numer konta: %1"
"Purchase Order Number: %1","Wykup zamówienie: %1"
"Make Check payable to","Przelew wypłacany dla"
"Send Check to","Adres do przelewu"
"Check / Money Order","Czek / przelew"
"Make Check Payable to","Czek wypłacany dla"
"Purchase Order","Wykup zamówienie"
"Bank Transfer Payment","Płatność przelewem bankowym"
Instructions,Instrukcje
"Cash On Delivery Payment","Płatne przy odbiorze"
"Zero Subtotal Checkout","Suma częściowa zero"
"Automatically Invoice All Items","Automatyczne fakturowanie wszystkich pozycji"
"Purchase order number is a required field.","Numer zamówienia jest polem wymaganym."
"Shipping Price","Cena dostawy"
"Export CSV","Eksport CSV"
"Store Pickup","Odbiór osobisty w sklepie"
"Weight vs. Destination","Waga w zależności od lokalizacji"
"Price vs. Destination","Cena w zależności od lokalizacji"
"# of Items vs. Destination","Ilość produktów w zależności od lokalizacji"
"Weight (and above)","Waga (i powyżej)"
"Order Subtotal (and above)","Suma częściowa zamówienia (i powyżej)"
"# of Items (and above)","Ilość produktów (i powyżej)"
"Please correct Table Rate code type: %1.","Popraw typ kodu Table Rate: %1."
"Please correct Table Rate code for type %1: %2.","Popraw kod Table Rate dla typu %1: %2."
"Per Order","Na zamówienie"
"Per Item","Za sztukę"
"Unable to import data","Nie można zaimportować danych"
"Something went wrong while importing table rates.","Coś się zepsuło podczas importowania tabeli cen."
"We couldn't import this file because of these errors: %1","Nie można zaimportować tego pliku ze względu na te błędy: %1"
"Requested column ""%1"" cannot be resolved","Żądana kolumna ""%1"" nie może zostać rozwiązana"
"Column ""%1"" not found","Kolumna ""%1"" nie została znaleziona"
"Please correct Table Rates format in the Row #%1.","Popraw format stawek tabeli w wierszu #%1."
"Please correct Country ""%1"" in the Row #%2.","Popraw kraj ""%1"" w wierszu #%2."
"Please correct Region/State ""%1"" in the Row #%2.","Popraw region/stan ""%1"" w wierszu #%2."
"Please correct %1 ""%2"" in the Row #%3.","Proszę poprawić %1 ""%2"" w wierszu #%3."
"Please correct Shipping Price ""%1"" in the Row #%2.","Popraw cenę wysyłki ""%1"" w wierszu #%2."
"Duplicate Row #%1 (duplicates row #%2)","Wiersz #%1 jest duplikatem (powtarza wiersz #%2)"
"Please correct Table Rates File Format.","Popraw format pliku Table Rates."
"For matching items only","Dla produktów spełniających kryteria"
"For shipment with matching items","Dla dostawy i produktów spełniających kryteria"
"Flat Rate","Płaska stawka"
"Method Name","Nazwa metody"
"Table Rates","Tabele stawek"
"Include Virtual Products in Price Calculation","Włącz produkty wirtualne do obliczania ceny"
"Free Shipping","Darmowa dostawa"
"Minimum Order Amount","Minimalna wielkość zamówienia"
"Duplicate Row #%1 (Country ""%2"", Region/State ""%3"", Zip ""%4"" and Value ""%5"")","Zduplikowany wiersz #%1 (kraj ""%2"", region/stan ""%3"", kod pocztowy ""%4"" i wartość ""%5"")"
"Sorry, but we can't deliver to the destination country with this shipping module.","Przepraszamy, ale nie możemy dostarczyć przesyłki do kraju docelowego za pomocą tego modułu wysyłki."
"The Table Rates File Format is incorrect in row number ""%1"". Verify the format and try again.","Format pliku Table Rates jest nieprawidłowy w wierszu numer ""%1"". Sprawdź format i spróbuj ponownie."
"The ""%1"" country in row number ""%2"" is incorrect. Verify the country and try again.","Kraj ""%1"" w wierszu numer ""%2"" jest nieprawidłowy. Zweryfikuj kraj i spróbuj ponownie."
"The ""%1"" region or state in row number ""%2"" is incorrect. Verify the region or state and try again.","Region lub stan ""%1"" w wierszu numer ""%2"" jest nieprawidłowy. Zweryfikuj region lub stan i spróbuj ponownie."
"The ""%1"" shipping price in row number ""%2"" is incorrect. Verify the shipping price and try again.","Cena wysyłki ""%1"" w wierszu numer ""%2"" jest nieprawidłowa. Zweryfikuj cenę wysyłki i spróbuj ponownie."
"The Table Rates File Format is incorrect. Verify the format and try again.","Format pliku Table Rates jest nieprawidłowy. Zweryfikuj format i spróbuj ponownie."
"The ""%1"" code type for Table Rate is incorrect. Verify the type and try again.","Typ kodu ""%1"" dla Table Rate jest nieprawidłowy. Sprawdź typ i spróbuj ponownie."
"The ""%1: %2"" code type for Table Rate is incorrect. Verify the type and try again.","Typ kodu ""%1: %2"" dla Table Rate jest nieprawidłowy. Sprawdź typ i spróbuj ponownie."
"Export VCL for Varnish %1","Eksport VCL do Varnish %1"
"Ttl value ""%1"" is not valid. Please use only numbers equal or greater than zero.","Wartość Ttl ""%1"" nie jest prawidłowa. Proszę używać tylko cyfr większych lub równych zero."
"Built-in Cache","Wbudowana pamięć podręczna"
"Varnish Cache (Recommended)","Varnish (Zalecane)"
"Unsupported varnish version","Nieobsługiwana wersja lakieru"
"Full Page Cache","Pamięć podręczna stron"
"Caching Application","Aplikacja do buforowania"
"Varnish Configuration","Konfiguracja Varnish"
"Access list","Dostęp do listy"
"IPs access list separated with ',' that can purge Varnish configuration for config file generation.
                            If field is empty default value localhost will be saved.","Lista adresów IP (rozdzielonych przecinkiem), które mają być uprawnione do odświeżania Varnisha przy generowaniu pliku konfiguracji.
                            Jeżeli pole zostanie puste, będzie używana wartość ""localhost""."
"Backend host",Host
"Specify backend host for config file generation. If field is empty default value localhost will be saved.","Określ backend host do generowania pliku config. Jeśli pole jest puste domyślna wartość localhost zostanie zapisana."
"Backend port",Port
"Specify backend port for config file generation. If field is empty default value 8080 will be saved.","Określ backend port do generowania pliku config. Jeśli pole jest puste domyślna wartość 8080 zostanie zapisana."
"Grace period","Okres karencji"
"Specify grace period in seconds for config file generation. If field is empty default value 300 will be saved. This grace period will be used to serve cached content when the server is healthy. If the server is not healthy, cached content will be served for 3 days before failing.","Określa okres karencji w sekundach dla generowania pliku konfiguracyjnego. Jeśli pole jest puste, zapisana zostanie wartość domyślna 300. Ten okres karencji będzie używany do serwowania zawartości buforowanej, gdy serwer jest zdrowy. Jeśli serwer nie jest zdrowy, zawartość z pamięci podręcznej będzie serwowana przez 3 dni, zanim zakończy się niepowodzeniem."
"TTL for public content","TTL dla publicznych treści"
"Public content cache lifetime in seconds. If field is empty default value 86400 will be saved.","Żywotność publicznej pamięci podręcznej treści w sekundach. Jeśli pole jest puste, zapisana zostanie wartość domyślna 86400."
"Page Cache","Cache strony"
"Full page caching","Buforowanie stron"
"Export VCL for Varnish ","Eksport VCL dla Varnish"
"Built-in Application (Not Recommended for Production Use)","Wbudowana aplikacja (niezalecana do użytku produkcyjnego)"
"Varnish Caching","Buforowanie Varnish"
"Full page caching.","Pełne buforowanie stron."
"Access List value ""%1"" is not valid. Please use only IP addresses and host names.","Wartość listy dostępu ""%1"" jest nieprawidłowa. Używaj tylko adresów IP i nazw hostów."
"Export Configuration","Konfiguracja eksportu"
"We cannot retrieve the payment method model object.","Nie można pobrać informacji modelu obiektu płatności."
"We cannot retrieve the payment info model object.","Nie można pobrać informacji modelu obiektu płatności."
"Switch/Solo/Maestro Issue Number","Numer wydania karty Switch/Solo/Maestro"
"Switch/Solo/Maestro Start Date","Data wydania karty Switch/Solo/Maestro"
"We cannot retrieve the transparent payment method model object.","Nie można pobrać przezroczystej informacji modelu obiektu płatności."
"Command Executor for %1 is not defined.","Wykonawca polecenia dla %1 nie jest zdefiniowany."
"Command %1 does not exist.","Komenda %1 nie istnieje."
"Wrong gateway response format.","Nieprawidłowy format odpowiedzi bramki."
"Validator for field %1 does not exist.","Walidator dla pola %1 nie istnieje."
"All Allowed Countries","Wszystkie dozwolone kraje"
"Specific Countries","Wybrane kraje"
"The payment method you requested is not available.","Metody płatności, której szukasz nie jest dostępna."
"The payment disallows storing objects.","Płatności nie zezwala na przechowywanie obiektów."
"We cannot retrieve the payment method code.","Nie można pobrać kodu metody płatności."
"We cannot retrieve the payment information object instance.","Nie można pobrać informacji instancji obiektu płatności."
"You can't use the payment type you selected to make payments to the billing country.","Nie można użyć typu płatności wybranego do dokonywania płatności w kraju rozliczeniowym."
"The order action is not available.","Kolejność działań nie jest dostępna."
"The authorize action is not available.","Autoryzacja nie jest dostępna."
"The capture action is not available.","Przechwytywanie nie jest dostępne."
"The refund action is not available.","Zwrot nie jest dostępny."
"The void action is not available.","Unieważnienie akcji nie jest dostępne."
"The payment review action is unavailable.","Akci opini płatności jest niedostępna."
"The credit card number doesn't match the credit card type.","Numer karty kredytowej nie pasuje do typu karty kredytowej."
"Invalid Credit Card Number","Nieprawidłowy numer karty kredytowej"
"This credit card type is not allowed for this payment method.","Ten typ karty kredytowa nie jest dozwolony w tej metodzie płatności."
"Please enter a valid credit card verification number.","Prosimy o wprowadzenie poprawnego weryfikacyjnego numeru karty kredytowej."
"Please enter a valid credit card expiration date.","Wprowadź datę wygaśnięcia karty kredytowej."
"%1 class doesn't implement \Magento\Payment\Model\MethodInterface","Klasa %1 nie implementuje \Magento\Payment\Model\MethodInterface"
"Failure #1","Niepowodzenie #1"
"Failure #2","Niepowodzenie #2"
"Payment method","Forma płatności"
" is not available. You still can process offline actions."," nie jest dostępny. Nadal można przetwarzać działań offline."
"We'll ask for your payment details before you place an order.","Będziemy prosić o szczegóły płatności zanim złożysz zamówienie."
"Forgot an Item?","Zapomniałeś dodać produkt?"
"Please enter a valid credit card type number.","Proszę podać poprawny numer karty kredytowej."
"Please enter a valid credit card number.","Prosimy o wprowadzenie poprawnego numeru karty kredytowej."
"Incorrect credit card expiration month.","Niepoprawny miesiąc wygaśnięcia karty kredytowej."
"Incorrect credit card expiration year.","Niepoprawny rok wygaśnięcia karty kredytowej."
"Payment Methods Section","Sekcja Metod Płatności"
"Payment Services","Usługi płatności"
"Please provide payment for the order.","Proszę podać płatność za zamówienie."
Visa,Wiza
"The ""%1"" command executor isn't defined. Verify the executor and try again.","Nie zdefiniowano executora polecenia ""%1"". Zweryfikuj executor i spróbuj ponownie."
"The ""%1"" command doesn't exist. Verify the command and try again.","Polecenie ""%1"" nie istnieje. Zweryfikuj polecenie i spróbuj ponownie."
"The gateway response format was incorrect. Verify the format and try again.","Format odpowiedzi bramy był nieprawidłowy. Sprawdź format i spróbuj ponownie."
"The validator for the ""%1"" field doesn't exist.","Walidator dla pola ""%1"" nie istnieje."
"Unable to place order. Please try again later.","Nie można złożyć zamówienia. Spróbuj ponownie później."
"Billing Agreements","Umowy rozliczeniowe"
"Reference ID","ID referencji"
"Billing Agreement #%1","Umowa rozliczeniowa nr %1"
"Related Orders","Powiązane zamówienia"
"Billing Agreement View","Widok umowy rozliczeniowej"
"Are you sure you want to authorize full order amount?","Czy na pewno chcesz autoryzować pełną kwotę zamówienia?"
Authorize,Autoryzacja
"View Transaction Details","Zobacz szczegóły transakcji"
"Reference Information","Informacje referencji"
"Transaction Information","Informacje o transakcji"
"PayPal Fee Information","Informacje o opłatach PayPal"
"We are connecting to the PayPal SFTP server to retrieve new reports. Are you sure you want to continue?","Łączenie z PayPal SFTP serwer do pobierania nowych raportów. Czy na pewno chcesz kontynuować?"
"Fetch Updates","Pobierz aktualizacje"
Help,Pomoc
"View Demo","Zobacz demo"
"See terms","Zobacz regulamin"
"You will be redirected to the PayPal website.","Nastąpi przekierowanie do witryny PayPal."
"You will be redirected to the PayPal website when you place an order.","Po złożeniu zamówienia nastąpi przekierowanie do witryny PayPal."
"Invalid block type","Nieprawidłowy typ bloku"
"Please specify the correct billing agreement ID and try again.","Proszę określić poprawny identyfikator umowy rozliczeniowej i spróbować ponownie."
"You canceled the billing agreement.","Anulowano umowę rozliczeniową."
"We can't cancel the billing agreement.","Nie możemy anulować umowy rozliczeniowej."
"You deleted the billing agreement.","Usunąłeś umowę rozliczeniową."
"We can't delete the billing agreement.","Nie można usunąć umowy rozliczeniowej."
"Payment authorization has been successfully created.","Autoryzacja płatności została pomyślnie utworzona."
"Unable to make payment authorization.","Nie można dokonać autoryzacji płatności."
"View Transaction","Zobacz transakcję"
"We found nothing to fetch because of an empty configuration.","Nie znaleźliśmy nic do pobrania ze względu na pustą konfigurację."
"We fetched %1 report rows from ""%2@%3.""","Pobrane wiersze raportu %1 z ""%2@%3."""
"We can't fetch reports from ""%1@%2.""","Nie można pobrać raportu z ""%1@%2."""
"The billing agreement ""%1"" has been canceled.","Umowa rozliczeniowa ""%1"" została anulowana."
"The billing agreement ""%1"" has been created.","Umowa rozliczeniowa ""%1"" została utworzona."
"We couldn't finish the billing agreement wizard.","Nie możemy zakończyć Kreatora umowy płatności."
"We can't start the billing agreement wizard.","Nie możemy uruchomić kreatora umowy rozliczeniowej."
"Billing Agreement # %1","Umowa rozliczeniowa nr %1"
"We can't initialize Express Checkout.","Nie możemy zainicjować Ekspresowej Realizacji."
"PayPal Express Checkout Token does not exist.","Token usługi PayPal Express Checkout nie istnieje."
"A wrong PayPal Express Checkout Token is specified.","Zły PayPal Express Checkout Token jest określony."
"Express Checkout and Order have been canceled.","Express Checkout i zamówienie zostały anulowane."
"Express Checkout has been canceled.","Express Checkout został anulowany."
"Unable to cancel Express Checkout","Nie można anulować zamówienia Express"
"We can't process Express Checkout approval.","Nie możemy przetworzyć zgody Ekspresowej Realizacji."
"We can't initialize Express Checkout review.","Nie możemy zainicjować recenzji Ekspresowej Realizacji."
"We can't start Express Checkout.","Nie możemy uruchomić Ekspresowej Realizacji."
"To check out, please sign in with your email address.","Aby sprawdzić, Proszę Zaloguj się przy użyciu adresu e-mail."
"Requested payment method does not match with order.","Żądana metoda płatności jest niezgodna z zamówieniem."
"Would you like to sign a billing agreement to streamline further purchases with PayPal?","Czy chcesz podpisać umowę rozliczeniową, aby przetwarzać dalsze zakupy z PayPal?"
"Error processing payment, please try again later.","Błąd przetwarzania płatności, spróbuj ponownie później."
"Authorization is not allowed.","Autoryzacja nie jest dozwolona."
"Payment Gateway is unreachable at the moment. Please use another payment option.","Bramka płatności jest nieosiągalna w tej chwili. Proszę użyć innej opcji płatności."
"PayPal response hasn't required fields.","Odpowiedź PayPal nie zawiera wymaganych pól."
"Something went wrong while processing your order.","Coś poszło nie tak podczas przetwarzania Twojego zamówienia."
"PayPal gateway has rejected request. %1","Bramka PayPal odrzuciła żądanie. %1"
"The PayPal gateway rejected the request. %1","Brama PayPal odrzucił żądanie. %1"
"I'm sorry - but we were not able to process your payment. Please try another payment method or contact us so we can assist you.","Przepraszamy - ale nie byliśmy w stanie przetwarzać płatności. Proszę spróbować innej metody płatności lub skontaktuj się z nami, możemy pomóc."
"I'm sorry - but we are not able to complete your transaction. Please contact us so we can assist you.","Przepraszamy - ale nie jesteśmy w stanie ukończyć transakcji. Skontaktuj się z nami, więc możemy pomóc."
"A match of the Shipping Address City, State, and Postal Code failed.","Nie udało się dopasować adresu wysyłki: miasta, ulicy i numeru pocztowego."
"The payment method code is not set.","Kod metody płatności nie jest ustawiony."
"The reference ID is not set.","Identyfikator referencji nie jest ustawiony."
"Unable to save Billing Agreement:","Nie można zapisać umory rozliczeniowej:"
"The customer ID is not set.","Identyfikator klienta nie jest ustawiony."
"The Billing Agreement status is not set.","Stan umowy rozliczeniowej nie jest ustawiony."
"The PayPal certificate does not exist.","Certyfikat PayPal nie istnieje."
"We prefer PayPal (150 X 60)","Preferujemy PayPal (150 x 60))"
"We prefer PayPal (150 X 40)","Preferujemy PayPal (150 x 40))"
"Now accepting PayPal (150 X 60)","Akceptujemy teraz PayPal (150 x 60)"
"Now accepting PayPal (150 X 40)","Akceptujemy teraz PayPal (150 x 40)"
"Payments by PayPal (150 X 60)","Płatności PayPal (150 x 60)"
"Payments by PayPal (150 X 40)","Płatności PayPal (150 x 40)"
"Shop now using (150 X 60)","Kupuj teraz używając (150 x 60)"
"Shop now using (150 X 40)","Kupuj teraz używając (150 x 40)"
Shortcut,Skrót
"Acceptance Mark Image","Obrazek znaku akceptacji"
Authorization,Autoryzacja
"For Virtual Quotes Only","Tylko dla wirtualnych wycen"
Auto,Samochód
"Ask Customer","Zapytaj klienta"
"IPN (Instant Payment Notification) Only","Tylko IPN (Instant Payment Notification) "
"API Signature","Podpis API"
"API Certificate","Certyfikat API"
"The maximum number of child authorizations is reached.","Osiągnięto maksymalną liczbę uprawnień dla dzieci."
"We'll authorize the amount of %1 as soon as the payment gateway approves it.","Autoryzacja ilości %1 od razu jak bramka płatności go zatwierdzi."
"The authorized amount is %1.","Autoryzacja ilości %1."
"PayPal can't process orders with a zero balance due. To finish your purchase, please go through the standard checkout process.","PayPal nie przetwarza zamówień z zerowym saldem należności. Aby zakończyć zakupu, proszę przejść przez standardowy proces."
"A payer is not identified.","Zleceniodawca nie jest zidentyfikowany."
"Cannot get secure form URL from PayPal","Nie można uzyskać adresu URL bezpiecznego formularza z PayPal"
"Last Transaction ID","Ostatnie ID transakcji"
"This customer didn't include a confirmed address.","Klient nie załączył potwierdzonego adresu."
"The payment is authorized but not settled.","Płatność jest autoryzowana, ale nie rozliczona."
"The payment eCheck is not cleared.","ECheck płatności nie jest czyszczony."
"The merchant holds a non-U.S. account and doesn't have a withdrawal mechanism.","Handlowiec posiada konto z poza USA i nie ma mechanizmu wycofywania."
"The payment currency doesn't match any of the merchant's balances currency.","Waluta płatności nie pasuje do żadnej z walut z sald sprzedwacy."
"The payment is pending while it is being reviewed by PayPal for risk.","Płatność oczekuje na weryfikację przez PayPal pod kątem ryzyka."
"The payment is pending because it was made to an email address that is not yet registered or confirmed.","Płatność oczekuje na realizację, ponieważ została dokonana na adres e-mail, który nie został jeszcze zarejestrowany lub potwierdzony."
"The merchant account is not yet verified.","Konto handlowca nie jest zweryfikowane."
"The payment was made via credit card. In order to receive funds merchant must upgrade account to Business or Premier status.","Płatność została dokonana kartą kredytową. Aby otrzymać środki, sprzedawca musi uaktualnić konto do statusu Business lub Premier."
"Sorry, but something went wrong. Please contact PayPal customer service.","Przepraszamy, ale coś poszło nie tak. Proszę skontaktować się z obsługa klienta PayPal."
"A reversal has occurred on this transaction due to a chargeback by your customer.","Nastąpiło odwrócenie tej transakcji z powodu obciążenia zwrotnego przez klienta."
"A reversal has occurred on this transaction due to your customer triggering a money-back guarantee.","Nastąpiło odwrócenie tej transakcji z powodu uruchomienia przez klienta gwarancji zwrotu pieniędzy."
"A reversal has occurred on this transaction due to a complaint about the transaction from your customer.","Nastąpiło odwrócenie tej transakcji z powodu reklamacji złożonej przez klienta."
"A reversal has occurred on this transaction because you have given the customer a refund.","W przypadku tej transakcji nastąpiło odwrócenie, ponieważ klient otrzymał zwrot środków."
"Reversal of an adjustment.","Odwrócenie korekty."
"Transaction reversal due to fraud detected by PayPal administrators.","Cofnięcie transakcji z powodu oszustwa wykrytego przez administratorów PayPal."
"Transaction reversal by PayPal administrators.","Cofnięcie transakcji przez administratorów PayPal."
"Reimbursement for a chargeback.","Zwrot kosztów za obciążenie zwrotne."
"Settlement of a chargeback.","Rozliczenie obciążenia zwrotnego."
"A reversal has occurred on this transaction because of a customer dispute suspecting unauthorized spoof.","Nastąpiło odwrócenie tej transakcji z powodu sporu z klientem podejrzewającym nieautoryzowany spoof."
"Buyer claims that he did not receive goods or service.","Kupujący twierdzi, że nie otrzymał towaru lub usługi."
"Buyer claims that the goods or service received differ from merchant’s description of the goods or service.","Kupujący twierdzi, iż towary lub usługi które otrzymał, różnią się od opisu dostarczonego przez sprzedawcę."
"Buyer claims that he/she did not authorize transaction.","Kupujący twierdzi, że nie autoryzował transakcji."
"A case that has been resolved and close requires a reimbursement.","Sprawa zakończona i zamknięta wymaga zwrotu kosztów. "
"Buyer claims that a possible duplicate payment was made to the merchant.","Kupujący twierdzi, że sprzedawca mógł dokonać zduplikowanej płatności."
"Buyer claims that the received merchandise is unsatisfactory, defective, or damaged.","Kupujący twierdzi, że otrzymany towar jest niezadowalający, wadliwy lub uszkodzony."
"Unknown reason. Please contact PayPal customer service.","Nieznany powód. Prosimy o kontakt z obsługą klienta PayPal."
"Payer ID","ID płatnika"
"Payer Email","E-mail płatnika"
"Payer Status","Status płatnika"
"Payer Address ID","ID adresu płatnika"
"Payer Address Status","Status adresu płatnika"
"Merchant Protection Eligibility","Kwalifikowalność ochrony handlowca"
"Triggered Fraud Filters","Uruchamiane filtry oszustw"
"Last Correlation ID","Ostatnie ID korelacji"
"Address Verification System Response","Odpowiedź systemu weryfikacji adresu"
"CVV2 Check Result by PayPal","Rezultat sprawdzenia CVV2 przez PayPal"
"International AVS response","Międzynarodowa odpowiedź AVS"
"Buyer's Tax ID","ID podatkowe klienta"
"Buyer's Tax ID Type","Typ ID podatkowego klienta"
Chargeback,Zwrot
Complaint,Skarga
Dispute,Dyskutuj
"Matched Address only (no ZIP)","Pasujący tylko adres (bez kodu)"
"Matched Address only (no ZIP) International","Pasujący tylko adres (bez kodu). Międzynarodowe"
"No Details matched","Szczegóły nie pasują"
"No Details matched. International","Szczegóły nie pasują. Międzynarodowo"
"Exact Match.","Dokładne dopasowany."
"Exact Match. Address and Postal Code. International","Dokładne dopasowania. Adres i kod pocztowy. Międzynarodowe"
"Exact Match. Address and Postal Code. UK-specific","Dokładne dopasowania. Adres i kod pocztowy. Tylko UK"
"N/A. Not allowed for MOTO (Internet/Phone) transactions","N/D. Nie dozwolone dla transakcji MOTO (interner/telefon)"
"N/A. Global Unavailable","N/D. Globalnie niedostepne"
"N/A. International Unavailable","N/D. Niedostepne międzynarodowo"
"Matched five-digit ZIP only (no Address)","Pasujący tylko 5-cyfrowy kod pocztowy (bez adresu)"
"Matched Postal Code only (no Address)","Pasujący tylko kod pocztowy (bez adresu)"
"N/A. Retry","N/D. Spróbuj ponownie"
"N/A. Service not Supported","N/D. Usługa niewspierana"
"N/A. Unavailable","N/D. Niedostepne"
"Matched whole nine-digit ZIP (no Address)","Dopasowany cały dziewięciocyfrowy numer ZIP (bez adresu)"
"Yes. Matched Address and five-digit ZIP","Tak. Dopasowany adres i pięciocyfrowy numer ZIP"
"All the address information matched","Wszystki informacje o adresie pasują."
"None of the address information matched","Żadna z informacji adresowych nie porównana"
"Part of the address information matched","Część informacji adresowych nie porównana"
"N/A. The merchant did not provide AVS information","N/D. Handlowiec nie dostarcza informacji AVS"
"N/A. Address not checked, or acquirer had no response. Service not available","N/D. Adres niesprawdzony, lub nie było odpowiedzi. Usług nie jest dostępna"
"Matched (CVV2CSC)","Pasujące (CVV2CSC)"
"No match","Brak zgodności"
"N/A. Not processed","N/D. Nie przetworzono"
"N/A. Service not supported","N/D. Usługa niewspierana"
"N/A. Service not available","N/D. Usługa niedostępna"
"N/A. No response","N/D. Brak odpowiedzi"
"Matched (CVV2)","Pasujące (CVV2)"
"N/A. The merchant has not implemented CVV2 code handling","N/D. Handlowiec nie zaimplementował obsługi kodu CVV2"
"N/A. Merchant has indicated that CVV2 is not present on card","N/D. Handlowiec zaznaczył, że na karcie brak CVV2"
CNPJ,CNPL
"Note: %1","Uwaga: %1"
"IPN ""%1"". Case type ""%2"". Case ID ""%3"" %4","IPN ""%1"". Typ sprawy ""%2"". ID sprawy ""%3"" %4"
"IPN ""%1"". A dispute has been resolved and closed. %2 Transaction amount %3.","IPN ""%1"". Spór został rozwiązany i zamknięty. %2 kwota transakcji %3."
"You notified customer about invoice #%1.","Powiadomienia klienta o fakturze #%1."
"We cannot cancel this order.","Nie możemy anulować tego zamówienia."
"IPN ""%1"". %2 Transaction amount %3. Transaction ID: ""%4""","IPN ""%1"". %2 %3 kwota transakcji. Identyfikator transakcji: ""%4"""
"You notified customer about creditmemo #%1.","Powiadomienia klienta o fakturze korygującej #%1."
"Unable to fetch transaction details.","Nie można pobrać szczegóły transakcji."
"Invalid method %1::%2","Nieprawidłowa metoda %1::%2"
"Transaction has been declined","Transakcja została odrzucona"
"Error processing payment. Please try again later.","Błąd przetwarzania płatności. Spróbuj ponownie później."
"We cannot send the new order email.","Nie można wysłać nowego e-mailu zamówienia."
"Payment error. %value was not found.","Błąd płatności. Nie znaleziono %value."
"You cannot void a verification transaction.","Nie można anulować transakcji weryfikacyjnej."
"You need an authorization transaction to void.","Potrzebujesz autoryzacji transakcji do unieważnienia."
"We can't issue a refund transaction because there is no capture transaction.","Nie możemy wydać transakcji zwrotnej, ponieważ żadna transakcja nie została przechwycona."
"We cannot create a target file for reading reports.","Nie można utworzyć docelowego pliku dla odczytania raportów."
"Report Date","Data raportu"
"Merchant Account","Konto handlowca"
"Invoice ID","ID faktury"
"PayPal Reference ID","Identyfikator referencyjny PayPal"
"PayPal Reference ID Type","Identyfikator referencyjny PayPal Typ"
"Event Code","Kod wydarzenia"
"Finish Date","Data zakończenia"
"Debit or Credit","Debetowa lub kredytowa"
"Gross Amount","Łączna kwota"
"Fee Debit or Credit","Opłata debetowa lub kredytowa"
"Fee Amount","Kwota opłaty"
"Preapproved Payment ID","ID wcześniej zatwierdzonej płatności"
"Subscription ID","ID subskrypcji"
Debit,Debet
"ACH Deposit (Hold for Dispute or Other Investigation)","Depozyt ACH (wstrzymanie na czas sporu lub innego dochodzenia)"
"ACH Deposit (Reversal)","Wpłata ACH (odwrócenie)"
"ACH Funding for Funds Recovery from Account Balance","Finansowanie ACH w celu odzyskania środków z salda konta"
"ACH Withdrawal","Wypłata ACH"
"Account-to-Account Payment, initiated by PayPal","Płatność konto-do-konta, zainicjowana przez PayPal"
"Auction Payment other than through eBay","Płatności aukcyjne inne niż przez eBay"
"Available Balance","Dostępny bilans"
"Balance Manager Account Bonus","Bonus konta zarządzanai bilansem"
"Bonus for first ACH Use","Bonus za pierwsze użycie ACH"
"Buyer Credit Payment","Płatność kredytowa klienta"
Charge-off,Odliczenie
"Coupon Redemption","Realizacja kuponu"
"Currency Conversion required to cover negative balance","Konwersja waluty jest wymagana, aby pokryć negatywny bilans."
"Debit Card Cash Back","Dodatkowa gotówka z karty debetowej"
"Debit Card Transaction","Trnasakcja kartą debetową"
"Direct Payment API","API bezpośrednich płatności"
"EFT Funding (German banking)","EFT Funding (banki niemieckie)"
"Express Checkout APIs","API Express Checkout"
"Fee Reversal","Odwrócenie opłaty"
"Fee: Foreign ACH Withdrawal","Opłata: zagraniczna wypłata ACH"
"Fee: Mass Pay Request","Opłata: polecenie masowej płatności"
"Fee: Web Site Payments Pro Account Monthly","Opłata: konto miesięczne Web Site Payments Pro"
"Fee: WorldLink Check Withdrawal","Opłata: wypłata czeku WorldLink"
Funding,Fundowanie
"General (Authorization)","Ogólne (autoryzacja)"
"General (Dividend)","Ogólne (dywidenda)"
"General (Funds Transfer from PayPal Account to Another)","Ogólne (fundusze transferowane z konta PayPal do innego)"
"General (Purchase with a credit card)","Ogólne (zakup z kartą kredytowa)"
"General Adjustment without businessrelated event","Ogólne dostosowanie bez wydarzenia powiązanego biznesowo"
"General Currency Conversion","Ogólna konwersja walut"
"General Funding of PayPal Account ","Ogólne żródło zasilania konta PayPal "
"General Redemption","Ogólne wykorzystanie"
"General Withdrawal from PayPal Account","Ogólne wypłaty z konta PayPal"
"General. Product no longer supported","Ogólne. Produkt już nie wspierany"
"General: Use of PayPal account for purchasing as well as receiving payments","Ogólne: uzycie konta PayPal do zakupów i odbierania płatności."
"General: Withdrawal from PayPal Account","Ogólne: wypłaty z konta PayPal"
"General: Withdrawal to Non-Bank Entity","Ogólne: wypłaty do jednostek niebankowych"
"General: adjustment of a type not belonging to the other T12xx categories","Ogólne: regulacja typu nienależącego do innych kategorii T12xx"
"General: bonus of a type not belonging to the other T08xx categories","Ogólne: premia typu nienależącego do innych kategorii T08xx"
"General: event not yet categorized","Ogólne: wydarzenie nie zostało jeszcze skategoryzowane"
"General: non-payment fee of a type not belonging to the other T01xx categories","Ogólne: opłata za brak płatności typu nienależącego do innych kategorii T01xx"
"General: received payment of a type not belonging to the other T00xx categories","Ogólne: otrzymana płatność typu nienależącego do innych kategorii T00xx"
"General: reversal of a type not belonging to the other T11xx categories","Ogólne: odwrócenie typu nienależącego do innych kategorii T11xx"
"General: temporary hold of a type not belonging to the other T15xx categories","Ogólne: tymczasowa ładownia typu nienależącego do innych kategorii T15xx"
"Gift Certificate Payment: purchase of Gift Certificate","Płatność certyfikatem prezentowym: zakup Certyfikatu Prezentowego"
"Gift Certificate Redemption","Wykorzystanie certyfikatu prezentowego"
"Hidden Virtual PayPal Debit Card Transaction","Ukryta transakcja wirtualnej karty debetowej PayPal"
"Hold for Dispute Investigation","Zatrzymaj w celu dochodzenia"
Incentive,Zachęta
"Mass Pay Payment","Płatności masowe"
"Merchant Referral Bonus","Bonus za polecenia handlowca"
"Mobile Payment (made via a mobile phone)","Mobilne płatności (wykonane z telefonu komórkowego)"
"Negative Balance","Ujemny bilans"
"Open Authorization","Otwarta autoryzacja"
"PayPal Balance Manager function of PayPal account","Funkcja zarządzania bilansem PayPal w koncie PayPal"
"PayPal Buyer Warranty Bonus","Premia gwarancyjna dla kupujących w systemie PayPal"
"PayPal Debit Card Cash Advance","Zaliczka gotówkowa na karcie debetowej PayPal"
"PayPal Debit Card Withdrawal from ATM","Wypłata kartą debetową PayPal z bankomatu"
"PayPal Protection Bonus","Premia za ochronę w systemie PayPal"
"Payment Refund initiated by merchant","Zwrot płatności zainicjowany przez handlowca"
"Points Incentive Redemption","Wykorzystanie punktów zachęty"
"Postage Payment to either USPS or UPS","Pocztowa płatność do USPS lub UPS"
"Preapproved Payment (BillUser API, either sent or received","Wcześniej zatwierdzona płatność (API BillUser), wysłana lub otrzyman"
Reauthorization,"Ponowna autoryzacja"
"Reimbursement of Chargeback","Zwrot obciążenia zwrotnego"
Reversal,Odwrócenie
"Reversal of General Account Hold","Odwrócenie blokady konta ogólnego"
"Reversal of Points Usage","Odwrócenie wykorzystania punktów"
"Reversal of hold for Dispute Investigation","Odwrócenie wstrzymania dochodzenia w sprawie sporu"
"Reward Voucher Redemption","Wykorzystanie kuponu nagrody"
"Settlement Consolidation","Konsolidacja rozliczeń"
"Subscription Payment, either payment sent or payment received","Płatność subskrypcji, wysłana lub otrzymana"
"User-initiated Currency Conversion","Przeliczanie walut inicjowane przez użytkownika"
"Virtual PayPal Debit Card Transaction","Transakcja wirtualną kartą debetową PayPal"
"Virtual Terminal Payment","Płatność wirtualnego terminala"
Void,Unieważniony
"WorldLink Withdrawal","Wycofanie się z WorldLink"
"eBay Auction Payment","Płatność aukcji eBay"
"The PayPal certificate file is empty.","Plik certyfikatu PayPal jest pusty."
"Header (center)","Nagłówek (centrum)"
"Sidebar (right)","Pasek boczny (z prawej)"
"Near PayPal Credit checkout button","W pobliżu przycisku finalizacji transakcji kredytowej PayPal"
"Every 3 days","Co 3 dni"
"Every 7 days","Co 7 dni"
"Every 10 days","Co 10 dni"
"Every 14 days","Co 14 dni"
"Every 30 days","Co 30 dni"
"Every 40 days","Co 40 dni"
"No Logo","Brak logo"
"Yes (PayPal recommends this option)","Tak (PayPal zaleca tę opcję)"
"Created billing agreement #%1.","Utworzono umowę rozliczeniową nr %1."
"We can't create a billing agreement for this order.","Nie możemy utworzyć umowy rozliczeniowej dla tego zamówienia."
"An invoice cannot be created when none of authorization transactions available.","Nie można utworzyć faktury, jeśli żadna z transakcji autoryzacyjnych nie jest dostępna."
"Pending PayPal","Oczekujący PayPal"
"PayPal Reversed","PayPal odwrócone"
"PayPal Canceled Reversal","PayPal anulowane odwrócenie"
"Billing Agreement","Umowa rozliczeniowa"
"Updated At",Zaktualizowano
"Not sure what PayPal payment method to use? Click ","Nie wiesz jakie metody płatności PayPal użyć? Kliknij przycisk "
here,tutaj
" to learn more."," aby dowiedzieć się więcej."
"Important: ","Ważne: "
"To use PayPal Payments Advanced, you must configure your PayPal Payments Advanced account on the PayPal website.","Aby korzystać z usługi PayPal Payments Advanced, należy skonfigurować konto PayPal Payments Advanced w witrynie PayPal."
"Once you log into your PayPal Advanced account, navigate to the Service Settings - Hosted Checkout Pages - Set Up menu and set the options described below","Kiedy zalogujesz się do swojego konta Zaawansowanego PayPal, przejdź do zakładki Ustawienia usługi - Hosted Checkout Pages - Menu ustawień i ustaw opcje opisane poniżej"
"To use PayPal Payflow Link, you must configure your PayPal Payflow Link account on the PayPal website.","W celu użycia PayPal Payflow Link, musisz skonfigurować konto PayPal PayFlow Link na stronie PayPal."
"Once you log into your PayPal Payflow Link account, navigate to the Service Settings - Hosted Checkout Pages - Set Up menu and set the options described below","Kiedy już zalogujesz się do konta PayPal Payflow Link, przejdź do Ustawień usługi - Hosted Checkout Pages - Menu ustawień i ustaw opcje opisane poniżej"
"Billing Agreement # ","Umowa rozliczeniowa # "
"Agreement Information","Informacje umowy"
"Reference ID:","ID referencji"
Updated:,Zaktualizowano:
"Ship To","Dostawa na adres"
"Back to Billing Agreements","Powrót do umów rozliczeniowych"
"There are no billing agreements yet.","Na razie brak umów rozliczeniowych."
"New Billing Agreement","Nowa umowa rozliczeniowa"
"You will be redirected to the payment system website.","Nastąpi przekierowanie do strony systemu płatności."
Create...,Utwórz
"Your credit card will be charged for","Twoja karta kredytowa zostanie obciążona kwotą"
"Your billing agreement # is: ","Identyfikator twojej umowy rozliczeniowej to: "
"Please select a shipping method...","Prosimy wybrać metodę dostawy..."
"Update Shipping Method","Zaktualizuj metodę wysyłki"
"Buy now with PayPal","Kup teraz z PayPal"
"Edit Payment Information","Edytuj informacje o płatnościach"
"Items in Your Shopping Cart","Produkty w koszyku"
"Edit Shopping Cart","Edytuj koszyk"
"Please update order data to get shipping methods and rates","Zaktualizuj dane zamówienia, aby uzyskać metody i stawki wysyłki"
"Checkout with PayPal","Zamówienie z PayPal"
"Please do not refresh the page until you complete payment.","Nie odświeżaj strony dopóki płatność nie zostanie zakończona. danych"
"You will be required to enter your payment details after you place an order.","Zostaniesz poproszony o podanie swoich danych rozliczeniowych zanim złożysz zamówienie."
"Additional Options","Dodatkowe opcje"
"-- Please Select Billing Agreement--","-- Prosimy wybrać umowę rozliczeniową --"
"Acceptance Mark","Znak akceptacji"
"What is PayPal?","Co to jest PayPal?"
"Sign a billing agreement to streamline further purchases  with PayPal.","Podpisz umowę rozliczeniową, aby przetwarzać dalsze zakupy z PayPal."
"Sign a billing agreement to streamline further purchases with PayPal.","Podpisz umowę rozliczeniową, aby przetwarzać dalsze zakupy z PayPal."
"Continue to PayPal","Przejdź do PayPal"
"Save credit card information for future use.","Zachowaj informacje o karcie kredytowej do wykorzystania w przyszłości."
"Sorry, something went wrong.","Przepraszamy coś poszło nie tak."
"PayPal Section","Sekcja PayPal"
"PayPal Settlement","Rozliczenie PayPal"
Manage,Zarządzaj
"Place Order Using Billing Agreements","Złóż zamówienie przy pomocy umów rozliczeniowych"
"Payment Amount Authorization","Autoryzacja kwoty płatności"
"Merchant Location","Lokalizacja handlowca"
"Merchant Country","Kraj handlowca"
"If not specified, Default Country from General Config will be used","Jeśli nie określono, zostanie użyty domyślny kraj z konfiguracji ogólnej."
"Recommended Solutions:","Zalecane rozwiązania:"
"Other PayPal Payment Solutions:","Inne rozwiązania płatnicze PayPal:"
"Other Payment Methods:","Inne metody płatności:"
"Add another payment method to your existing solution or as a stand-alone option.","Dodaj dodatkową metodę płatności do swojego istniejącego rozwiązania lub jako niezależną opcję."
"PayPal All-in-One Payment Solutions&nbsp;<i>Accept and process credit cards and PayPal payments.</i>","PayPal All-in-One Payment Solutions&nbsp;<i>Akceptuj i przetwarzaj karty kredytowe oraz płatności PayPal.</i>."
"Choose a secure bundled payment solution for your business.","Wybierz bezpieczny pakiet płatności dla swojego biznesu."
"Payments Pro","Płatności Pro"
"Payments Pro and Express Checkout","Payments Pro i Express Checkout"
"Basic Settings - PayPal Payments Pro","Podstawowe ustawienia - PayPal Payments Pro"
"PayPal Payment Gateways&nbsp;<i>Process payments using your own internet merchant account.</i>","Bramki płatności PayPal&nbsp;<i>Przetwarzanie płatności przy użyciu własnego internetowego konta handlowego.</i>."
"PayPal All-in-One Payment Solutions&nbsp;&nbsp;<i>Accept and process credit cards and PayPal payments.</i>","PayPal All-in-One Payment Solutions&nbsp;&nbsp;<i>Akceptuj i przetwarzaj karty kredytowe oraz płatności PayPal.</i>."
"Accept payments with a completely customizable checkout page.","Akceptuj płatności z w pełni modyfikowalną stroną zamówienia."
"Process payments using your own internet merchant account.","Przetwarzaj płatności za pomocą własnego internetowego konta handlowego."
"Add PayPal as an additional payment method to your checkout page.","Dodaj PayPal jako dodatkową metodę płatności do strony zamówienia."
"Required PayPal Settings","Wymagane ustawienia PayPal"
"Email Associated with PayPal Merchant Account (Optional)","E-mail powiązany z kontem handlowca PayPal (opcjonalne)"
"<a href=""http://www.magentocommerce.com/paypal"">Start accepting payments via PayPal!</a>","<a href=""http://www.magentocommerce.com/paypal"">Rozpocznij przyjmowanie płatności przez PayPal!</a>."
"Don't have a PayPal account? Simply enter your email address.","Nie masz konta PayPal? Po prostu podaj swój adres e-mail."
"API Authentication Methods","Metody autentykacji API"
"API Username","Nazwa użytkownika API"
"API Password","Hasło API"
"Get Credentials from PayPal","Pobierz dane z PayPal."
"API Uses Proxy","Proxy użytkownika API"
"Proxy Host","Host proxy"
"Proxy Port","Port proxy"
"Enable In-Context Checkout Experience","Włącz w kontekście realizacji transakcji"
"See PayPal Feature Support details and list of supported regions
                    <a href=""https://developer.paypal.com/docs/classic/express-checkout/in-context/"" target=""_blank"">here</a>.","Zobacz szczegóły obsługi funkcji PayPal i listę obsługiwanych regionów
                    <a href=""https://developer.paypal.com/docs/classic/express-checkout/in-context/"" target=""_blank"">tutaj</a>."
"Enable PayPal Credit","Włącz PayPal Credit"
"PayPal Express Checkout lets you give customers access to financing through PayPal Credit&#174; - at no additional cost to you.
                        You get paid up front, even though customers have more time to pay. A pre-integrated payment button lets customers pay quickly with PayPal Credit&#174;.
                        <a href=""https:/www.paypal.com/webapps/mpp/promotional-financing"" target=""_blank"">Learn More</a>","PayPal Express Checkout umożliwia klientom dostęp do finansowania za pośrednictwem PayPal Credit&#174; - bez dodatkowych kosztów.
                        Otrzymujesz zapłatę z góry, mimo że klienci mają więcej czasu na dokonanie płatności. Wstępnie zintegrowany przycisk płatności pozwala klientom szybko płacić za pomocą PayPal Credit&#174;.
                        <a href=""https:/www.paypal.com/webapps/mpp/promotional-financing"" target=""_blank"">Dowiedz się więcej</a>."
"Sort Order PayPal Credit","Kolejność sortowania Kredyt PayPal"
"Advertise PayPal Credit","Reklama PayPal Credit"
"<a href=""https:/financing.paypal.com/ppfinportal/content/whyUseFinancing"" target=""_blank"">Why Advertise Financing?</a><br/>
                        <strong>Give your sales a boost when you advertise financing.</strong><br/>PayPal helps turn browsers into buyers with financing
                        from PayPal Credit&#174;. Your customers have more time to pay, while you get paid up front – at no additional cost to you.
                        Use PayPal’s free banner ads that let you advertise PayPal Credit&#174; financing as a payment option when your customers check out with PayPal.
                        The PayPal Advertising Program has been shown to generate additional purchases as well as increase consumer's average purchase sizes by 15%
                        or more. <a href=""https:/financing.paypal.com/ppfinportal/content/forrester"" target=""_blank"">See Details</a>.","<a href=""https:/financing.paypal.com/ppfinportal/content/whyUseFinancing"" target=""_blank"">Dlaczego warto reklamować finansowanie?</a><br/>
                        <strong>Zwiększ sprzedaż, reklamując finansowanie.</strong><br/>PayPal pomaga zamienić przeglądających w kupujących dzięki finansowaniu
                        z PayPal Credit&#174;. Twoi klienci mają więcej czasu na dokonanie płatności, a Ty otrzymujesz zapłatę z góry - bez dodatkowych kosztów.
                        Skorzystaj z bezpłatnych banerów reklamowych PayPal, które umożliwiają reklamowanie finansowania PayPal Credit jako opcji płatności, gdy klienci dokonują płatności za pomocą PayPal.
                        Wykazano, że program reklamowy PayPal generuje dodatkowe zakupy, a także zwiększa średnią wielkość zakupów konsumentów o 15% lub więcej.
                        lub więcej. <a href=""https:/financing.paypal.com/ppfinportal/content/forrester"" target=""_blank"">Sprawdź szczegóły</a>."
"Publisher ID","ID wydawcy"
"Required to display a banner","Wymagane do wyświetlania banerów"
"Get Publisher ID from PayPal","Uzyskaj identyfikator wydawcy z PayPal"
"Home Page","Strona główna"
Display,Wyświetl
"Catalog Category Page","Strona kategorii katalogu"
"Catalog Product Page","Strona produktu katalog"
"Checkout Cart Page","Strona zamówienia"
"Basic Settings - PayPal Express Checkout","Podstawowe ustawienia - PayPal Express Checkout"
"Display on Product Details Page","Pokazuj na stronie produktu"
"Authorization Honor Period (days)","Okres honorowania autoryzacji (dni)"
"Specifies what the Authorization Honor Period is on the merchant’s PayPal account. It must mirror the setting in PayPal.","Określa, co okresu cześć autoryzacji jest na konto PayPal handlowca. To musi odpowiadać ustawienia w PayPal."
"Order Valid Period (days)","Okres ważności zamówienia (dni)"
"Specifies what the Order Valid Period is on the merchant’s PayPal account. It must mirror the setting in PayPal.","Określa, co okresu prawidłową kolejność jest na konto PayPal handlowca. To musi odpowiadać ustawienia w PayPal."
"Number of Child Authorizations","Ilość podrzędnych autoryzacji"
"The default number of child authorizations in your PayPal account is 1. To do multiple authorizations please contact PayPal to request an increase.","Domyślna liczba autoryzacji dla dzieci na koncie PayPal wynosi 1. Aby dokonać wielu autoryzacji, skontaktuj się z PayPal, aby poprosić o ich zwiększenie."
"Payment Applicable From","Formularz kawlifikowanych płatności"
"Countries Payment Applicable From","Formularz kwalifikowanych płatności krajów"
"Debug Mode","Tryb debugowania"
"Enable SSL verification","Włącz weryfikację SSL"
"Transfer Cart Line Items","Produkty linii koszyka transferowego"
"Transfer Shipping Options","Opcje wysyłki przelewu"
"If this option is enabled, customer can change shipping address and shipping method on PayPal website. In live mode works via HTTPS protocol only.","Jeśli ta opcja jest wybrana, klienta może zmeinić adres dostawy i metodę dostawy na stronie PayPal. W trybie produkcyjnym działa tylko przez protokół HTTPS."
"Notice that PayPal can handle up to 10 shipping options. That is why Magento will transfer only first 10 cheapest shipping options if there are more than 10 available.","Zauważ, że PayPal może obsłużyć d 10 opcji dostawy. To jest powodem, dlaczego Magento przesyła tylk o10 majtańszych opcji dostawy, jeśli więcej niż 10 jest dostępnych."
"Shortcut Buttons Flavor","Styl przycisku skrótu"
"Enable PayPal Guest Checkout","Włącz gościnne zamówienia z PayPal"
"Ability for buyer to purchase without PayPal account.","Możliwość kupowania bez posiadania konta PayPal"
"Billing Agreement Signup","Rejestracja umowy rozliczeniowej"
"Whether to create a billing agreement, if there are no active billing agreements available.","Czy utworzyć umowę rozliczeniową, jeśli nie ma dostępnych aktywnych umów rozliczeniowych."
"Merchants need to apply to PayPal for enabling billing agreements feature. Do not enable this option until PayPal confirms that billing agreements are enabled for your merchant account.","Sprzedawcy muszą złożyć wniosek do PayPal o włączenie funkcji umów rozliczeniowych. Nie należy włączać tej opcji, dopóki firma PayPal nie potwierdzi, że umowy rozliczeniowe są włączone dla konta handlowca."
"Skip Order Review Step","Pomiń krok z podsumowaniem zamówienia"
"PayPal Billing Agreement Settings","Ustawienia umowy rozliczeniowej PayPal"
"Will appear as a payment option only for customers who have at least one active billing agreement.","Pojawi się jako opcja płatności tylko dla klientów, którzy mają co najmniej jedną aktywną umowę rozliczeniową."
"Allow in Billing Agreement Wizard","Dopuść w wizardzie umowy rozliczeniowej"
"Settlement Report Settings","Ustawienia raportu rozliczeniowego"
"SFTP Credentials","Dane SFTP"
"Custom Endpoint Hostname or IP-Address","Niestandardowa nazwa hosta lub adres IP dla punktu końcowego"
"By default it is ""reports.paypal.com"".","Domyślnie to jest reports.paypal.com""."""
"Use colon to specify port. For example: ""test.example.com:5224"".","Użyj dwukropka, aby podać port. Np. ""test.example.com:5224""."
"Custom Path","Niestandardowa ścieżka"
"Scheduled Fetching","Zaplanowane pobieranie"
"Enable Automatic Fetching","Włącz automatyczne pobierania"
"PayPal retains reports for 45 days.","PayPal przechowuje raporty przez 45 dni."
"Time of Day","Czas dnia"
"Frontend Experience Settings","Ustawienia wyglądu"
"PayPal Product Logo","Logo produktu PayPal"
"Displays on catalog pages and homepage.","Wyświetla na stronach katalogu i stronie głownej."
"PayPal Merchant Pages Style","Styl stron sprzedawcy PayPal"
"Page Style","Styl strony"
"Allowable values: ""paypal"", ""primary"" (default), your_custom_value (a custom payment page style from your merchant account profile).","Dozwolone wartości: ""paypal"", ""primary"" (domyślnie), your_custom_value (niestandardowy styl strony płatności z profilu konta sprzedawcy)."
"Header Image URL","URL obrazka nagłówka"
"The image at the top left of the checkout page. Max size is 750x90-pixel. <strong style=""color:red"">https</strong> is highly encouraged.","Obraz w lewym górnym rogu strony kasy. Maksymalny rozmiar to 750x90 pikseli. <strong style=""color:red"">Zaleca się stosowanie https</strong>."
"Header Background Color","Kolor tła nagłowka"
"The background color for the header of the checkout page. Case-insensitive six-character HTML hexadecimal color code in ASCII.","Kolor tła dla nagłówka strony kasy. Niewrażliwy na wielkość liter sześcioznakowy szesnastkowy kod koloru HTML w ASCII."
"Header Border Color","Kolor ramki nagłówka"
"2-pixel perimeter around the header space.","2-pikselowa odległość naokoło przestrzeni nagłówka."
"Page Background Color","Kolor tła strony"
"The background color for the checkout page around the header and payment form.","Kolor tła strony kasy wokół nagłówka i formularza płatności."
"Payments Advanced","Zaawansowane płatności"
"Accept payments with a PCI-compliant checkout that keeps customers on your site. (<u>Includes Express Checkout</u>)","Akceptuj płatności za pomocą kasy zgodnej z PCI, która zatrzymuje klientów w Twojej witrynie. (<u>Zawiera Express Checkout</u>)"
"Payments Advanced and Express Checkout","Zaawansowane Płatności i Ekspresowe Transakcje"
Vendor,Dostawca
"PayPal recommends that you set up an additional User on your account at manager.paypal.com","PayPal zaleca skonfigurowanie dodatkowego użytkownika na koncie w witrynie manager.paypal.com"
"PayPal recommends you set up an additional User on your account at manager.paypal.com, instead of entering your admin username and password here. This will enhance your security and prevent service interruptions if you later change your password. If you do not want to set up an additional User, you can re-enter your Merchant Login here.","Firma PayPal zaleca skonfigurowanie dodatkowego użytkownika na koncie w witrynie manager.paypal.com zamiast wprowadzania nazwy użytkownika i hasła administratora tutaj. Zwiększy to bezpieczeństwo i zapobiegnie przerwom w świadczeniu usług w przypadku późniejszej zmiany hasła. Jeśli nie chcesz konfigurować dodatkowego użytkownika, możesz ponownie wprowadzić swój login sprzedawcy tutaj."
"Use Proxy","Używaj proxy"
"<a href=""https://financing.paypal.com/ppfinportal/content/whyUseFinancing"" target=""_blank"">Why Advertise Financing?</a><br/>
                                            <strong>Give your sales a boost when you advertise financing.</strong><br/>PayPal helps turn browsers into buyers with financing
                                            from PayPal Credit&#174;. Your customers have more time to pay, while you get paid up front – at no additional cost to you.
                                            Use PayPal’s free banner ads that let you advertise PayPal Credit&#174; financing as a payment option when your customers check out with PayPal.
                                            The PayPal Advertising Program has been shown to generate additional purchases as well as increase consumer's average purchase sizes by 15%
                                            or more. <a href=""https://financing.paypal.com/ppfinportal/content/forrester"" target=""_blank"">See Details</a>.","<a href=""https://financing.paypal.com/ppfinportal/content/whyUseFinancing"" target=""_blank"">Dlaczego warto reklamować finansowanie?</a><br/>
                                            <strong>Zwiększ sprzedaż, reklamując finansowanie.</strong><br/>PayPal pomaga zamienić przeglądających w kupujących dzięki finansowaniu
                                            z PayPal Credit&#174;. Twoi klienci mają więcej czasu na dokonanie płatności, a Ty otrzymujesz zapłatę z góry - bez dodatkowych kosztów.
                                            Skorzystaj z bezpłatnych banerów reklamowych PayPal, które pozwalają reklamować finansowanie PayPal Credit jako opcję płatności, gdy klienci dokonują płatności za pomocą PayPal.
                                            Wykazano, że program reklamowy PayPal generuje dodatkowe zakupy, a także zwiększa średnią wielkość zakupów konsumentów o 15% lub więcej.
                                            lub więcej. <a href=""https://financing.paypal.com/ppfinportal/content/forrester"" target=""_blank"">Sprawdź szczegóły</a>."
"Basic Settings - PayPal Payments Advanced","Podstawowe ustawienia - PayPal Payments Advanced"
"It is recommended to set this value to ""Debit or Credit Card"" per store views.","Zalecane jest ustawienia tej wartości na ""Karta debetowa lub kredytowa"" na każy widok sklepu."
"CVV Entry is Editable","Pole CVV jest edytowalne"
"Require CVV Entry","Wymaga wpisu CVV"
"Send Email Confirmation","Wyślij potwierdzenie e-mailem"
"URL method for Cancel URL and Return URL","Metoda URL dla Cancel URL i Return URL"
"Connect your merchant account with a PCI-compliant gateway that lets customers pay without leaving your site. (<u>Includes Express Checkout</u>)","Połącz swoje konto sprzedawcy z bramką zgodną z PCI, która pozwala klientom płacić bez opuszczania Twojej witryny. (<u>Zawiera Express Checkout</u>)"
"Payflow Link and Express Checkout","Payflow Link i ekspresowa realizacja transakcji"
"If you do not have multiple users set up on your account, please re-enter your Vendor/Merchant Login here.","Jeśli na koncie nie skonfigurowano wielu użytkowników, wprowadź tutaj ponownie swój login sprzedawcy."
"Enable Payflow Link","Włącz Payflow Link"
"Enable Express Checkout","Włącz Express Checkout"
"Basic Settings - PayPal Payflow Link","Podstawowe ustawienia - PayPal Payflow Link"
"Website Payments Pro Hosted Solution","Rozwiązanie hostingowe Website Payments Pro"
"Accept payments with a PCI compliant checkout that keeps customers on your site. (<u>Includes Express Checkout</u>)","Akceptuj płatności za pomocą kasy zgodnej z PCI, która zatrzymuje klientów w Twojej witrynie. (<u>Zawiera Express Checkout</u>)"
"Payments Pro Hosted Solution","Hostowane rozwiązanie Payments Pro"
"<a href=""https:/financing.paypal.com/ppfinportal/content/whyUseFinancing"" target=""_blank"">Why Advertise Financing?</a><br/>
                            <strong>Give your sales a boost when you advertise financing.</strong><br/>PayPal helps turn browsers into buyers with financing
                            from PayPal Credit&#174;. Your customers have more time to pay, while you get paid up front – at no additional cost to you.
                            Use PayPal’s free banner ads that let you advertise PayPal Credit&#174; financing as a payment option when your customers check out with PayPal.
                            The PayPal Advertising Program has been shown to generate additional purchases as well as increase consumer's average purchase sizes by 15%
                            or more. <a href=""https:/financing.paypal.com/ppfinportal/content/forrester"" target=""_blank"">See Details</a>.","<a href=""https:/financing.paypal.com/ppfinportal/content/whyUseFinancing"" target=""_blank"">Dlaczego warto reklamować finansowanie?</a><br/>
                            <strong>Zwiększ sprzedaż, reklamując finansowanie.</strong><br/>PayPal pomaga zamienić przeglądających w kupujących dzięki finansowaniu
                            z PayPal Credit&#174;. Twoi klienci mają więcej czasu na dokonanie płatności, a Ty otrzymujesz zapłatę z góry - bez dodatkowych kosztów.
                            Skorzystaj z bezpłatnych banerów reklamowych PayPal, które umożliwiają reklamowanie finansowania PayPal Credit jako opcji płatności, gdy klienci dokonują płatności za pomocą PayPal.
                            Wykazano, że program reklamowy PayPal generuje dodatkowe zakupy, a także zwiększa średnią wielkość zakupów konsumentów o 15% lub więcej.
                            lub więcej. <a href=""https:/financing.paypal.com/ppfinportal/content/forrester"" target=""_blank"">Sprawdź szczegóły</a>."
"Basic Settings - PayPal Payments Pro Hosted Solution","Podstawowe ustawienia - PayPal Payments Pro Hosted Solution"
"Display Express Checkout in the Payment Information step","Wyświetlanie usługi Express Checkout w kroku Informacje o płatności"
"Website Payments Pro Hosted Solution and Express Checkout","Website Payments Pro Hosted Solution i Express Checkout"
"Basic Settings - PayPal Website Payments Pro Hosted Solution","Podstawowe ustawienia - PayPal Website Payments Pro Hosted Solution"
"Connect your merchant account with a fully customizable gateway that lets customers pay without leaving your site. (<u>Includes Express Checkout</u>)","Połącz swoje konto sprzedawcy z w pełni konfigurowalną bramką, która pozwala klientom płacić bez opuszczania Twojej witryny. (<u>Zawiera Express Checkout</u>)"
"Basic Settings - PayPal Payflow Pro","Podstawowe ustawienia - PayPal Payflow Pro"
"Credit Card Settings","Ustawienia kart kredytowych"
"Supporting of American Express cards require additional agreement. Learn more at <a href=""http://www.paypal.com/amexupdate"">http://www.paypal.com/amexupdate</a>.","Obsługa kart American Express wymaga dodatkowej umowy. Więcej informacji można znaleźć na stronie <a href=""http://www.paypal.com/amexupdate"">http://www.paypal.com/amexupdate</a>."
"CVV and AVS Settings","Ustawienia CVV i AVS"
"Reject Transaction if:","Odrzucenie transakcji, jeśli:"
"AVS Street Does Not Match","Droga AVS nie pasuje"
"AVS Zip Does Not Match","Zip AVS nie pasuje"
"Card Issuer Is Outside The United States","Wydawca karty znajduje się poza Stanami Zjednoczonymi"
"Card Security Code Does Not Match","Kod bezpieczeństwa karty nie pasuje"
"Payflow Pro and Express Checkout","Payflow Pro i Express Checkout"
"<a href=""https:/financing.paypal.com/ppfinportal/content/whyUseFinancing"" target=""_blank"">Why Advertise Financing?</a><br/>
                                <strong>Give your sales a boost when you advertise financing.</strong><br/>PayPal helps turn browsers into buyers with financing
                                from PayPal Credit&#174;. Your customers have more time to pay, while you get paid up front – at no additional cost to you.
                                Use PayPal’s free banner ads that let you advertise PayPal Credit&#174; financing as a payment option when your customers check out with PayPal.
                                The PayPal Advertising Program has been shown to generate additional purchases as well as increase consumer's average purchase sizes by 15%
                                or more. <a href=""https:/financing.paypal.com/ppfinportal/content/forrester"" target=""_blank"">See Details</a>.","<a href=""https:/financing.paypal.com/ppfinportal/content/whyUseFinancing"" target=""_blank"">Dlaczego warto reklamować finansowanie?</a><br/>
                                <strong>Zwiększ sprzedaż, reklamując finansowanie.</strong><br/>PayPal pomaga zamienić przeglądających w kupujących dzięki finansowaniu
                                z PayPal Credit&#174;. Twoi klienci mają więcej czasu na dokonanie płatności, a Ty otrzymujesz zapłatę z góry - bez dodatkowych kosztów.
                                Skorzystaj z bezpłatnych banerów reklamowych PayPal, które umożliwiają reklamowanie finansowania PayPal Credit jako opcji płatności, gdy klienci dokonują płatności za pomocą PayPal.
                                Wykazano, że program reklamowy PayPal generuje dodatkowe zakupy, a także zwiększa średnią wielkość zakupów konsumentów o 15% lub więcej.
                                lub więcej. <a href=""https:/financing.paypal.com/ppfinportal/content/forrester"" target=""_blank"">Sprawdź szczegóły</a>."
"We can't contact the PayPal gateway.","Nie możemy skontaktować się z bramką PayPal."
"The ordering amount of %1 is pending approval on the payment gateway.","Kwota zamówienia %1 oczekuje na zatwierdzenie przez bramkę płatności."
"Ordered amount of %1","Zamówiona kwota %1"
"Matched whole nine-didgit ZIP (no Address)","Dopasowany cały dziewięciocyfrowy ZIP (bez adresu)"
"Yes. Matched Address and five-didgit ZIP","Tak. Dopasowany adres i pięciocyfrowy ZIP"
"Invalid method %1::%2(%3)","Nieprawidłowa metoda %1::%2(%3)"
"To use PayPal Payments Advanced, you must configure  your PayPal Payments Advanced account on the PayPal website.","Aby korzystać z usługi PayPal Payments Advanced, należy skonfigurować konto PayPal Payments Advanced w witrynie PayPal."
"PayPal Payment Gateways","Bramki płatności PayPal"
"PayPal Payment Solutions","Rozwiązania płatnicze PayPal"
"Email Associated with PayPal Merchant Account","E-mail powiązany z kontem handlowym PayPal"
"Sandbox Credentials","Poświadczenia piaskownicy"
"It is recommended to set this value to ""Magento_Paypal"" per store views.","Zaleca się ustawienie tej wartości na ""Magento_Paypal"" dla widoków sklepu."
"Payments Advanced (Includes Express Checkout)","Zaawansowane płatności (w tym Express Checkout)"
"Accept payments with a PCI-compliant checkout that keeps customers on your site.","Akceptuj płatności za pomocą kasy zgodnej z PCI, która zatrzymuje klientów w Twojej witrynie."
"Payflow Link (Includes Express Checkout)","Łącze Payflow (obejmuje usługę Express Checkout)"
"Connect your merchant account with a PCI-compliant gateway that lets customers pay without leaving your site.","Połącz swoje konto sprzedawcy z bramką zgodną z PCI, która pozwala klientom płacić bez opuszczania Twojej witryny."
"Accept payments with a PCI compliant checkout that keeps customers on your site.","Akceptuj płatności za pomocą kasy zgodnej ze standardem PCI, która zatrzyma klientów w Twojej witrynie."
"Connect your merchant account with a fully customizable gateway that lets customers pay without leaving your site.","Połącz swoje konto sprzedawcy z w pełni konfigurowalną bramką, która pozwala klientom płacić bez opuszczania Twojej witryny."
"International AVS Indicator Does Not Match","Międzynarodowy wskaźnik AVS nie pasuje"
"Payflow Pro (Includes Express Checkout)","Payflow Pro (obejmuje usługę Express Checkout)"
"Payments Standard","Standard płatności"
"Accept credit card and PayPal payments securely.","Bezpiecznie akceptuj płatności kartą kredytową i PayPal."
"Basic Settings - PayPal Website Payments Standard","Ustawienia podstawowe - Standardowe płatności w witrynie PayPal"
"Website Payments Standard","Standard płatności internetowych"
"The payment couldn't be processed at this time. Please try again later.","Płatność nie mogła zostać przetworzona w tej chwili. Spróbuj ponownie później."
"The verification transaction can't be voided. ","Transakcja weryfikacyjna nie może zostać anulowana."
"PayPal Express Checkout lets you give customers access to financing through PayPal Credit&#174; - at no additional cost to you.
                        You get paid up front, even though customers have more time to pay. A pre-integrated payment button lets customers pay quickly with PayPal Credit&#174;.
                        <a href=""https://www.paypal.com/webapps/mpp/promotional-financing"" target=""_blank"">Learn More</a>","PayPal Express Checkout umożliwia klientom dostęp do finansowania za pośrednictwem PayPal Credit&#174; - bez dodatkowych kosztów.
                        Otrzymujesz zapłatę z góry, mimo że klienci mają więcej czasu na dokonanie płatności. Wstępnie zintegrowany przycisk płatności pozwala klientom szybko płacić za pomocą PayPal Credit&#174;.
                        <a href=""https://www.paypal.com/webapps/mpp/promotional-financing"" target=""_blank"">Dowiedz się więcej</a>."
"<a href=""https://financing.paypal.com/ppfinportal/content/whyUseFinancing"" target=""_blank"">Why Advertise Financing?</a><br/>
                        <strong>Give your sales a boost when you advertise financing.</strong><br/>PayPal helps turn browsers into buyers with financing
                        from PayPal Credit&#174;. Your customers have more time to pay, while you get paid up front – at no additional cost to you.
                        Use PayPal’s free banner ads that let you advertise PayPal Credit&#174; financing as a payment option when your customers check out with PayPal.
                        The PayPal Advertising Program has been shown to generate additional purchases as well as increase consumer's average purchase sizes by 15%
                        or more. <a href=""https://financing.paypal.com/ppfinportal/content/forrester"" target=""_blank"">See Details</a>.","<a href=""https://financing.paypal.com/ppfinportal/content/whyUseFinancing"" target=""_blank"">Dlaczego warto reklamować finansowanie?</a><br/>
                        <strong>Zwiększ sprzedaż, reklamując finansowanie.</strong><br/>PayPal pomaga zamienić przeglądających w kupujących dzięki finansowaniu
                        z PayPal Credit&#174;. Twoi klienci mają więcej czasu na dokonanie płatności, a Ty otrzymujesz zapłatę z góry - bez dodatkowych kosztów.
                        Skorzystaj z bezpłatnych banerów reklamowych PayPal, które umożliwiają reklamowanie finansowania PayPal Credit jako opcji płatności, gdy klienci dokonują płatności za pomocą PayPal.
                        Wykazano, że program reklamowy PayPal generuje dodatkowe zakupy, a także zwiększa średnią wielkość zakupów konsumentów o 15% lub więcej.
                        lub więcej. <a href=""https://financing.paypal.com/ppfinportal/content/forrester"" target=""_blank"">Sprawdź szczegóły</a>."
"<a href=""https://financing.paypal.com/ppfinportal/content/whyUseFinancing"" target=""_blank"">Why Advertise Financing?</a><br/>
                            <strong>Give your sales a boost when you advertise financing.</strong><br/>PayPal helps turn browsers into buyers with financing
                            from PayPal Credit&#174;. Your customers have more time to pay, while you get paid up front – at no additional cost to you.
                            Use PayPal’s free banner ads that let you advertise PayPal Credit&#174; financing as a payment option when your customers check out with PayPal.
                            The PayPal Advertising Program has been shown to generate additional purchases as well as increase consumer's average purchase sizes by 15%
                            or more. <a href=""https://financing.paypal.com/ppfinportal/content/forrester"" target=""_blank"">See Details</a>.","<a href=""https://financing.paypal.com/ppfinportal/content/whyUseFinancing"" target=""_blank"">Dlaczego warto reklamować finansowanie?</a><br/>
                            <strong>Zwiększ sprzedaż, reklamując finansowanie.</strong><br/>PayPal pomaga zamienić przeglądających w kupujących dzięki finansowaniu
                            z PayPal Credit&#174;. Twoi klienci mają więcej czasu na dokonanie płatności, a Ty otrzymujesz zapłatę z góry - bez dodatkowych kosztów.
                            Skorzystaj z bezpłatnych banerów reklamowych PayPal, które umożliwiają reklamowanie finansowania PayPal Credit jako opcji płatności, gdy klienci dokonują płatności za pomocą PayPal.
                            Wykazano, że program reklamowy PayPal generuje dodatkowe zakupy, a także zwiększa średnią wielkość zakupów konsumentów o 15% lub więcej.
                            lub więcej. <a href=""https://financing.paypal.com/ppfinportal/content/forrester"" target=""_blank"">Sprawdź szczegóły</a>."
"<a href=""https://financing.paypal.com/ppfinportal/content/whyUseFinancing"" target=""_blank"">Why Advertise Financing?</a><br/>
                                <strong>Give your sales a boost when you advertise financing.</strong><br/>PayPal helps turn browsers into buyers with financing
                                from PayPal Credit&#174;. Your customers have more time to pay, while you get paid up front – at no additional cost to you.
                                Use PayPal’s free banner ads that let you advertise PayPal Credit&#174; financing as a payment option when your customers check out with PayPal.
                                The PayPal Advertising Program has been shown to generate additional purchases as well as increase consumer's average purchase sizes by 15%
                                or more. <a href=""https://financing.paypal.com/ppfinportal/content/forrester"" target=""_blank"">See Details</a>.","<a href=""https://financing.paypal.com/ppfinportal/content/whyUseFinancing"" target=""_blank"">Dlaczego warto reklamować finansowanie?</a><br/>
                                <strong>Zwiększ sprzedaż, reklamując finansowanie.</strong><br/>PayPal pomaga zamienić przeglądających w kupujących dzięki finansowaniu
                                z PayPal Credit&#174;. Twoi klienci mają więcej czasu na dokonanie płatności, a Ty otrzymujesz zapłatę z góry - bez dodatkowych kosztów.
                                Skorzystaj z bezpłatnych banerów reklamowych PayPal, które umożliwiają reklamowanie finansowania PayPal Credit jako opcji płatności, gdy klienci dokonują płatności za pomocą PayPal.
                                Wykazano, że program reklamowy PayPal generuje dodatkowe zakupy, a także zwiększa średnią wielkość zakupów konsumentów o 15% lub więcej.
                                lub więcej. <a href=""https://financing.paypal.com/ppfinportal/content/forrester"" target=""_blank"">Sprawdź szczegóły</a>."
Gold,Złoto
Blue,Niebieski
Silver,Srebro
Black,Czarny
Vertical,Pionowy
Horizontal,Poziomo
Pill,Pigułka
Rectangle,Prostokąt
Large,Duży
Responsive,Responsywny
Pay,Wynagrodzenie
Installment,Rata
"PayPal Credit","Kredyt PayPal"
"PayPal Guest Checkout Credit Card Icons","Ikony kart kredytowych gości w kasie PayPal"
"Elektronisches Lastschriftverfahren - German ELV","Elektroniczna procedura polecenia zapłaty - niemiecka ELV"
"Something went wrong with your request. Please try again later.","Coś poszło nie tak z żądaniem. Spróbuj ponownie później."
"Customize Smart Buttons","Dostosowywanie inteligentnych przycisków"
"Checkout Page","Strona kasy"
"Customize Button","Dostosuj przycisk"
"The installment feature is available only in these locales: en_MX, es_MX, en_BR, pt_BR.","Funkcja raty jest dostępna tylko w następujących wersjach językowych: en_MX, es_MX, en_BR, pt_BR."
"Mexico Installment Period","Okres spłaty rat w Meksyku"
"Brazil Installment Period","Okres spłaty rat w Brazylii"
"Select Responsive to ensure the PayPal button renders correctly on mobile devices.","Wybierz opcję Responsive, aby przycisk PayPal był prawidłowo wyświetlany na urządzeniach mobilnych."
Shape,Kształt
Color,Kolor
"Product Pages","Strony produktu"
"Cart Page","Strona koszyka"
"Mini Cart","Mini wózek"
Features,Cechy
"Disable Funding Options","Wyłącz opcje finansowania"
"PayPal will automatically display each enabled funding option to eligible buyers.
                                For example, PayPal Credit is only shown to buyers in countries where PayPal Credit is
                                offered and the currency offered by the merchant is USD.","PayPal automatycznie wyświetli każdą włączoną opcję finansowania kwalifikującym się kupującym.
                                Na przykład kredyt PayPal jest wyświetlany tylko kupującym w krajach, w których kredyt PayPal jest
                                oferowane, a walutą oferowaną przez sprzedawcę jest USD."
"Not you?","To nie Ty?"
"Your shopping cart has been updated with new prices.","Twój koszyk został wzbogacony o nowe ceny."
"Welcome, %1!","Witaj, %1!"
"We cannot load the configuration from file %1.","Nie można załadować konfiguracji z pliku %1."
"Method ""%1"" is not defined in ""%2""","Nie zdefiniowano metody ""%1"" w ""%2"""
"To check out, please sign in using your email address.","Aby dokonać płatności, zaloguj się przy użyciu swojego adresu e-mail."
"Remember Me","Zapamiętaj mnie"
"Check &quot;Remember Me&quot; to access your shopping cart on this computer even if you are not signed in.","Sprawdź &quot;Zapamiętaj mnie&quot; wobec dostęp Twój koszyk na tym komputerze, nawet jeśli nie jesteś zalogowany."
"Check 'Remember Me' to access your shopping cart on this computer even if you are not signed in.","Zaznacz 'Zapamiętaj mnie', aby mieć dostęp do swojego koszyka na tym komputerze bez potrzeby logowania."
"Persistent Shopping Cart","Trwały koszyk"
"Enable Persistence","Włącz trwałą obecność"
"Persistence Lifetime (seconds)","Czas trwałości (sekundy)"
"Enable ""Remember Me""","Włącz Zapamiętaj mnie"""""
"""Remember Me"" Default Value","Domyślna wartość pola Zapamiętaj mnie"""""
"Clear Persistence on Sign Out","Wyczyść trwałą obecność przy wylogowaniu"
"Persist Shopping Cart","Trwały koszyk"
"Persist Wish List","Trwały schowek"
"Persist Recently Ordered Items","Zachowuj ostatnio zamówione produkty"
"Persist Currently Compared Products","Zachowuj aktualnie porównywane produkty"
"Persist Comparison History","Zachowuj historię porównań"
"Persist Recently Viewed Products","Zachowuj ostatnio przeglądane produkty"
"Persist Customer Group Membership and Segmentation","Zachowuj przynależność klienta do grupy klientów oraz segmentację klientów"
"Read Product Price","Wyświetl cenę produktu"
"Edit Product Price","Zmień cenę produktu"
"Edit Product Status","Zmień stan produktu"
"Default Product Price","Domyślna cena produktu"
"Defines the default product price","Określa domyślną cenę produktu"
"You saved the alert subscription.","Zapisałeś alert subskrypcji."
"There are not enough parameters.","Nie ma wystarczającej ilości parametrów."
"We can't update the alert subscription right now.","Nie możemy teraz zaktualizować subskrypcji alertów."
"Alert subscription has been saved.","Subskrypcja alertu została zapisana."
"You deleted the alert subscription.","Usunąłeś subskrypcję powiadomienia."
"We can't find the product.","Nie możemy znaleźć produktu."
"You will no longer receive price alerts for this product.","Nie otrzymasz już więcej powiadomień o cenie tego produktu"
"Unable to update the alert subscription.","Nie udało się zaktualizować subskrypcji alertu."
"You will no longer receive stock alerts for this product.","Nie otrzymasz już więcej powiadomień o cenie tego produktu"
"The product was not found.","Produkt nie został znaleziony."
"You will no longer receive stock alerts.","Nie otrzymasz już więcej powiadomień o dostępności"
"Invalid block type: %1","Nieprawidłowy rodzaj bloku: %1"
"Price change alert! We wanted you to know that prices have changed for these products:","Powiadomienie o zmianie ceny. Nastąpiła zmiana cen dla następujących produktów:"
Price:,Cena:
"Click here to stop alerts for this product.","Przejdź tutaj aby wyłączyć powiadomienia o tym produkcie."
"Unsubscribe from all price alerts","Anuluj subskrypcje wszystkich powiadomień o cenach"
"In stock alert! We wanted you to know that these products are now available:","Powiadomienie dostępności. Dostępne są już następujące produkty:"
"Unsubscribe from all stock alerts","Anuluj subskrypcje wszystkich powiadomień o dostępności towaru"
"Product alerts Cron error","Alerty dotyczące produktów Błąd Cron"
"Product alerts cron warnings","Ostrzeżenia o powiadomieniach dotyczących produktów"
"Products price changed alert","Powiadomienie o zmianie ceny produktów"
"Products back in stock alert","Produkty z powrotem w magazynie"
"Allow Alert When Product Price Changes","Zazwól na powiadomienia o zmienach ceny produktu"
"Allow Alert When Product Comes Back in Stock","Zazwól na powiadomienia o powrocie produktu do stany magazynowego"
"Price Alert Email Template","Szablon powiadomień o cenie towaru"
"Stock Alert Email Template","Szablon powiadomień o dostępności towaru"
"Alert Email Sender","Nadawca powiadomienia"
"Product Alerts Run Settings","Ustawienia wysyłania powiadomień"
"Notify me when the price drops","Powiadom mnie gdy cena produktu spadnie"
"Notify me when this product is in stock","Powiadom mnie gdy produkt będzie dostępny"
"Sign up for price alert","Zarejestruj się, aby otrzymywać powiadomienia o cenach"
"Sign up to be notified when this product is back in stock.","Zarejestruj się, aby otrzymywać powiadomienia o dostępności tego produktu."
"The alert subscription couldn't update at this time. Please try again later.","Subskrypcja alertu nie mogła zostać zaktualizowana w tej chwili. Spróbuj ponownie później."
Url,"Adres URL"
"Preview Image","Podgląd obrazka"
"Get Video Information","Pobierz informacje o filmie"
"YouTube and Vimeo supported.","YouTube i Vimeo są obsługiwane."
"Vimeo supported.<br />To add YouTube video, please <a href=""%1"">enter YouTube API Key</a> first.","Vimeo jest obsługiwany. <br />By dodać obsługę filmów z YouTube, proszę wpierw <a href=""%1"">wprowadzić Kod API YouTube </a>."
"Protocol isn't allowed","Protokół nie jest dozwolony"
"Could not get preview image information. Please check your connection and try again.","Nie można uzyskać informacji o podglądzie obrazu. Sprawdź połączenie i spróbuj ponownie."
"Add Video","Dodaj wideo"
"Delete video","Usuń wideo"
Title:,Tytuł:
Uploaded:,Przesłano:
Uploader:,Przesłał:
Duration:,"Czas trwania:"
"Video Error","Błąd wideo"
"Unknown video type","Nieznany typ pliku wideo"
"Invalid video url","Nieprawidłowy adres url wideo"
"Youtube API key is invalid","Klucz API YouTube jest nieprawidłowy"
"Video cant be shown due to the following reason: ","Film nie może zostać wyświetlony z następujących przyczyn: "
"Video not found","Nie znaleziono filmu"
"New Video","Nowe wideo"
"Edit Video","Edycja wideo"
"Product Video","Film produktu"
"YouTube API Key","Klucz API YouTube"
"Autostart base video","Automatyczne odtwarzanie podstawowego filmu"
"Show related video","Pokaż podobne filmy"
"Auto restart video","Powtarzanie filmu"
"Images And Videos","Obrazy i wideo"
"Click here to add videos.","Kliknij tutaj, aby dodać filmy."
"Add video","Dodaj wideo"
"Delete image in all store views","Usuń obraz we wszystkich widokach sklepu"
"The preview image information is unavailable. Check your connection and try again.","Informacje o podglądzie obrazu są niedostępne. Sprawdź połączenie i spróbuj ponownie."
"Images And Videos","Zdjęcia i filmy"
"Edit Catalog Price Rules","Edytuj reguły cenowe katalogu"
"Edit Cart Price Rules","Edytuj reguły cenowe katalogu"
"Edit Automated Email Reminder Rules","Edytuj zasady automatycznego przypominania"
"Quick Order","Szybkie zamówienie"
"The uploaded CSV file does not contain a column labelled SKU. Make sure the first column is labelled SKU and that each line in the file contains a SKU value. Then upload the file again.","Przesłany plik CSV nie zawiera kolumny oznaczonej jako SKU. Upewnij się, że pierwsza kolumna jest oznaczona jako SKU i że każdy wiersz w pliku zawiera wartość SKU. Następnie prześlij plik ponownie."
"You should correct the quantity for the product.","Należy poprawić ilość produktu."
"The SKU is out of stock.","Jednostka SKU jest niedostępna."
"We don't have the quantity you requested.","Nie mamy żądanej ilości."
"Exception message","Komunikat o wyjątku"
"The file could not be uploaded because it is in the wrong format. Please select a CSV file to upload.","Nie można przesłać pliku, ponieważ ma on niewłaściwy format. Wybierz plik CSV do przesłania."
"Add from File","Dodaj z pliku"
"File must be in .csv format and include ""SKU"" and ""QTY"" columns","Plik musi być w formacie .csv i zawierać kolumny ""SKU"" i ""QTY""."
"Choose File","Wybierz plik"
"Enter Multiple SKUs","Wprowadź wiele jednostek SKU"
"Use commas or paragraph to separate SKUs.","Używaj przecinków lub akapitów do oddzielania jednostek SKU."
"Add to List","Dodaj do listy"
"Enter SKU or Product Name","Wprowadź SKU lub nazwę produktu"
" product(s) require(s) your attention."," produkty wymagają Twojej uwagi."
"Enable Quick Order","Włącz szybkie zamawianie"
"Download Sample","Pobierz próbkę"
"Unable to save address. Please check input data.","Nie można zapisać adresu. Sprawdź wprowadzone dane."
"Could not apply coupon code","Nie można zastosować kodu kuponu"
"Coupon code is not valid","Kod kuponu jest nieważny"
"Could not delete coupon code","Nie można usunąć kodu kuponu"
"Cannot assign customer to the given cart. You don't have permission for this operation.","Nie można przypisać klienta do danego koszyka. Nie masz uprawnień do wykonania tej operacji."
"Shipping address is not set","Adres wysyłki nie został ustawiony"
"Product that you are trying to add is not available.","Produktu, który próbujesz dodać, nie jest dostępny."
"This is the wrong quote item id to update configuration.","To jest nieprawidłowe id produktu zapytania do aktualizacji konfiguracji."
"This shipping method is not available. To use this shipping method, please contact us.","Ta metoda wysyłki nie jest dostępna. By jej użyć skontaktuj się z nami."
"The address model is not defined.","Model adresu nie został zdefiniowany."
"The address total model should be extended from
                    \Magento\Quote\Model\Quote\Address\Total\AbstractTotal.","Adres całkowity modelu powinien zostać przedłużony z 
                    \Magento\Quote\Model\Quote\Address\Total\AbstractTotal."
"Shipping & Handling (%1)","Wysyłka i obsługa (%1)"
"We found an invalid item option format.","Znaleźliśmy nieprawidłowy format opcji produktu."
"Item qty declaration error","Błąd deklaracji ilości produktu"
"Some of the products below do not have all the required options.","Część produktów poniżej nie ma wszystkich wymaganych opcji."
"Something went wrong during the item options declaration.","Coś się zepsuło podczas deklaracji Opcje produktu."
"We found an item options declaration error.","Znaleźliśmy błąd deklaracji opcji produktu."
"Some of the selected options are not currently available.","Niektóre wybrane opcje nie są aktualnie dostępne."
"Selected option(s) or their combination is not currently available.","Wybrane opcje lub ich kombinacje nie są dostępne."
"Some item options or their combination are not currently available.","Wybrane opcje lub ich kombinacje nie są dostępne."
"Cart %1 does not contain item %2","Koszyk %1 nie zawiera pozycji %2"
"Could not save quote","Nie można zapisać cytatu"
"Cart %1 doesn't contain item  %2","Koszyk %1 nie zawiera pozycji %2"
"Could not remove item from quote","Nie można usunąć elementu z oferty"
"The qty value is required to update quote item.","Wartość ilość jest wymagana do aktualizacji pozycji qty."
"Invalid customer id %1","Nieprawidłowy identyfikator klienta: %1"
"Invalid address id %1","Nieprawidłowy adres id %1"
"Invalid customer address id %1","Nieprawidłowy adres id %1"
"Cannot create quote","Nie można utworzyć cytatu"
"Cannot assign customer to the given cart. The cart belongs to different store.","Nie można przypisać klienta do danego koszyka. Koszyk należy do innego sklepu."
"Cannot assign customer to the given cart. The cart is not anonymous.","Nie można przypisać klienta do podanego koszyka. Koszyk nie jest anonimowy."
"Cannot assign customer to the given cart. Customer already has active cart.","Nie można przypisać klienta do danego koszyka. Klient ma już aktywny koszyk."
"Invalid state change requested","Żądanie nieprawidłowej zmiany stanu"
"Only 1 shipping assignment can be set","Można ustawić tylko jedno zadanie dostawy"
"This item price or quantity is not valid for checkout.","Ta cena lub ilość nie jest ważna dla kasy."
"Please check the shipping address information. %1","Sprawdź informacje o adresie wysyłki. %1"
"Please specify a shipping method.","Prosimy o określenie metody wysyłki."
"Please check the billing address information. %1","Sprawdź informacje o adresie rozliczeniowym. %1"
"Please select a valid payment method.","Wybierz prawidłową metodę płatności."
"Cart contains virtual product(s) only. Shipping address is not applicable.","Koszyk zawiera tylko wirtualne produkty. Adres wysyłki nie ma zastosowania."
"Shipping address not set.","Adres wysyłki nie został ustawiony."
"Cannot set shipping method. %1","Nie można ustawić metody wysyłki. %1"
"Shipping method is not applicable for empty cart","Metoda wysyłki nie dotyczy pustego koszyka"
"Cart contains virtual product(s) only. Shipping method is not applicable.","Koszyk zawiera tylko produkty wirtualne. Metoda wysyłki nie ma zastosowania."
"Minimum Order Amount Exceeded.","Przekroczono minimalną kwotę zamówienia."
Carts,Koszyki
"Manage carts","Zarządzaj koszykami"
"Unable to save address. Please, check input data.","Nie można zapisać adresu. Sprawdź wprowadzone dane."
"Carrier with such method not found: %1, %2","Nie znaleziono nośnika z taką metodą: %1, %2"
"Cart isn't assigned to correct store","Koszyk nie jest przypisany do właściwego sklepu"
"Something went wrong. Please try to place the order again.","Coś poszło nie tak. Spróbuj ponownie złożyć zamówienie."
"Please check the shipping address information.","Sprawdź informacje o adresie wysyłki."
"The shipping method is missing. Select the shipping method and try again.","Brakuje metody wysyłki. Wybierz metodę wysyłki i spróbuj ponownie."
"Please check the billing address information.","Sprawdź informacje o adresie rozliczeniowym."
"Enter a valid payment method and try again.","Wprowadź prawidłową metodę płatności i spróbuj ponownie."
"The address failed to save. Verify the address and try again.","Nie udało się zapisać adresu. Zweryfikuj adres i spróbuj ponownie."
"The coupon code couldn't be applied. Verify the coupon code and try again.","Nie można zastosować kodu kuponu. Zweryfikuj kod kuponu i spróbuj ponownie."
"The coupon code isn't valid. Verify the code and try again.","Kod kuponu jest nieprawidłowy. Zweryfikuj kod i spróbuj ponownie."
"The coupon code couldn't be deleted. Verify the coupon code and try again.","Nie można usunąć kodu kuponu. Zweryfikuj kod kuponu i spróbuj ponownie."
"You don't have the correct permissions to assign the customer to the cart.","Nie masz odpowiednich uprawnień, aby przypisać klienta do koszyka."
"The shipping address is missing. Set the address and try again.","Brakuje adresu wysyłki. Ustaw adres i spróbuj ponownie."
"The %1 Cart doesn't contain the %2 item.","Koszyk %1 nie zawiera elementu %2."
"The quote couldn't be saved.","Cytat nie mógł zostać zapisany."
"The item couldn't be removed from the quote.","Element nie mógł zostać usunięty z oferty."
"The quote can't be created.","Cytat nie może zostać utworzony."
"The customer can't be assigned to the cart. The cart belongs to a different store.","Klient nie może zostać przypisany do koszyka. Koszyk należy do innego sklepu."
"The customer can't be assigned to the cart because the cart isn't anonymous.","Klient nie może zostać przypisany do koszyka, ponieważ koszyk nie jest anonimowy."
"The customer can't be assigned to the cart because the customer already has an active cart.","Klient nie może zostać przypisany do koszyka, ponieważ ma już aktywny koszyk."
"A server error stopped your order from being placed. Please try to place your order again.","Błąd serwera uniemożliwił złożenie zamówienia. Spróbuj złożyć zamówienie ponownie."
"The Cart includes virtual product(s) only, so a shipping address is not used.","Koszyk zawiera tylko wirtualne produkty, więc adres wysyłki nie jest używany."
"The shipping method can't be set. %1","Nie można ustawić metody wysyłki. %1"
"The shipping method can't be set for an empty cart. Add an item to cart and try again.","Nie można ustawić metody wysyłki dla pustego koszyka. Dodaj produkt do koszyka i spróbuj ponownie."
"Current customer does not have an active cart.","Obecny klient nie ma aktywnego koszyka."
"Shopping cart error: %message","Błąd koszyka: %komunikat"
"Could not find a product with SKU ""%sku""","Nie można znaleźć produktu z SKU ""%sku"""
"Could not add the product with SKU %sku to the shopping cart: %message","Nie można dodać do koszyka produktu z kodem SKU %sku: %komunikat"
"Missing key ""sku"" in cart item data","Brakujący klucz ""sku"" w danych pozycji koszyka"
"Missing key ""qty"" in cart item data","Brakujący klucz ""qty"" w danych pozycji koszyka"
"Could not find a cart with ID ""%masked_cart_id""","Nie można znaleźć koszyka o identyfikatorze ""%masked_cart_id"""
"Current user does not have an active cart.","Bieżący użytkownik nie ma aktywnego koszyka."
"The current user cannot perform operations on cart ""%masked_cart_id""","Bieżący użytkownik nie może wykonywać operacji na koszyku ""%masked_cart_id""."
"Could not find a cart address with ID ""%cart_address_id""","Nie można znaleźć adresu koszyka o identyfikatorze ""%cart_address_id"""
"The current user cannot use cart address with ID ""%cart_address_id""","Bieżący użytkownik nie może użyć adresu koszyka o identyfikatorze ""%cart_address_id""."
"The billing address must contain either ""customer_address_id"" or ""address"".","Adres rozliczeniowy musi zawierać ""customer_address_id"" lub ""address""."
"The billing address cannot contain ""customer_address_id"" and ""address"" at the same time.","Adres rozliczeniowy nie może zawierać jednocześnie ""customer_address_id"" i ""address""."
"Using the ""use_for_shipping"" option with multishipping is not possible.","Używanie opcji ""use_for_shipping"" z multishippingiem nie jest możliwe."
"You cannot specify multiple shipping addresses.","Nie można określić wielu adresów wysyłki."
"The shipping address must contain either ""customer_address_id"" or ""address"".","Adres wysyłki musi zawierać ""customer_address_id"" lub ""address""."
"The shipping address cannot contain ""customer_address_id"" and ""address"" at the same time.","Adres wysyłki nie może zawierać jednocześnie ""customer_address_id"" i ""address""."
"You cannot specify multiple shipping methods.","Nie można określić wielu metod wysyłki."
"Required parameter ""cart_address_id"" is missing.","Brak wymaganego parametru ""cart_address_id""."
"Required parameter ""carrier_code"" is missing.","Brak wymaganego parametru ""carrier_code""."
"Required parameter ""method_code"" is missing.","Brak wymaganego parametru ""method_code""."
"Option type ""%1"" is not supported","Opcja typu ""%1"" nie jest obsługiwana"
"%1 doesn't implement CustomizableOptionValueInterface","%1 nie implementuje interfejsu CustomizableOptionValueInterface"
"Required parameter ""cart_id"" is missing","Brak wymaganego parametru ""cart_id""."
"Required parameter ""cartItems"" is missing","Brak wymaganego parametru ""cartItems""."
"Required parameter ""coupon_code"" is missing","Brak wymaganego parametru ""coupon_code""."
"A coupon is already applied to the cart. Please remove it to apply another","Kupon został już zastosowany w koszyku. Usuń go, aby zastosować inny"
"Missing key ""product"" in cart data","Brakujący klucz ""product"" w danych koszyka"
"Missing key ""type_id"" in product data","Brakujący klucz ""type_id"" w danych produktu"
"Product ""%product_type"" type is not supported","Typ produktu ""%product_type"" nie jest obsługiwany"
"Required parameter ""cart_id"" is missing.","Brak wymaganego parametru ""cart_id""."
"Required parameter ""cart_item_id"" is missing.","Brak wymaganego parametru ""cart_item_id""."
"Required parameter ""billing_address"" is missing","Brak wymaganego parametru ""billing_address""."
"Required parameter ""payment_method"" is missing","Brak wymaganego parametru ""payment_method""."
"Required parameter ""shipping_addresses"" is missing","Brak wymaganego parametru ""shipping_addresses""."
"Required parameter ""shipping_methods"" is missing","Brak wymaganego parametru ""shipping_methods""."
"""model"" values should be specified","Należy określić wartości ""modelu"""
"Required parameter ""cart_items"" is missing.","Brak wymaganego parametru ""cart_items""."
"Required parameter ""cart_item_id"" for ""cart_items"" is missing.","Brak wymaganego parametru ""cart_item_id"" dla ""cart_items""."
"Required parameter ""quantity"" for ""cart_items"" is missing.","Brak wymaganego parametru ""quantity"" dla ""cart_items""."
"Could not find cart item with id: %1.","Nie można znaleźć pozycji koszyka o id: %1."
"It is impossible to log user action","Rejestrowanie działań użytkownika jest niemożliwe"
"An error occurred while logging process.","Wystąpił błąd podczas rejestrowania procesu."
"Release Notification","Powiadomienie o zwolnieniu"
"What’s new with Magento 2.2.4","Co nowego w Magento 2.2.4"
"
                        <p>Magento 2.2.4 provides powerful new tools to help reduce cart abandonment and simplify store operations:</p>
                        <br />
                        <div class=""trusted-payments-highlight"">
                        <h3>Trusted Payment Options</h3>
                        <p>Online or on the go, your shoppers can easily purchase in a familiar, trusted way with Amazon Pay.</p>
                        </div>
                        <div class=""flexible-payments-highlight"">
                        <h3>Flexible Payment Terms</h3>
                        <p>Increase sales by providing shoppers with the flexibility to pay now, later, or in installments using Klarna&#8217;s integrated payment option.</p>
                        </div>
                        <div class=""tax-automation-highlight"">
                        <h3>Sales and Use Tax Automation</h3>
                        <p>Merchants can now automatically perform instant and accurate sales tax calculations on shopping cart items with Vertex Cloud.</p>
                        </div>
                        <p>To learn more, see the <a href=""http://devdocs.magento.com/guides/v2.2/release-notes/bk-release-notes.html"" target=""_blank"">Release Notes</a> and the <a href=""http://docs.magento.com/m2/ce/user_guide/getting-started.html"" target=""_blank"">Magento User Guide</a>.</p>
                        ","
                        <p>Magento 2.2.4 zapewnia nowe, potężne narzędzia, które pomagają zmniejszyć liczbę porzuceń koszyka i uprościć operacje sklepu:</p>
                        <br />
                        <div class=""trusted-payments-highlight"">
                        <h3>Zaufane opcje płatności</h3>
                        <p>Online lub w podróży, Twoi klienci mogą łatwo kupować w znany, zaufany sposób dzięki Amazon Pay.</p>
                        </div>
                        <div class=""flexible-payments-highlight"">
                        <h3>Elastyczne warunki płatności</h3>
                        <p>Zwiększ sprzedaż, zapewniając kupującym elastyczność płacenia teraz, później lub w ratach za pomocą zintegrowanej opcji płatności Klarna.
                        </div>
                        <div class=""tax-automation-highlight"">
                        <h3>Automatyzacja podatku od sprzedaży i użytkowania</h3>
                        <p>Handlowcy mogą teraz automatycznie wykonywać natychmiastowe i dokładne obliczenia podatku od sprzedaży od pozycji w koszyku za pomocą Vertex Cloud.</p>
                        </div>
                        <p>Aby dowiedzieć się więcej, zobacz <a href=""http://devdocs.magento.com/guides/v2.2/release-notes/bk-release-notes.html"" target=""_blank"">Uwagi do wydania</a> i <a href=""http://docs.magento.com/m2/ce/user_guide/getting-started.html"" target=""_blank"">Podręcznik użytkownika Magento</a>.</p>
                        "
"Trusted Payment Options","Zaufane opcje płatności"
"<p>With <a href=""http://docs.magento.com/m2/ce/user_guide/payment/amazon-pay.html"" target=""_blank"">Amazon Pay</a>, we make it simple for the hundreds of millions of Amazon customers worldwide to easily log in and purchase from your store using information already stored their Amazon account. With easy setup in Magento 2.2.4, Amazon Pay provides your customers with a trusted and familiar checkout experience. In just a few taps, they can complete a transaction without ever leaving your site.</p>
                        <ul>
                        <li><span>Your customers use one familiar login to identify themselves and transact anywhere Amazon Pay is offered.</span></li>
                        <li><span>Checkout experience is covered by the Amazon A-to-z Guarantee at no additional cost.</span></li>
                        <li><span>Built on years of Amazon eCommerce innovation, and trusted by merchants and buyers alike.</span></li>
                        <li><span>Available across platforms and devices, in the home and on the go.</span></li>
                        </ul>
                        ","<p>Dzięki <a href=""http://docs.magento.com/m2/ce/user_guide/payment/amazon-pay.html"" target=""_blank"">Amazon Pay</a> ułatwiamy setkom milionów klientów Amazon na całym świecie łatwe logowanie się i dokonywanie zakupów w Twoim sklepie przy użyciu informacji już zapisanych na ich koncie Amazon. Dzięki łatwej konfiguracji w Magento 2.2.4, Amazon Pay zapewnia klientom zaufane i znajome doświadczenie przy kasie. Wystarczy kilka dotknięć, aby sfinalizować transakcję bez opuszczania witryny.
                        <ul>
                        <li><span>Twoi klienci używają jednego znanego loginu do identyfikacji i dokonywania transakcji wszędzie tam, gdzie oferowana jest usługa Amazon Pay.</span></li>
                        <li><span>Obsługa płatności jest objęta gwarancją Amazon od A do Z bez dodatkowych kosztów.</span></li>
                        <li><span>Zbudowany w oparciu o lata innowacji Amazon eCommerce i cieszący się zaufaniem zarówno sprzedawców, jak i kupujących.</span></li>
                        <li><span>Dostępne na różnych platformach i urządzeniach, w domu i w podróży.</span></li>
                        </ul>
                        "
"Flexible Payment Terms","Elastyczne warunki płatności"
"
                        <p>With <a href=""http://docs.magento.com/m2/ce/user_guide/payment/klarna.html"" target=""_blank"">Klarna</a>, reduce purchase stress and improve your shopping experience with several retail finance and direct-payment options that are easily integrated into your existing buying journey. Shoppers can choose to pay now by online payment or direct debit, pay later by invoice, or pay in installments.</p>
                        <ul>
                        <li><span>Customers never leave your site, and enjoy a smoother shopping experience.</span></li>
                        <li><span>Easy application process with the ability to pay over time increases average order value and conversion rates.</span></li>
                        <li><span>Assumes all credit and fraud risk, and ensures you are paid for ordered goods.</span></li>
                        <li><span>Ready for all devices, and enables shoppers to use their Klarna account at any Klarna merchant with just a few clicks.</span></li>
                        <li><span>Fast and easy setup, right from the Magento Admin.</span></li>
                        </ul>
                        ","
                        <p>Z <a href=""http://docs.magento.com/m2/ce/user_guide/payment/klarna.html"" target=""_blank"">Klarna</a>, zmniejsz stres związany z zakupami i popraw swoje doświadczenia zakupowe dzięki kilku opcjom finansowania detalicznego i płatności bezpośrednich, które można łatwo zintegrować z istniejącą ścieżką zakupową. Kupujący mogą wybrać płatność teraz za pomocą płatności online lub polecenia zapłaty, zapłacić później za pomocą faktury lub zapłacić w ratach.</p>
                        <ul>
                        <li><span>Klienci nigdy nie opuszczają Twojej witryny i cieszą się płynniejszymi zakupami.</span></li>
                        <li><span>Łatwy proces aplikacji z możliwością płatności w czasie zwiększa średnią wartość zamówienia i współczynniki konwersji.</span></li>
                        <li><span>Przyjmuje na siebie całe ryzyko kredytowe i ryzyko oszustwa oraz zapewnia zapłatę za zamówione towary.</span></li>
                        <li><span>Ready for all devices, and enables shoppers to use their Klarna account at any Klarna merchant with just a few clicks.</span></li>
                        <li><span>Szybka i łatwa konfiguracja, bezpośrednio z poziomu administratora Magento.</span></li>
                        </ul>
                        "
"Sales and Use Tax Automation","Automatyzacja podatku od sprzedaży i użytkowania"
"
                        <p><a href=""http://docs.magento.com/m2/ce/user_guide/tax/vertex.html"" target=""_blank"">Vertex Cloud</a> combines sophisticated software with an exceptional team of tax experts to help Magento merchants simplify the sales tax process, and comply with ever-changing tax laws. Merchants can easily access and configure Vertex Cloud from the Magento Admin to meet complex tax challenges.</p>
                        <ul>
                        <li><span>Seamless integration with award-winning support for simple-to-complex tax needs.</span></li>
                        <li><span>Automatically comply with the latest tax rules for each product and every jurisdiction.</span></li>
                        <li><span>Perform tax calculations and generate signature-ready PDF returns in one solution.</span></li>
                        <li><span>No penalty to merchants for tax estimates from abandoned carts.</span></li>
                        <li><span>Flexible deployment options fit the needs of your organization in the cloud, or on premises.</span></li>
                        </ul>
                        ","
                        <p><a href=""http://docs.magento.com/m2/ce/user_guide/tax/vertex.html"" target=""_blank"">Vertex Cloud</a> łączy zaawansowane oprogramowanie z wyjątkowym zespołem ekspertów podatkowych, aby pomóc sprzedawcom Magento uprościć proces podatku od sprzedaży i zachować zgodność z ciągle zmieniającymi się przepisami podatkowymi. Sprzedawcy mogą łatwo uzyskać dostęp i skonfigurować Vertex Cloud z poziomu administratora Magento, aby sprostać złożonym wyzwaniom podatkowym.
                        <ul>
                        <li><span>Bezproblemowa integracja z wielokrotnie nagradzanym wsparciem dla prostych i złożonych potrzeb podatkowych.</span></li>
                        <li><span>Automatyczna zgodność z najnowszymi przepisami podatkowymi dla każdego produktu i każdej jurysdykcji.</span></li>
                        <li><span>Wykonywanie obliczeń podatkowych i generowanie gotowych do podpisu deklaracji PDF w jednym rozwiązaniu.</span></li>
                        <li><span>Brak kar dla sprzedawców za szacunki podatkowe z porzuconych koszyków.</span></li>
                        <li><span>Elastyczne opcje wdrożenia dopasowane do potrzeb organizacji w chmurze lub lokalnie.</span></li>
                        </ul>
                        "
"What's new with Magento 2.2.2","Co nowego w Magento 2.2.2"
"
                        <p>Magento 2.2.2 offers advanced new features, including:</p>
                        <br />
                        <div class=""analytics-highlight"">
                        <h3>Advanced Reporting</h3>
                        <p>Gain valuable insights through a dynamic suite of product, order, and customer reports,
                        powered by Magento Business Intelligence.</p>
                        </div>
                        <div class=""instant-purchase-highlight"">
                        <h3>Instant Purchase</h3>
                        <p>Simplify ordering and boost conversion rates by allowing your customers to use stored
                        payment and shipping information to skip tedious checkout steps.</p>
                        </div>
                        <div class=""email-marketing-highlight"">
                        <h3>Email Marketing Automation</h3>
                        <p>Send smarter, faster email campaigns with marketing automation from dotmailer, powered by
                        your Magento store's live data.</p>
                        </div>
                        <p>Release notes and additional details can be found at
                        <a href=""http://devdocs.magento.com/"" target=""_blank"">Magento DevDocs</a>.
                        </p>
                        ","
                        <p>Magento 2.2.2 oferuje nowe zaawansowane funkcje, w tym:</p>
                        <br />
                        <div class=""analytics-highlight"">
                        <h3>Zaawansowane raportowanie</h3>
                        <p>Zdobądź cenne informacje dzięki dynamicznemu zestawowi raportów dotyczących produktów, zamówień i klientów,
                        obsługiwanych przez Magento Business Intelligence.</p>
                        </div>
                        <div class=""instant-purchase-highlight"">
                        <h3>Zakup natychmiastowy</h3>
                        <p>Uprość składanie zamówień i zwiększ współczynniki konwersji, umożliwiając klientom korzystanie z zapisanych informacji o
                        płatności i informacji o wysyłce, aby pominąć żmudne kroki przy kasie.</p>
                        </div>
                        <div class=""email-marketing-highlight"">
                        <h3>Email Marketing Automation</h3>
                        <p>Wysyłaj inteligentniejsze, szybsze kampanie e-mailowe dzięki automatyzacji marketingu od dotmailer, zasilanej przez
                        dane na żywo ze sklepu Magento.</p>
                        </div>
                        <p>Informacje o wydaniu i dodatkowe szczegóły można znaleźć na stronie
                        <a href=""http://devdocs.magento.com/"" target=""_blank"">Magento DevDocs</a>.
                        </p>
                        "
"Advanced Reporting","Zaawansowane raportowanie"
"<p>Advanced Reporting
                        provides you with a dynamic suite of reports with rich insights about the health of your
                        business.</p><br /><p>As part of the Advanced Reporting service, we may also use your customer
                        data for such purposes as benchmarking, improving our products and services, and providing you
                        with new and improved analytics.</p><br /><p>By using Magento 2.2.2, you agree to the Advanced
                        Reporting <a href=""https://magento.com/legal/terms/privacy"" target=""_blank"">Privacy Policy</a>
                        and <a href=""https://magento.com/legal/terms/cloud-terms"" target=""_blank"">Terms
                        of Service</a>. You may opt out at any time from the Stores Configuration page.</p>
                        ","<p>Zaawansowane raportowanie
                        zapewnia dynamiczny zestaw raportów z bogatym wglądem w kondycję Twojej firmy.
                        biznesu.</p><br /><p>W ramach usługi Advanced Reporting możemy również wykorzystywać dane klientów do takich celów, jak analiza porównawcza
                        dane klientów do takich celów, jak analiza porównawcza, ulepszanie naszych produktów i usług oraz dostarczanie nowych i ulepszonych analiz.
                        nowych i ulepszonych usług analitycznych.</p><br /><p>Korzystając z Magento 2.2.2, wyrażasz zgodę na zaawansowane raportowanie.
                        Reporting <a href=""https://magento.com/legal/terms/privacy"" target=""_blank"">Politykę prywatności</a>.
                        i <a href=""https://magento.com/legal/terms/cloud-terms"" target=""_blank"">Terms
                        świadczenia usług</a>. Możesz zrezygnować w dowolnym momencie na stronie konfiguracji sklepów.</p>
                        "
"
                        <p>Now you can deliver an Amazon-like experience with a new, streamlined checkout option.
                        Logged-in customers can use previously-stored payment credentials and shipping information
                        to skip steps, making the process faster and easier, especially for mobile shoppers. Key
                        features include:
                        </p>
                        <ul>
                        <li><span>Configurable “Instant Purchase” button to place orders.</span></li>
                        <li><span>Support for all payment solutions using Braintree Vault, including Braintree Credit
                        Card, Braintree PayPal, and PayPal Payflow Pro.</span></li>
                        <li><span>Shipping to the customer’s default address using the lowest cost, available shipping
                        method.</span></li>
                        <li><span>Ability for developers to customize the Instant Purchase business logic to meet
                        merchant needs.</span></li>
                        </ul>
                        ","
                        <p>Teraz możesz dostarczyć doświadczenie podobne do Amazon dzięki nowej, usprawnionej opcji płatności.
                        Zalogowani klienci mogą korzystać z wcześniej zapisanych danych uwierzytelniających płatności i informacji o wysyłce.
                        aby pominąć kolejne kroki, dzięki czemu proces jest szybszy i łatwiejszy, szczególnie dla kupujących mobilnie. Kluczowe
                        funkcje obejmują:
                        </p>
                        <ul>
                        <li><span>Konfigurowalny przycisk ""Natychmiastowy zakup"" do składania zamówień.</span></li>
                        <li><span>Wsparcie dla wszystkich rozwiązań płatniczych korzystających z Braintree Vault, w tym Braintree Credit Card, Braintree PayPal i PayPal Payflow Pro.</span></li>.
                        kartą kredytową, Braintree PayPal i PayPal Payflow Pro.</span></li>
                        <li><span>Wysyłka na domyślny adres klienta przy użyciu najtańszej dostępnej metody wysyłki.
                        metody wysyłki.</span></li>
                        <li><span>Możliwość dostosowania logiki biznesowej Instant Purchase do potrzeb handlowców.</span></li>.
                        potrzeb sprzedawcy.</span></li>
                        </ul>
                        "
"Email Marketing Automation","Automatyzacja marketingu e-mailowego"
"
                        <p>Unlock an unparalleled level of insight and control of your eCommerce marketing with
                        dotmailer Email Marketing Automation. Included with Magento 2.2.2 for easy set-up, dotmailer
                        ensures every customer’s journey is captured, segmented, and personalized, enabling you to
                        deliver customer-centric campaigns that beat your results over and over again. Benefits include:
                        </p>
                        <ul>
                        <li><span>No obligation 14-day trial.</span></li>
                        <li><span>Automation campaigns using your live Magento store data that drive revenue,
                        including abandoned cart, abandoned browse, product replenishment, and many more.</span></li>
                        <li><span>Built-in solution for transactional emails.</span></li>
                        <li><span>Telephone support and advice from marketing experts included.</span></li>
                        </ul>
                        ","
                        <p>Odblokuj niezrównany poziom wglądu i kontroli nad marketingiem eCommerce dzięki
                        dotmailer Email Marketing Automation. Dołączony do Magento 2.2.2 w celu łatwej konfiguracji, dotmailer
                        zapewnia, że każda podróż klienta jest przechwytywana, segmentowana i spersonalizowana, umożliwiając
                        dostarczanie kampanii zorientowanych na klienta, które wielokrotnie przewyższają Twoje wyniki. Korzyści obejmują:
                        </p>
                        <ul>
                        <li><span>Bez zobowiązań 14-dniowy okres próbny.</span></li>
                        <li><span>Kampanie automatyzacji wykorzystujące dane sklepu Magento na żywo, które zwiększają przychody,
                        w tym porzucony koszyk, porzucone przeglądanie, uzupełnienie produktu i wiele innych.</span></li>
                        <li><span>Wbudowane rozwiązanie dla transakcyjnych wiadomości e-mail.</span></li>
                        <li><span>Dołączone wsparcie telefoniczne i porady ekspertów ds. marketingu.</span></li>
                        </ul>
                        "
"Sorry, we had a problem loading our “What’s new” content.","Przepraszamy, wystąpił problem z załadowaniem zawartości ""Co nowego""."
"
                        <p>We’ll try to show it again the next time you sign in to Magento Admin.</p>
                        <p>To learn more about new features, see our latest Release Notes in
                        <a href=""http://devdocs.magento.com/magento-release-information.html""
                        target=""_blank"">DevDocs' Release Information</a>.
                        </p>","
                        <p>Postaramy się pokazać go ponownie przy następnym logowaniu do Magento Admin.</p>
                        <p>Aby dowiedzieć się więcej o nowych funkcjach, zapoznaj się z naszymi najnowszymi informacjami o wersji w
                        <a href=""http://devdocs.magento.com/magento-release-information.html""
                        target=""_blank"">Informacje o wydaniu DevDocs</a>.
                        </p>"
"
                        <p>We’ll try to show it again the next time you sign in to Magento Admin.</p>
                        <p>To learn more about new features, see our latest Release Notes in
                        <a href=""https://devdocs.magento.com/magento-release-information.html""
                        target=""_blank"">DevDocs' Release Information</a>.
                        </p>","
                        <p>Postaramy się pokazać go ponownie przy następnym logowaniu do Magento Admin.</p>
                        <p>Aby dowiedzieć się więcej o nowych funkcjach, zapoznaj się z naszymi najnowszymi informacjami o wersji w
                        <a href=""https://devdocs.magento.com/magento-release-information.html""
                        target=""_blank"">Informacje o wydaniu DevDocs</a>.
                        </p>"
"This rule is assigned to %1 automated reminder rule(s). Deleting this rule will automatically unassign it.","Powiązane reguły automatycznego przypomnienia: %1. Usunięcie pozycji spowoduje usunięcie tych powiązań."
"Automated Email Marketing Reminder Rules","Edytuj zasady automatycznego przypominania reguł marketingowych email"
"Are you sure you want to match this rule now?","Czy na pewno chcesz dopasować tę regułę?"
"No more than %1 customers may receive the reminder email after this action.","Liczba klientów, która może otrzymać e-mail z przypomnieniem po tej akcji: %1."
"Run Now","Uruchom teraz"
"Edit Rule '%1'","Edytuj regułę '%1'"
"Email Reminder Rule","Reguła przypomnienia e-mail"
"You need to set at least one condition for this rule to work.","Reguła do działania potrzebuje ustawionego przynajmniej jednego warunku."
"Matched At",Dopasowano
"Thread Active","Wątek Aktywny"
Coupon,Kupon
"Coupon Use Limit","Limit wykorzystania kuponu"
"Coupon Use Per Customer","Wykorzystania kupon na klienta"
"Emails Sent","E-mail Wysłany"
"Emails Failed","E-maile nie powiodły się"
"Last Sent","Ostatnio wysłane"
"Reminder emails may promote a cart price rule with or without a coupon. If a cart price rule defines an auto-generated coupon, this reminder rule will generate a random coupon code for each customer.","E-mail z przypomnieniem może promować regułę cenową koszyka z kuponem lub bez. Jeśli taka reguła definiuje automatycznie generowany kupon, przypomnienie wygeneruje kod kuponu dla każdego klienta."
"Cart Price Rule","Reguły cenowe koszyka"
"Promotion rule this reminder will advertise.","Reguły promocyjne, które to przypomnienie będzie reklamowało."
"Repeat Schedule","Powtórz harmonogram"
"Enter the number of days until the email reminder rule is retriggered if conditions still match (Ex: Enter ""7, 14"" to trigger emails in 7 days, and then 14 days after that).","Wprowadź liczbę dni, po których przypomnienie e-mail zostanie ponownie wysłane, jeśli jej reguła jest nadal spełniana (Np.: Wprowadź ""7, 14"" by wysłać e-mail wpierw za 7 dni, a następnie 14 dni później)."
"Select Rule...","Wybierz regułę..."
"Only customers who have an account for a store view will receive emails related to that store view.","Tylko klienci, którzy mają konto na widok sklepu otrzymają e-maile związane z tym widokiem sklepu."
"Default Titles and Description","Domyślne tytuły i opisy"
"You can find and edit rule label and descriptions, per store view, in email templates.","Można znaleźć i edytować reguły etykiet i opisów, w widoku sklepu, w szablonach wiadomości e-mail."
"Rule Title for All Store Views","Tytuł reguły dla wszystkich widoków sklepu"
"Rule Description for All Store Views","Opis reguły dla wszystkich widoków sklepu"
"Titles and Descriptions Per Store View","Tytuły i opisy dla widoku sklepu"
"Overrides default titles and descriptions. Note that if an email template is not specified for this store view, the respective variable values will be deleted.","Zastępuje domyślne tytuły i opisy. Należy zauważyć, że jeśli szablonu wiadomości e-mail nie jest określony dla tego widoku magazynu, odpowiednich wartości zmiennych zostaną usunięte."
"Emails and Labels","E-maile i etykiety"
"Matched Customers","Pasujący klienci"
"Please correct the reminder rule you requested.","Proszę poprawić żądaną regułę przypomnień."
"You deleted the reminder rule.","Reguła przypomnień została usunięta."
"We can't delete the reminder rule right now.","W tej chwili nie możemy usunąć reguły przypomnień."
"Reminder Rules","Reguły przypomnień"
"Email Reminders","Przypomnienia e-mail"
"New Reminder Rule","Nowa reguła przypomnień"
"You matched the reminder rule.","Dopasowana reguła przypomnień."
"Reminder rule matching error.","Pasujące zasady błędów przypomnień."
"You saved the reminder rule.","Zapisałeś reguły przypomnień."
"We could not save the reminder rule.","Nie można zapisać reguły przypomnień."
"Minute Intervals","Interwał minutowy"
Hourly,"Co godzinę"
"5 minutes","5 minut"
"10 minutes","10 minut"
"15 minutes","15 minut"
"20 minutes","20 minut"
"30 minutes","30 minut"
for,dla
"for greater than","dla większych niż"
"for or greater than","dla równego lub większego niż"
"Shopping cart is not empty and abandoned %1 %2 days and %3 of these conditions match:","Koszyk jest pusty i został opuszczony %1 %2 dni i %3 tych warunków:"
"The root shopping cart condition should have a days value of 0 or greater.","Stan koszyka zakupów korzeń powinien mieć wartość dni 0 lub większa."
"Total Amount","Łączna wartość"
subtotal,"suma częściowa"
"grand total",ogółem
"Shopping cart %1 amount %2 %3:","Zakupy koszyka %1 na kwotę %2 %3:"
"Unknown quote total specified","Nieznana suma podanych kwotowań"
"Numeric Attribute","Atrybut numeryczny"
weight,waga
"row weight","wiersz wagi"
quantity,ilość
"base price","cena bazowa"
"base cost","podstawowy koszt"
"Item %1 %2 %3:","Produkt %1 %2 %3:"
"Unknown attribute specified","Określono nieznany atrybut"
"Items Subselection","Produkty Podselekcji"
"Coupon Code","Kod kuponu"
"Shopping cart %1 a coupon applied","Zakupy koszyka %1 kupony zastosowane"
"Cart Line Items","Pozycje koszyka"
"Number of shopping cart line items %1 %2:","Liczba linii pozycji w koszyku %1 %2:"
"Item SKU %1 %2 ","Produkt SKU %1 %2 "
"The item was added to shopping cart %1, store view %2.","Element został dodany do koszyka zakupowego %1, widok sklepu %2."
"not from","nie stąd"
"If an item is %1 in the shopping cart and %2 of these conditions match:","Jeśli produkt jest %1 w koszyku zakupowym i %2 jedne z tych warunków daje prawdę:"
"Items Quantity","Ilość produktów"
"Total shopping cart items quantity %1 %2:","Suma ilości koszyka zakupowego %1 %2:"
"Virtual Only","Tylko wirtualne"
"Shopping cart %1 only virtual items","koszyk %1 tylko wirtualne przedmioty"
"The wish list is not empty and abandoned %1 %2 days and %3 of these conditions match:","Lista życzeń nie jest pusta i została opuszczona %1 %2 dni i %3 tych warunków:"
"The root wish list condition should have a days value of 1 or greater.","Stan listy życzeń powinien mieć wartość dni 1 lub większą."
"Number of Items","Ilość produktów"
"Number of wish list items %1 %2 ","Liczba elementów listy życzeń %1 %2 "
Sharing,Udostępnianie
"Wish List %1 shared","Lista życzeń %1 udostępniona"
is,jest
"is not","nie jest"
"The item was added to wish list %1, store view %2.","Produkt został dodany do listy życzeń %1, widok sklepu %2 "
"If an item is %1 in the wish list and %2 of these conditions match:","Jeśli produkt jest %1 w liście życzeń i %2 jedne z tych warunków daje prawdę:"
"Condition type is unexpected","Typ warunku jest nieakceptowany"
"Please specify a valid number of minute.","Podaj prawidłową liczbę minut."
"Unable to save Cron expression","Nie można zapisać wyrażenia Cron"
"<b>Important</b>: If you select ""Use Auto Generation"", this rule will no longer be used in any automated email reminder rules for abandoned carts","<b>Ważne</b>: Jeśli wybierzesz ""Używaj automatycznej generacji"", ta reguła nie będzie już używana w żadnej z reguł automatycznych e-maili przypominających dla porzuconych koszyków"
"Validate error 1","Błąd walidacji 1"
"Validate error 2","Błąd walidacji 2"
"Promotion reminder at %store_name","Przypomnienie o promocji w %store_name"
"Hurry up to take advantage of our %promotion_name promotion!","Pospiesz się, aby skorzystać z naszej promocji %promotion_name!"
"Hurry up to take advantage of this promotion!","Pospiesz się, aby skorzystać z tej promocji!"
"To take advantage of the promotion you need to sign in at <a href=""%account_url"">%store_name</a> and apply the coupon ""%coupon_code"" in the shopping cart.","Aby skorzystać z promocji, należy zalogować się na <a href=""%account_url"">%store_name</a> i zastosować kupon ""%coupon_code"" w koszyku."
"To take advantage of the promotion you need to sign in at <a href=""%account_url"">%store_name</a>","Aby skorzystać z promocji należy zalogować się na stronie <a href=""%account_url"">%store_name</a>."
"This coupon can be used only up to %coupon_limit time(s) by you or other customers.","Ten kupon może być wykorzystany tylko do %coupon_limit czas(y) przez Ciebie lub innych klientów."
"You can use this coupon up to %coupon_limit time(s).","Możesz użyć tego kuponu do %coupon_limit czas(y)."
"Promo Section","Sekcja promocji"
"Automated Email Reminder Rules","Edytuj zasady automatycznego przypominania"
"Enable Reminder Emails","Włącz przypomnienia e-mail"
Interval,Interwał
"Set this value equal or greater to your Magento cron job launch period.","Ta wartość równa lub większa od twojego rozpoczęcia okresu Magento cron job."
"Minute of the Hour","Minuty, godziny"
"Valid range: 0-59 (default 0).","Prawidłowy zakres: 0-59 (domyślnie 0)."
"Maximum Emails per One Run","Maksymalna ilość e-maili na jednym uruchomieniu"
"Email Send Failure Threshold","Próg awarii wysyłania e-mail"
"Make sure to enter a limit value, or reminder emails will be re-issued to customers in a loop.","Upewnij się, że wartość graniczna jest wprowadzona. W innym wypadku e-maile przypominające będą ponownie wysyłane do klientów w pętli."
"Reminder Email Sender","Nadawca e-maili przypominających"
"The attribute specified is unknown. Verify the attribute and try again.","Podany atrybut jest nieznany. Zweryfikuj atrybut i spróbuj ponownie."
"The valid number of minutes needs to be entered. Enter and try again.","Należy wprowadzić prawidłową liczbę minut. Wprowadź i spróbuj ponownie."
"The Cron expression was unable to be saved.","Wyrażenie Cron nie mogło zostać zapisane."
"New Accounts","Nowe konta"
"Customers by number of orders","Klienci wg liczby zamówień"
"Customers by Orders Total","Klienci wg sumy zamówień"
"Date Used","Data użycia"
Period,Okres
"Empty Rows","Puste rzędy"
"Invalid date specified","Wybrana data jest nieprawidłowa"
"We can't find records for this period.","Nie udało się znaleźć wpisów z tego okresu."
"Show Reviews","Pokaż opinie"
"Products Report","Raport produktów"
Purchases,Zamówienia
"Low stock","Mało produktów"
"Products Ordered","Zamówieone produkty"
"Most Viewed","Najczęściej oglądane"
"Show Report","Pokaż raport"
"Refresh Statistics","Odśwież statystyki"
"Customers Reviews","Opinie klientów"
"Reviews for %1","Opinie %1"
Detail,Szczegół
"Products Reviews","Opinie produktów"
"Products Bestsellers Report","Raport bestsellerów"
"Order Quantity","Ilość zamawień"
"Coupons Usage Report","Raport wykorzystania kuponów"
"Price Rule","Reguła cenowa"
"Sales Subtotal","Suma częściowa sprzedaży"
"Sales Discount","Zniżka sprzedażowa"
"Sales Total","Sprzedaż łącznie"
"Total Invoiced vs. Paid Report","Raport łącznie zafakturowanych kontra opłacone"
"Invoiced Orders","Zafakturowane zamówienia"
"Total Invoiced","Łącznie zafakturowane"
"Paid Invoices","Opłacone faktury"
"Unpaid Invoices","Niezapłacone faktury"
"Total Refunded Report","Raport łącznie zrefundowanych"
"Refunded Orders","Zwrot zamówienia"
"Total Refunded","Łącznie zwrócono"
"Online Refunds","Zwroty online"
"Offline Refunds","Zwroty offline"
"Total Ordered Report","Raport łącznie zamówionych"
"Sales Items","Produkty sprzedaży"
Profit,Zysk
Paid,Zapłacono
"Sales Tax","Podatek sprzedaży"
"Sales Shipping","Dostawa sprzedaży"
"Total Shipped Report","Raport łącznie dostarczonych"
Carrier/Method,Dostawca/metoda
"Total Sales Shipping","Łączne dostawy sprzedaży"
"Total Shipping","Łączna dostawa"
"Order Taxes Report Grouped by Tax Rate","Raport podatków zamówienia pogrupowany wg stawki podatku"
"Tax Amount","Wartość podatku"
"Abandoned carts","Porzucone koszyki"
"Applied Coupon","Zastosowane kupony"
"Products in carts","Produkty w koszyku"
"Wish List Purchase","Lista życzeń zakupu"
"Wish List vs. Regular Order","Lista życzeń względem zwykłego zamówienia"
"Times Deleted","Razy Usuwane"
"Index type is not valid","Typ indeksu nie jest prawidłowa"
"Last updated: %1. To refresh last day's <a href=""%2"">statistics</a>, click <a href=""%3"">here</a>.","Ostatnia aktualizacja: %1. Aby odświeżyć <a href=""%2"">statystyki</a> z ostatniego dnia, kliknij <a href=""%3"">tutaj</a>."
"New Accounts Report","Nowy raport konta"
"Customers by Number of Orders","Klienci wg liczby zamówień"
"Order Count Report","Raport liczby zamówień"
"Order Total Report","Raport liczby zamówień"
"Downloads Report","Pobierz raport"
"Low Stock","Mało produktów"
"Low Stock Report","Niski zasób raportu"
"Ordered Products Report","Raport zamówionych produktów"
"Products Most Viewed Report","Raport najczęściej oglądanych produktów"
"Product Views Report","Raport oglądanych produktów"
"An error occurred while showing the product views report. Please review the log and try again.","Wystąpił błąd podczas pokazywania raportów wyświetleń produku. Prosimy przejrzeć logi i spróbować ponownie."
Review,Opinia
Reviews,Opinie
"Customers Report","Raporty klientów"
"Customer Reviews Report","Raport Opinii klientów"
"Product Reviews Report","Raport ocenianych produktów"
"Product Reviews",Opinie
"Bestsellers Report","Raport Bestsellerów "
Coupons,Kupony
"Coupons Report","Raport kuponów"
"Invoice Report","Raportu faktur"
"Refunds Report","Raport zwrotów"
"Sales Report","Raport sprzedaży"
"Orders Report","Raport zamówień"
"Shipping Report","Raport dostaw"
"Tax Report","Raport podatkowy"
"Abandoned Carts","Porzucone koszyki"
"Customer Shopping Carts","Koszyki klienta"
"Products in Carts","Produkty w koszyku"
Statistics,Statystyki
"No report code is specified.","Nie wybrano kodu raportu."
"You refreshed lifetime statistics.","Odświeżyłeś statystyki życia."
"Recent statistics have been updated.","Najnowsze statystyki zostały uaktualnione."
"We can't refresh recent statistics.","Nie możemy odświeżyć ostatnich statystyk."
"The product type filter specified is incorrect.","Filtr typu produktu, jest niepoprawnie określony."
"Order Taxes Report Grouped by Tax Rates","Raport podatków zamówienia pogrupowany wg stawek podatku"
"Total Invoiced VS Paid Report","Raport łącznie zafakturowanych kontra opłacone"
"Promotion Coupons Usage Report","Raport wykorzystania kuponów promocyjnych"
"Most Viewed Products Report","Raport najczęściej oglądanych produktów"
"Show By","Pokaż wg"
"Select Date","Wybierz datę"
"Customers that have Wish List: %1","Klienci posiadający schowek: %1"
"Number of Wish Lists: %1","Liczba schowków: %1"
"Number of items bought from a Wish List: %1","Ilość produktów zakupionych ze schowka: %1"
"Number of times Wish Lists have been shared (emailed): %1","Ilość razy kiedy zawartość schowka została wysłana do innych: %1"
"Number of Wish List referrals: %1","Ilość osób poleconych za pośrednictwem schowka: %1"
"Number of Wish List conversions: %1","Ilość osób poleconych za pośrednictwem schowka: %1"
"Show Report For:","Pokaż raport dla:"
"Products in Cart","Produkty w koszyku"
"Abandoned Cart","Porzucone koszyki"
"Search Terms","Szukane frazy"
"By Customers",Klienci
"By Products",Produkty
Refunds,Zwroty
"Order Count","Liczba zamówień"
"Show for Current","Pokazuj dla bieżącego"
"Default Recently Viewed Products Count","Domyślny licznik ostatnio oglądanych produktów"
"Default Recently Compared Products Count","Domyślny licznik ostatnio porównywanych produktów"
"Year-To-Date Starts","Rok-do-daty zaczyna się"
"Current Month Starts","Bieżący miesiąc zaczyna się"
"Select day of the month.","Wybierz dzień miesiąca."
"Stock Quantity","Ilość w magazynie"
"Ordered Quantity","Zamówiona ilość"
"The report displays the top 5 most viewed products for each interval.","Raport wyświetla top 5 najczęściej oglądane produkty dla każdego interwału."
"For accurate reporting, be sure to refresh lifetime statistics whenever you change the time zone.","Dla dokładnego raportowania, należy odświeżyć życia statystyki po zmianie strefy czasowej."
"Average (Approved)","Średnia (zatwierdzone)"
"Last Review","Ostatnia recenzja"
"Order Created","Data utworzenia zamówienia"
"Order Updated","Data aktualizacji zamówienia"
"The Order Updated report is created in real time and does not require a refresh.","Kolejność zaktualizowany raport jest tworzony w czasie rzeczywistym i nie wymagają odświeżenia."
"Last Invoice Created Date","Data utworzenie ostatniej faktury"
"Last Credit Memo Created Date","Data utworzenie ostatniej faktury korygującej"
"First Invoice Created Date","Data wystawienia pierwszej faktury"
"Refresh Lifetime Statistics","Odśwież całkowite statystyki"
"Are you sure you want to refresh lifetime statistics right now? This operation may slow down your customers' shopping experience.","Czy na pewno chcesz odświeżania statystyki teraz? Ta operacja może spowalniać zakupy twoim klientom."
"Refresh Statistics for the Last Day","Odśwież statystyki dla ostatniego dnia"
"Are you sure you want to refresh statistics for the last day?","Czy na pewno chcesz odświeżyć statystyki za ostatni dzień?"
undefined,niezdefiniowany
"Best Sellers Report","Raport bestsellerów"
"List of Products Recently Viewed by Visitor","Lista produktów ostatnio przeglądanych przez odwiedzającego"
"Number of Products to display","Liczba produktów do wyświetlenia"
"Viewed Products Grid Template","Szablon siatki wyświetlanych produktów"
"Viewed Products List Template","Szablon listy wyświetlanych produktów"
"Viewed Products Images and Names Template","Szablon obrazów i nazw wyświetlanych produktów"
"Viewed Products Names Only Template","Szablon zawierający tylko nazwy wyświetlanych produktów"
"Viewed Products Images Only Template","Szablon zawierający tylko obrazy wyświetlanych produktów"
"List of Products Recently Compared and Removed from the Compare List by Visitor","Lista produktów ostatnio porównywanych i usuniętych z listy porównawczej przez odwiedzającego"
"Compared Products Images and Names Template","Szablon porównujący obrazy i nazwy produktów"
"Compared Product Names Only Template","Szablon porównujący tylko nazwy produktów"
"Compared Product Images Only Template","Szablon porównujący tylko obrazy produktów"
"System configuration is not found for report event type ""%1""","Nie znaleziono konfiguracji systemu dla typu zdarzenia raportu ""%1"""
"Enable Reports","Włącz raporty"
"If disabled, all report events will be disabled","Jeśli opcja ta jest wyłączona, wszystkie zdarzenia raportu zostaną wyłączone"
"Enable ""Product View"" Report","Włącz raport ""Widok produktu"""
"If enabled, will collect statistic of viewed product pages","Jeśli włączone, będzie zbierać statystyki przeglądanych stron produktów."
"Enable ""Send Product Link To Friend"" Report","Włącz raport ""Wyślij link do produktu znajomemu"""
"If enabled, will collect statistic of product links sent to friend","Jeśli włączone, będzie zbierać statystyki linków do produktów wysłanych do znajomych."
"Enable ""Add Product To Compare List"" Report","Włącz raport ""Dodaj produkt do listy porównawczej"""
"If enabled, will collect statistic of products added to Compare List","Jeśli opcja ta jest włączona, będzie zbierać statystyki produktów dodanych do listy porównawczej."
"Enable ""Product Added To Cart"" Report","Włącz raport ""Produkt dodany do koszyka"""
"If enabled, will collect statistic of products added to Cart","Jeśli włączone, będzie zbierać statystyki produktów dodanych do koszyka."
"Enable ""Product Added To WishList"" Report","Włącz raport ""Produkt dodany do listy życzeń"""
"If enabled, will collect statistic of products added to WishList","Jeśli włączone, będzie zbierać statystyki produktów dodanych do listy życzeń."
"Enable ""Share WishList"" Report","Włącz raport ""Udostępnij listę życzeń"""
"If enabled, will collect statistic of shared WishLists","Jeśli włączone, będzie zbierać statystyki udostępnionych list życzeń."
"Last updated: %1. To refresh last day's <a href=""%2"">statistics</a>, click <a href=""#2"" data-post=""%3"">here</a>.","Ostatnia aktualizacja: %1. Aby odświeżyć <a href=""%2"">statystyki</a> z ostatniego dnia, kliknij <a href=""#2"" data-post=""%3"">tutaj</a>."
"My Requisition Lists","Moje listy zamówień"
"We can't update your requisition list right now.","Nie możemy teraz zaktualizować listy zapotrzebowań."
"We can't add the item to the Requisition List right now: %1.","Nie możemy teraz dodać pozycji do listy zapotrzebowań: %1."
"We can't specify a requisition list.","Nie możemy określić listy zapotrzebowań."
"We can't specify a product.","Nie możemy określić produktu."
"You added %1 item(s) to your shopping cart.","Dodano %1 produktów do koszyka."
"We can't configure the product right now.","Nie można teraz skonfigurować produktu."
"%1 item(s) were copied to %2","Elementy %1 zostały skopiowane do %2"
"%1 item(s) were added to the ""%2""","%1 element(y) został(y) dodany(e) do ""%2"""
"%1 item(s) were moved to %2","Elementy %1 zostały przeniesione do %2"
"Requisition Lists","Listy zapotrzebowań"
"Requisition List","Lista zapotrzebowań"
"Invalid item option format.","Nieprawidłowy format opcji elementu."
"Could not save Requisition List","Nie można zapisać listy zamówień"
"Cannot delete Requisition List with id %1","Nie można usunąć listy zapotrzebowań o id %1"
"Cannot specify product.","Nie można ustalić produktu."
"%1 has been updated in your requisition list.","%1 zostało zaktualizowane na liście zapotrzebowań."
"Product %1 has been added to the requisition list %2.","Produkt %1 został dodany do listy zapotrzebowań %2."
"Options were updated. Please review available configurations.","Opcje zostały zaktualizowane. Przejrzyj dostępne konfiguracje."
"Could not save Requisition List. Maximum number of requisition lists was exceeded.","Nie można zapisać listy zapotrzebowań. Przekroczono maksymalną liczbę list zapotrzebowań."
"Warning message.","Komunikat ostrzegawczy."
"Could not save","Nie można zapisać"
"Exception Message","Komunikat o wyjątku"
"Add to Requisition List","Dodaj do listy zamówień"
"Update Requisition List","Aktualizacja listy zamówień"
"Create Requisition List","Tworzenie listy zapotrzebowań"
"Create New Requisition List","Tworzenie nowej listy zapotrzebowań"
Rename,"Zmiana nazwy"
"Rename Requisition List","Zmiana nazwy listy zapotrzebowań"
"in requisition list","na liście zapotrzebowania"
"Update List","Lista aktualizacji"
"Delete Requisition List","Usuń listę zapotrzebowań"
"You have no items in this requisition list.","Na liście zapotrzebowań nie ma żadnych pozycji."
"Edit item",Zmień
"With Selected","Z wybranymi"
"Copy Selected","Kopiuj zaznaczone"
Copy,Kopia
"Move Selected","Przenieś wybrane"
"Remove Selected","Usuń wybrane"
"product(s) require your attention","produkty wymagające uwagi"
"Requisition List Name","Lista zapotrzebowań Nazwa"
"This action cannot be performed because the selected product(s) require attention. You must resolve these issues before you can continue.","Nie można wykonać tej akcji, ponieważ wybrane produkty wymagają uwagi. Przed kontynuowaniem musisz rozwiązać te problemy."
"Please Select Product","Wybierz produkt"
"Please select at least one product to proceed.","Aby kontynuować, wybierz co najmniej jeden produkt."
"B2B Requisition List","Lista zapotrzebowań B2B"
"Enable Requisition List","Włącz listę zapotrzebowań"
"Number of Requisition Lists","Liczba list zapotrzebowań"
"The number of requisition lists should be equal or more than 2.","Liczba list zapotrzebowań powinna być równa lub większa niż 2."
"Name & Description","Nazwa i opis"
"Latest Activity","Najnowsza aktywność"
"You must choose options for your item.","Musisz wybrać opcje dla swojego przedmiotu."
"Save Review","Zapisz recenzję"
"New Review","Nowa opinia"
"Review Details","Szczegóły recenzji"
"Product Rating","Ocena produktu"
Nickname,Autor
"Summary of Review","Podsumowanie recenzji"
"Save and Previous","Zapisz i do poprzedniego"
"Save and Next","Zapisz i do następnego"
"Delete Review","Usuń recenzję"
"Edit Review '%1'","Edytuj opinię '%1'"
"<a href=""%1"" onclick=""this.target='blank'"">%2 %3</a> <a href=""mailto:%4"">(%4)</a>","<a href=""%1"" onclick=""this.target='blank'"">%2 %3</a> <a href=""mailto:%4"">(%4)</a>."
Author,Autor
"Summary Rating","Podsumowanie oceny"
"Detailed Rating","Szczegółowa ocena"
"Update Status","Aktualizuj status"
"Pending Reviews of Customer `%1`","Oczekujące opinie Klienta `%1`"
"Pending Reviews","Niezatwierdzone opinie"
"All Reviews of Customer `%1`","Wszystkie opinie Klienta `%1`"
"All Reviews of Product `%1`","Wszystkie opinie produktu `%1`"
"All Reviews","Lista opinii"
"Product Store Name","Nazwa produktu sklepu"
"Manage Ratings","Zarządzaj ocenami"
"Add New Rating","Dodaj nową ocenę"
"Save Rating","Zapisz ocenę"
"Delete Rating","Usuń ocenę"
"Edit Rating #%1","Edytuj ocenę #%1"
"New Rating","Nowa ocena"
"Rating Title","Tytuł oceny"
"Rating Visibility","Widoczność oceny"
"Is Active","Jest aktywna"
"Rating Information","Informacje o ocenie"
"Pending product review(s)","Niezatwierdzone opinie"
"Product: <a href=""%1"" target=""_blank"">%2</a> <br/>","Produkt: <a href=""%1"" target=""_blank"">%2</a> <br/>"
"Summary of review: %1 <br/>","Podsumowanie opinii: %1 <br/>"
"Review: %1 <br/>","Opinia: %1 <br/>"
"Store: %1 <br/>","Sklep: %1 <br/>"
"Click <a href=""%1"">here</a> to see the review.","Kliknij <a href=""%1"">tutaj</a> żeby zobaczyć opinię."
"Product: ""%1"" reviewed by: %2","Produkt: ""%1"" oceniony przez: %2"
"Pending Reviews RSS","RSS oczekujących recenzji"
"Reviews %1","Opinie %1"
"The review has been deleted.","Opinia została usunięta."
"Something went wrong  deleting this review.","Coś poszło nie tak, jak powinno, podczas usuwania opinii."
"Customer Reviews","Opinie klientów"
"Edit Review","Edycja recenzji"
"We can't retrieve the product ID.","Nie możemy pobrać ID produktu."
"Please select review(s).","Wybierz opinię."
"Something went wrong while deleting these records.","Coś poszło nie tak, jak powinno, podczas usuwania tych rekordów."
"Something went wrong while updating these review(s).","Coś poszło nie tak, jak powinno, podczas aktualizacji tych opinii."
"You saved the review.","Opinia została zapisana."
"Something went wrong while saving this review.","Coś poszło nie tak, jak powinno, podczas zapisywania tej opinii."
"The review was removed by another user or does not exist.","Opinia została usunięta przez innego użytkownika lub nie istnieje."
"You deleted the rating.","Możesz usunąć ocenę."
Ratings,Oceny
"You saved the rating.","Zapisano ocenę."
"My Product Reviews","Moje opinie o produktach"
"Cannot initialize product","Nie można zainicjować produktu"
"You submitted your review for moderation.","Dodano swoją recenzję do moderacji."
"We can't post your review right now.","W tej chili nie możemy wysłać Twojej recenzji."
"Storage key was not set","Klucz pamięci nie został ustawiony"
Approved,Zatwierdzony
"Not Approved",Odrzucona
"Please enter a review summary.","Proszę wpisać treść podsumowania opinii."
"Please enter a nickname.","Proszę podaj nick."
"Please enter a review.","Proszę wpisać treść opinii."
"Rating isn't Available","Ocenianie niedostępne"
"Please specify a rating title for a store, or we'll just use the default value.","Proszę podać tytuł dla oceny sklepu, lub zostanie użyta wartość domyślna."
"Assigned Options","Przypisane opcje"
"Option Title:","Tytuł opcji:"
Rating,Ocena
"You have submitted no reviews.","Nie masz jeszcze zgłoszonych żadnych recenzji."
"My Recent Reviews","Moje ostatnie opinie"
"View All","Zobacz wszystkie"
"Average Customer Rating:","Średnia ocena klientów:"
"Your Review","Twoja ocena"
"Submitted on %1","Przekazywane na %1"
"Back to My Reviews","Wróć do swoich recenzji"
"Ratings Review Summary","Podsumowanie przeglądu oceny"
"Be the first to review this product","Oceń ten produkt jako pierwszy"
"Write Your Own Review","Napisz własną recenzję"
"You're reviewing:","Napisz opinię o produkcie:"
"Your Rating","Twoja ocena"
"Submit Review","Dodaj recenzję"
"Only registered users can write reviews. Please <a href=""%1"">Sign in</a> or <a href=""%2"">create an account</a>","Tylko zarejestrowani użytkownicy mogą pisać Recenzje. Proszę <a href=""%1""> Zaloguj się</a> lub <a href=""%2""> Załóż konto</a>"
"Add Your Review","Dodaj swoją recenzję"
"%1 Review(s)","%1 recenzja(i)"
"Review by","Recenzowany przez"
"Posted on","Wysłany na"
"Back to Main Product Info","Wróć do informacji o produkcie"
"Average Customer Rating","Średnia ocena klientów"
"Product Rating:","Ocena produktu:"
"Product Review (submitted on %1):","Recenzja produktu (zgłoszona %1):"
"Back to Product Reviews","Wróć do recenzji produktu"
"Please select one of each of the ratings above.","Wybierz jedną z powyższych ocen."
"Allow Guests to Write Reviews","Pozwól gościom na pisanie recenzji"
"Only registered users can write reviews. Please, <a href=""%1"">Sign in</a> or <a href=""%2"">create an account</a>","Tylko zarejestrowani użytkownicy mogą pisać recenzje. Prosimy o <a href=""%1"">zalogowanie się</a> lub <a href=""%2"">założenie konta</a>."
"The storage key wasn't set. Add the storage key and try again.","Klucz magazynu nie został ustawiony. Dodaj klucz pamięci i spróbuj ponownie."
"Reward Points History","Punkty Zwrotne Historii"
"Expired reward","Wygasłe nagrody"
"No Data","Brak danych"
"Currency Amount",Wartość
"Reward Points Threshold","Punkty zwrotne progu"
"Reward Points Cap","Punkty zwrotne"
"Delete Orphan Points","Usuń porzucone punkty"
"Update Reward Points Balance","Aktualizacja nagrody punktów równowagi"
"Update Points","Aktualizuj Punkty"
"Enter a negative number to subtract from the balance.","Wprowadź liczbę ujemną, aby odjąć od salda."
"Reward Points Notifications","Nagroda punktów powiadomienia"
"Subscribe for Balance Updates","Zapisz się do bilansu aktualizacji"
"Subscribe for Points Expiration Notifications","Zapisz się do punktów ważności powiadomienia"
"Reward Exchange Rates","Kursy wymiany nagrody"
"Add New Rate","Dodaj nowy przelicznik"
"Edit Reward Exchange Rate","Edycja kursu wymiany nagrody"
"New Reward Exchange Rate","Nowy kurs wymiany nagrody"
"Reward Exchange Rate Information","Nagroda kurs wymiany informacji"
Direction,Kierunek
"Use your reward points; %1 are available.","Wykorzystaj swoje punkty nagrody; %1 są dostępne."
"This applies only to registered users and may vary when a user is logged in.","To dotyczy tylko zarejestrowanych użytkowników i mogą się różnić, gdy użytkownik jest zalogowany."
"You removed the orphan points.","Usunięciu sierocych punktów."
"Manage Reward Exchange Rates","Zarządzanie Nagrodą wymiany walut"
"You deleted the rate.","Możesz usunąć regułę."
"You saved the rate.","Zapisałeś stawkę."
"We can't save this rate right now.","Obecnie nie możemy zapisać tej stawki."
"Please enter all rate information.","Proszę podać wszystkie informacje stawki."
"Please enter a positive integer number in the left rate field.","Wprowadź liczbę dodatnią liczbę całkowitą w polu po lewej."
"Please enter a positive number in the right-side rate field.","Proszę wprowadzić liczbę dodatnią w polu po prawej stronie."
"Please enter a positive integer number in the right-side rate field.","Wprowadź liczbę dodatnią całkowitą w polu po prawej stronie."
"Please enter a positive number in the left-side rate field.","Proszę wprowadzić liczbę dodatnią w polu po lewej stronie."
"Sorry, but a rate for the same website, customer group and direction or covering rate already exists.","Przepraszamy, ale stawka dla tej samej strony, grupy klientów i kierunku lub stawka obejmująca już istnieje."
"You removed the reward points from this order.","Punkty premiowe zostały usunięte z tego zamówienia."
"Reward points will not be used in this order.","Punkty premiowe nie zostaną wykorzystane w tej kolejności."
"You saved the settings.","Zapisano ustawienia."
"You can't unsubscribed right now.","Nie możesz się teraz wypisać."
"%1 Reward points (%2)","%1 nagroda punktów (%2)"
"%1 Reward points","%1 - Punkty lojalnościowe"
"Updated by moderator","Zaktualizowane przez moderatora"
"Refunded from order #%1","Zwrócone od zamówienia #%1"
"Points voided at order #%1 refund.","Unieważnione zamówienia #%1 zwrot punktów."
"The invitation to %1 converted into a customer.","Zaproszenie do %1 prze konwertowana na odbiorcę."
"The invitation to %1 converted into an order.","Zaproszenie do %1 zamienione na zamówienie."
"Signed up for newsletter with email %1","Zapisano na newsletter z poczta elektroniczna %1"
"Redeemed for order #%1","Wykupiłem na zamówienie #%1"
"Earned points for order #%1","Zdobytych punktów przy zamówieniu #%1"
"Reverted from incomplete order #%1","Wróciła z niezrealizowanej części zamówienia #%1"
"Registered as customer","Zarejestrowany jako klient"
"For submitting a product review","Za zamieszczanie recenzji produktu"
"Earned promotion extra points from order #%1","Zarobiono promocyjne punkty za zamówienie #%1"
"%1 store reward points available (%2)","%1 punktów lojalnościowych sklepu dostępne (%2)"
"%1 store reward points available","%1 punktów lojalnościowych sklepu dostępne"
"%1 was deducted because of refund.","%1 zostało odliczonych z powodu zwrotu."
"The action ID you enter must be a number.","ID wprowadzonej akcji musi być liczbą."
"You don't have enough reward points to pay for this purchase.","Nie masz wystarczającej ilości punktów by zapłacić za ten zakup."
"Points to Currency","Punkty do waluty"
"Currency to Points","Waluta na punkty"
Each,Każdy
First,Pierwszy
"""Minimum Reward Points Balance"" should be either a positive number or left empty.","""Minimalne saldo punktów premiowych"" powinno być liczbą dodatnią lub pozostać puste."
"""Cap Reward Points Balance"" should be either a positive number or left empty.","""Cap Reward Points Balance"" powinno być liczbą dodatnią lub pozostać puste."
"""Minimum Reward Points Balance"" should be less or equal to ""Cap Reward Points Balance"".","""Minimalne saldo punktów premiowych"" powinno być mniejsze lub równe ""Górnemu saldu punktów premiowych""."
"Customer earned promotion extra %1.","Klient zyskał w promocji dodatkowe %1."
"The customer earned %1 for this order.","Klient zyskał %1 za to zamówienie."
"Reward Points Balance","Nagroda punktów równowagi"
"upper boundary","górna granica"
"Refund Reward Points","Zwróć punkty lojalnościowe"
"Reward Points refunded to customer","Punkty lojalnościowe zwrócone klientowi"
Points,Punkty
"Expires on %1","Ważny do %1"
"There is no balance history.","Nie ma żadnej historii salda."
"Reward points balance Information","Informacje o saldzie punktów lojalnościowych"
"Your balance is %1.","Saldo jest %1."
"Current exchange rates:","Dostosowanie listy walut, ich kursów wymiany i metod płatności:"
"%1 spent = %2 earned","%1 wydane = %2 zyskane"
"Balance limit is %1.","Limitu salda jest %1."
"Maximum balance is reached","Maksymalne saldo zostanie osiągnięte"
"Minimum Balance in order to redeem: %1.","Saldo minimalne aby móc wymienić: %1."
"You need a higher balance to use your rewards points.","Potrzebujesz wyższego salda, by użyć swoich punktów lojalnościowych."
"Each earned reward points award expires in %1 days.","Każde zdobyte punkty lojalnościowe tracą ważność po %1 dniach."
"Refer to reward points history to see when a specific record expires.","Odnieś się do historii punktów lojalnościowych, by sprawdzić kiedy wygasa określony rekord."
"Email Notification Settings","Ustawienia powiadomień e-mail"
"Save Subscription Settings","Zapisz ustawienia subskrypcji"
"Reward Points Balance Updated at %store_name","Aktualizacja salda punktów premiowych w %store_name"
"You have %points_balance points that may be used in our store:","Masz %points_balance punktów, które mogą być używane w naszym sklepie:"
"<a href=""%unsubscription_url"">Unsubscribe</a> from these notifications.","<a href=""%unsubscription_url""> rezygnacja</a> z powiadomień."
"Reward Points Expiry Warning at %store_name","Ostrzeżenie o wygaśnięciu punktów premiowych w %store_name"
"There are %remaining_days day(s) remaining to use %points_expiring of your reward points.","Ilość dni pozostałych do wykorzystania punktów lojalnościowych (%points_expiring): %remaining_days."
"After %remaining_days day(s) these points will expire.","Po % remaining_days dniach te punkty stracą ważność."
"You have a total of %points_balance points that may be used in our store:","Masz w sumie %points_balance punktów, które mogą być używane w naszym sklepie:"
"Reward points","Punkty lojalnościowe"
"Use reward points","Wykorzystaj punkty lojalnościowe"
"Your reward point was successfully applied","Twoje punkty lojalnościowe zostały pomyślnie wykorzystane"
"Manage Reward Points Balances","Zarządzaj saldem punktów lojalnościowych"
"Can Spend Reward Points","Można wydać punkty lojalnościowe"
"Enable Reward Points Functionality","Włącz obsługę punktów lojalnościowych"
"Enable Reward Points Functionality on Storefront","Włącz obsługę punktów lojalnościowych w witrynie sklepowej"
"Customers May See Reward Points History","Klienci mogą zobaczyć historię punktów lojalnościowych"
"Rewards Points Balance Redemption Threshold","Próg wykupu salda punktów lojalnościowych"
"An empty value disables this limitation.","Pusta wartość wyłącza to ograniczenie."
"Cap Reward Points Balance At","Górny limit punktów lojalnościowych"
"Reward Points Expire in (days)","Punkty lojalnościowe stracą ważność za (dni)"
"Reward Points Expiry Calculation","Obliczanie wygaśnięcia ważności punktów lojalnościowych"
"""Static"" defines the expiration date as precisely when the balance increases. ""Dynamic"" does not have an expiration date, but calculates one when the balance is checked for expiry.","""Statyczny"" precyzyjnie definiuje datę końca terminu ważności, gdy saldo wzrasta. ""Dynamiczny"" nie ma takiej daty, ale oblicza ją, gdy saldo jest sprawdzane pod kontem ważności."
"Refund Reward Points Automatically","Automatycznie zwracaj punkty lojalnościowe"
"Deduct Reward Points from Refund Amount Automatically","Automatycznie odlicz punkty lojalnościowe z refundowanej kwoty"
"Actions for Acquiring Reward Points by Customers","Akcje do zdobywania punktów lojalnościowych przez klienta"
Purchase,Zakup
"Added for spent money according to reward exchange rates.","Dodane za wydanie pieniędzy według kursów wymiany nagród."
Registration,Rejestracja
"Newsletter Signup","Zapisz się do Newsletter'a"
"Only for customers who subscribe for the first time.","Tylko dla klientów, którzy zapisują się po raz pierwszy."
"Converting Invitation to Customer","Konwertowanie zaproszenia na klienta"
"Invitation to Customer Conversions Quantity Limit","Limit ilościowy konwersji zaproszeń na klientów"
"Converting Invitation to Order","Konwertowanie zaproszenia na zamówienie"
"Invitation to Order Conversions Quantity Limit","Limit ilościowy konwersji zaproszeń na zamówienia"
"Invitation Conversion to Order Reward","Nagroda za konwersję zaproszenia na zamówienie"
"Review Submission","Oceń przedłożenie"
"After approval by administrator.","Po zatwierdzeniu przez administratora."
"Rewarded Reviews Submission Quantity Limit","Limit ilościowy nagradzania ocen przedłożeń"
"Subscribe Customers by Default","Domyślnie subskrybuj klientów"
"Balance Update Email","E-mail aktualizacji salda"
"Reward Points Expiry Warning Email","E-mail ostrzegający przed utratą ważności przez punkty lojalnościowe"
"Expiry Warning Before (days)","Ostrzeżenie przed wygaśnięciem przed (dni)"
"Entering no value or a value greater than the expiration lifetime disables the warning notification.","Nie podanie wartości, lub wprowadzenie wartości większej niż okres ważności wyłącza powiadomienie ostrzegawcze."
"Reward Points Rates","Stawki punktów lojalnościowych"
"Amount Balance","Bilans salda"
"Add Reward Points","Dodaj punkty lojalnościowe"
"Check out now and earn %1 for this order.","Kup teraz i zyskaj %1 za to zamówienie."
"Create an account on our site now and earn %1.","Utwórz konto w naszym sklepie i zyskaj %1."
"Subscribe to our newsletter now and earn %1.","Zapisz się do naszego newslettera już teraz i zyskaj %1."
"Send this invitation now and earn %s when your invitee signs up on our site.","Wyślij to zaproszenie teraz i zarabiaj %s, gdy zaproszona osoba zarejestruje się na naszej stronie."
"You can reward up to %s invitee registration(s).","Możesz nagrodzić do %s rejestracji zaproszonych osób."
"Earn %s for purchases your invitees make.","Zarabiaj % za zakupy dokonywane przez zaproszone osoby."
"You can reward up to %s invitee purchase(s).","Możesz nagrodzić do %s zakupów zaproszonych osób."
"Submit a review now and earn %1 after the review is approved.","Dodaj swoją recenzję teraz i zyskaj %1 po tym, jak zostanie ona zatwierdzona."
"You can reward up to %1 new reviews(s).","Możesz nagrodzić do %1 nowych recenzji."
"Reward points should be a valid integer number.","Punkty premiowe powinny być prawidłową liczbą całkowitą."
"Send this invitation now and earn %1 when your invitee signs up on our site.","Wyślij to zaproszenie teraz i zyskaj %1, gdy zaproszona osoba zarejestruje się na naszej stronie."
"You can reward up to %1 invitee registration(s).","Możesz nagrodzić maksymalnie %1 rejestracji zaproszonych osób."
"Earn %1 for purchases your invitees make.","Zarabiaj %1 za zakupy dokonane przez zaproszone osoby."
"You can reward up to %1 invitee purchase(s).","Możesz nagrodzić do %1 zakupów zaproszonych osób."
"Sign in now and earn %1 for this order.","Zaloguj się teraz i zgarnij %1 za to zamówienie."
"The ""Minimum Reward Points Balance"" is invalid. The balance needs to be a positive number or left empty. Verify and try again.","""Minimalne saldo punktów premiowych"" jest nieprawidłowe. Saldo musi być liczbą dodatnią lub pustą. Zweryfikuj i spróbuj ponownie."
"The ""Cap Reward Points Balance"" is invalid. The balance needs to be a positive number or left empty. Verify and try again.","Saldo ""Cap Reward Points Balance"" jest nieprawidłowe. Saldo musi być dodatnie lub puste. Sprawdź i spróbuj ponownie."
"The ""Minimum Reward Points Balance"" is invalid. The balance needs to be less than or equal to the ""Cap Reward Points Balance"".","""Minimalne saldo punktów premiowych"" jest nieprawidłowe. Saldo musi być mniejsze lub równe ""Górnemu saldu punktów premiowych""."
Return,Zwrot
Returns,Zwroty
"Create Returns","Utworzyć zwroty"
"Select Items","Wybierz pozycje"
"New Return Request","Nowe żądanie zwrotu"
"Create New RMA for %1 in %2","Utwórz nowe zlecenie RMA dla %1 w %2"
"Create New RMA for %1","Utwórz nowe zlecenie RMA dla %1"
"Create New RMA","Utwórz nowe zlecenie RMA"
"Please Select Order","Proszę wybrać zamówienie"
"Grand Total (Base)","Łączna suma (podstawowy)"
"Grand Total (Purchased)","Łączna suma (zakupu)"
"Are you sure you want to close this returns request?","Czy na pewno chcesz zamknąć ten wniosek zwrotu?"
"Return #%1 - %2","Zwraca #%1 - %2"
"RMA Item Details","Szczegóły produktów zlecenia RMA"
"Submit Comment","Dodaj komentarz"
"Custom Value","Niestandardowa wartość"
"Print Shipping Label","Wydrukuj etykietę wysyłkową"
"Show Packages","Pokaż paczki"
"Return Items","Zwróć produkty"
Returned,Zwrócony
"Return Reason","Powód zwrotu"
"Item Condition","Stan produktu"
Resolution,Zwrot/wymiana
Split,Podział
"Return Information","Informacje o zwrotach"
"You have chosen to change status(es) of the selected RMA requests to Close. Are you sure you want to continue?","Wybrano opcję zmiany statusu\ów wybranych zleceń RMA na zamknięte. Czy jesteś pewnien, że chcesz kontynuować?"
"Return Item Attribute","Cecha pozycji zwrotu"
"Edit Return Item Attribute ""%1""","Edytuj atrybut zwrotu towaru ""%1"""
"New Return Item Attribute","Nowa cecha pozycji zwrotu"
"Submit Returns","Prześlij Odpowiedź"
"Add Selected Product(s) to returns","Dodaj wybrane produkty jako zwrot"
"Remaining Qty","Pozostała liczba"
"Requested Qty","Żądana liczba"
"Reason to Return","Powód zwrotu"
"Add Details","Dodaj szczegóły"
"The wrong RMA was requested.","Został zgłoszony zły RMA."
"This is the wrong RMA order ID.","Zły identyfikator zamówienia RMA."
"Invalid RMA","Błędne zlecenie RMA"
"Please enter a valid message.","proszę wprowadź poprawną wiadomość"
"We cannot add the RMA history.","Nie można dodać historii zleceń RMA."
"Invalid order","Nieprawidłowe zamówienie"
"We can't retrieve the product list right now.","W tej chwili nie możemy pobrać listy produktów."
"Please specify a carrier.","Proszę określić dostawcę."
"Please enter a tracking number.","Proszę wprowadzić kod śledzenia."
"We cannot initialize an RMA to add a tracking number.","My nie może zainicjować RMA do dodania numeru śledzenia."
"We can't add a message right now.","W tej chwili nie możemy dodać wiadomości."
"New Return","Nowy zwrot"
"%1 RMA(s) cannot be closed","%1 zleceń RMA nie może zostać zamkniętych"
"We cannot close the RMA request(s).","Nie można zamknąć żądań RMA."
"%1 RMA (s) have been closed.","%1 zleceń RMA zostało zamkniętych."
"You created a shipping label.","Utworzyłeś adres dostawy."
"We can't create a shipping label right now.","Teraz nie możemy utworzyć etykiety wysyłki."
"Manage RMA Item Attributes","Zarządzaj atrybutami produktów zleceń RMA"
"You deleted the RMA attribute.","Usunięty atrybut RMA."
"We can't delete the RMA item attribute right now.","Nie można teraz usunąć atrybutu produktu RMA."
"Edit Return Item Attribute","Edytuj atrybut zwrotu towaru"
"Returns Attributes","Atrybuty zwrotów"
"New Return Attribute","Nowy atrybut zwrotu"
"You saved the RMA item attribute.","Atrybut produktu RMA został zapisany."
"Something went wrong while saving the RMA item attribute.","Coś się zepsuło podczas zapisywania atrybutu element RMA."
"An attribute with the same code already exists.","Cecha o podanym kodzie już istnieje."
"The wrong RMA item was requested.","Niewłaściwy element RMA został zgłoszony."
"We cannot display the item attributes.","Nie można wyświetlić atrybutów produktu."
"There are no applicable items for return in this order.","Nie ma odpowiednich produktów dla zwrotu tego zamówienia."
"We don't recognize or support the file extension in shipment %1.","Nie możemy rozpoznać lub wesprzeć rozszerzenia pliku tej wysyłki: %1."
"Something went wrong creating a shipping label.","Coś się zepsuło, tworząc etykietę wysyłkową."
"A quantity you're trying to add exceeds the number of products we shipped.","Ilość którą próbujesz dodać przekracza liczbę wysyłanych przez nas produktów."
"Products should be added to package(s)","Produkty powinny zostać dodane do paczek"
"Please enter a valid value.","Podaj prawidłową wartość."
"This is the wrong RMA ID.","Zły identyfikator RMA."
"We cannot display the available shipping methods.","Nie można wyświetlić dostępnych metod wysyłki."
"We cannot initialize an RMA to delete a tracking number.","My nie może zainicjować RMA do usunięcia numeru śledzenia."
"We can't delete the tracking number right now.","W tej chwili nie możemy usunąć numeru śledzenia."
"We can't save this RMA.","Nie możemy zapisać tego RMA."
"You saved the RMA request.","Zapisano żądanie RMA."
"You did not email your customer. Please check your email settings.","Nie utworzono emalia klienta. Proszę sprawdzić ustawienia e-mail."
"You submitted the RMA request.","Zgłoszono żądanie RMA."
"No items for bundle product","Brak przedmiotów dla tego produktu grupowanego"
"The wrong order ID or item ID was requested.","Nieprawidłowy identyfikator zamówienia lub produktu."
"Shipping Labels are not allowed.","Etykiety wysyłkowe nie są dozwolone."
"Please select a valid carrier.","Proszę wybrać prawidłowego przewoźnika."
"Please enter a valid tracking number.","Proszę wprowadzić prawidłowy kod śledzenia przesyłki."
"We can't add a label right now.","W tej chwili nie możemy dodać etykiety."
"You selected the wrong RMA.","Wybrano niewłaściwy RMA."
"We can't create a return transaction for order #%1.","Nie możemy utworzyć transakcji zwrotnej dla zamówienia #%1."
"You submitted Return #%1.","Dodano zwrot #%1."
"We can't create a return right now. Please try again later.","W tej chwili nie możemy utworzyć zwrotu. Proszę spróbować później."
"Create New Return","Utwórz nowe żądanie zwrotu"
"We can't delete the label right now.","W tej chwili nie możemy usunąć etykiety."
"Return #%1","Zwrot #%1"
"Cannot add message.","Nie można dodać wiadomości."
"My Returns","Moje zwroty"
"Tracking Information","Informacje o stanie dostawy"
"Please check this order for errors.","Prosimy o sprawdzenie tego nakazu błędy."
"Contact Email Address","Kontaktowy adres e-mail"
"Could not save the RMA comment.","Nie można zapisać komentarza RMA."
"Could not delete the RMA comment.","Nie można usunąć komentarza RMA."
"Only one RMA is available for printing","Można wydrukować tylko jedno zlecenie RMA"
"Return # ","Zwrot # "
"Return Date: ","Data zwrotu: "
"Order # ","Zamówienie # "
"Ordered: ","Zamówione: "
"Return Address:","Adres zwrotny:"
"There is an error in quantities for item %1.","W wartościach dla produktu %1 znajduje się błąd."
"Authorized Qty","Zatwierdzona liczba"
"Returned Qty","Zwrócona liczba"
"Approved Qty","Zaakceptowana liczba"
"%1 for item %2 cannot be empty.","%1 dla produktów %2 nie może być puste."
"You cannot return %1.","Nie możesz zwrócić %1."
"A quantity of %1 is greater than you can return.","Liczba %1 jest większa niż liczba przedmiotów, które możesz zwrócić."
"You entered an invalid type: ""%1"".","Podałeś nieprawidłowy typ: ""%1""."
"You entered an invalid email address: ""%1"".","Podałeś nieprawidłowy adres e-mail: ""%1""."
"You entered an invalid hostname: ""%1""","Wprowadzono nieprawidłową nazwę hosta: ""%1"""
"""%1"" is longer than allowed.","""%1"" jest dłuższa niż dozwolono."
"Unknown service","Nieznana usługa"
"We can't save this RMA. No items were specified.","Nie można zapisać tego RMA. Przedmioty nie zostały określone."
"Partially Authorized","Częściowo autoryzowane"
"Return Received","Przesyłka otrzymana"
"Return Partially Received","Żądanie zwrotu/wymiany częściowo otrzymane"
"Partially Approved","Częściowo zatwierdzone"
"Partially Rejected","Częściowo odrzucone"
Denied,"Zwrot odrzucony"
"Processed and Closed","Przetworzone i zamknięte"
"This is the wrong RMA item status.","To jest zły stan produktu RMA."
"We placed your Return request.","Wysłaliśmy żądanie zwrotu."
"We authorized your Return request.","Upoważniono twoje żądanie zwrotu."
"We partially authorized your Return request.","Możemy częściowo upoważnić twoje żądanie zwrotu."
"We received your Return request.","Otrzymaliśmy zwrot wniosku."
"We partially received your Return request.","Częściowo otrzymaliśmy zwrot wniosku."
"We partially approved your Return request.","Przyjęliśmy częściowo żądanie zwrotu."
"We partially rejected your Return request.","Możemy częściowo odrzucić żądanie zwrotu."
"We closed your Return request.","Zamknęliśmy żądanie zwrotu."
"We processed and closed your Return request.","Przetworzone i zamknięte żądania zwrotu."
"ID cannot be an empty","Identyfikator nie może być pusty"
"Requested entity doesn't exist","Żądany podmiot nie istnieje"
"Could not save the RMA entity.","Nie można zapisać podmiotu RMA."
"Could not delete the RMA entity.","Nie można usunąć podmiotu RMA."
"Please enter a valid comment.","Wprowadź prawidłowy komentarz."
"No such entity with %1 = %2, %3 = %4","Brak takiego podmiotu z %1 = %2, %3 = %4"
"Invalid carrier: %1","Nieprawidłowy nośnik: %1"
"We need more information to create your shipping label(s). Please verify your store information and shipping settings.","Brak wystarczających informacji do utworzenia etykiety wysyłkowej. Proszę sprawdzić informacje o sklepie oraz ustawienia wysyłki."
"No detail for number ""%1""","Brak szczegółów dla numeru ""%1"""
"Shipment does not exists.","Przesyłka nie istnieje."
"We can't load track with retrieving identifier right now.","W tej chwili nie możemy załadować śladu z odzyskiwaniem identyfikatora."
"Could not save the RMA tracking.","Nie można zapisać śledzenia RMA."
"Could not delete the RMA tracking.","Nie można usunąć śledzenia RMA."
"No detail for number ""' . . '""","Brak szczegółów dla numeru ""' . . '"""
"All Items","Wszystkie produkty"
"Individual Items","Poszczególne pozycje"
"Account &amp; Shipping Information","Konta &amp; i informacje o wysyłce"
"RMA Totals","Suma RMA"
"Request Details","Szczegóły zlecenia"
"Customer Name","Nazwisko klienta"
"RMA History","Historia RMA"
"Comment Text",Komentarz
"Visible on Storefront","Widoczne na sklepie"
"Customer Service","Obsługa klienta"
"Not Notified","Nie powiadomiony"
"Return Address","Adres zwrotny"
"Order Shipping Address","Adres klienta"
"Delete Line","Usuń linię"
"Customs Value","Wartość celna"
"Qty Ordered","Zamówiona ilość"
"Change shipping method.","Zmień metodę wysyłki."
"No authorized items or allowed shipping methods","Brak autoryzowanych produktów lub dozwolonych metod wysyłki"
Carrier,Przewoźnik
Number,Numer
"Create Shipping Label","Utwórz etykietę wysyłkową"
"Enabled when authorized items require a new shipment.","Włączone kiedy autoryzowany produkt wymaga nowej przesyłki."
"Order &amp; Account Information","Informacje o zamowieniu i koncie"
"Return Totals",Sumy
"Return Confirmation",Potwierdzenie
"Email Returns Confirmation","Email zwroty potwierdzenia"
"RMA Items Requested for","Produkty zlecenia RMA zgłoszone przez"
"Please Select Products to Add","Proszę wybrać produkty, które mają zostać dodane"
"Return items",Produkty
Sub-items,"Produkty pochodne"
"Quantity To Return","Ilość do zwrotu"
"Remaining Quantity:","Pozostała ilość:"
"New Return for Order %1","Nowy zwrot dla zlecenia %1"
"Return Items Information","Informacje o zwróconych produktach"
"Add Item To Return","Dodaj produkt, który ma zostać zwrócony"
"Return #","Zwrot #"
"Ship From",Nadawca
"Return Status","Status żądania zwrotu/wymiany"
"View Return","Zobacz zwrot"
"You have placed no returns.","Nie zgłoszono żadnych zwrotów."
Packages,Paczki
Package,Paczka
Length,Długość
"Total Weight","Waga całkowita"
"Items in the Package","Przedmioty w paczce"
"Are you sure you want to delete this tracking information?","Czy na pewno chcesz usunąć informacje pozwalające na śledzenie paczki?"
"Request Information","Informacje o zwrocie/wymianie"
"Date Requested","Wymagane dane"
"Shipping and Tracking Information","Informacje o wysyłce i śledzeniu paczki"
"Track this shipment","Śledź tę przesyłkę"
"Items Return Requested For","Zwrot żądanych produktów"
"Request Qty","Ilość produktów zlecenia"
"Hide Details","Ukryj szczegóły"
"Show Details","Pokaż szczegóły"
"Questions and Answers","Pytania i odpowiedzi"
Questions,Pytania
Answers,Odpowiedzi
"Leave Comment","Zostaw komentarz"
"%store_name:  New customer comment","%store_name: Komentarz nowego klienta"
"New Comment for RMA #%increment_id","Nowy komentarz do RMA #%increment_id"
"Customer %name has left a new comment:","Klienta %name zostawił nowy komentarz:"
"%store_name : New Return #%increment_id","%store_name : Nowy zwrot #%increment_id"
"Your return request has been updated. Please see below.","Zgłoszenie zwrotu zostało zaktualizowane. Informacje poniżej."
"You can check the status of your return by <a href=""%account_url"">logging into your account</a> or <a href=""%form_url"">using your order number</a>.","Możesz sprawdzić stan zwrotu <a href=""%account_url""> logując się na swoje konto</a> lub <a href=""%form_url""> używając numeru zamówienia</a>."
"If you have any questions, please feel free to contact us at <a href=""mailto:%support_email"">%support_email</a> or by phone at %store_phone","W razie jakichkolwiek pytań prosimy o kontakt pod adresem <a href=""mailto:%support_email"">%support_email</a> lub telefonicznie pod numerem %store_phone"
"Your Return #%increment_id - %status_label","Twój zwrot #%increment_id - %status_label"
"You can check the status of your return <a href=""%form_url"">using your order number</a>.","Możesz sprawdzić stan zwrotu <a href=""%form_url""> przy użyciu numeru zamówienia</a>."
"If you have any questions about your return, please contact us at <a href=""mailto:%support_email"">%support_email</a>.","Jeśli masz jakiekolwiek pytania o zwrocie, prosimy o kontakt na <a href=""mailto:%support_email""> %support_email</a>."
"We received your return request. You will be notified when your request is reviewed.","Otrzymaliśmy zwrot wniosku. Użytkownik będzie powiadamiany, gdy żądanie jest przeglądane."
"Placed on %created_at","Umieszczony na %created_at"
"Click Details for more required fields.","Kliknij przycisk Szczegóły po więcej wymaganych pól."
"Create Packages","Utwórz paczkę"
"Add Package","Dodaj paczkę"
"RMA Settings","Ustawienia RMA"
"Enable RMA on Storefront","Włącz RMA na Sklepie"
"Enable RMA on Product Level","Włącz RMA na poziomie produktu"
"Use Store Address","Użyj adresu sklepu"
"Contact Name","Nazwisko klienta"
"RMA Email Sender","Nadawca wiadomości e-mail RMA"
"RMA Email Template","Szablon wiadomości e-mail RMA"
"RMA Email Template for Guest","Szablon wiadomości e-mail RMA dla Gościa"
"Send RMA Email Copy To","Wyślij kopię wiadomości e-mail RMA do"
"Send RMA Email Copy Method","Wysyłanie kopii wiadomości e-mail RMA"
"RMA Authorization","Autoryzacja RMA"
"RMA Authorization Email Sender","Wysyłanie wiadomości e-mail z autoryzacją RMA"
"RMA Authorization Email Template","Szablon wiadomości e-mail z autoryzacją RMA"
"RMA Authorization Email Template for Guest","Szablon wiadomości e-mail z autoryzacją RMA dla Gościa"
"Send RMA Authorization Email Copy To","Wyślij kopię wiadomości e-mail z autoryzacją RMA do"
"Send RMA Authorization Email Copy Method","Wysyłanie wiadomości e-mail z autoryzacją RMA"
"RMA Admin Comments","Komentarze RMA Administratora"
"RMA Comment Email Sender","Nadawca wiadomości e-mail z komentarzem RMA"
"RMA Comment Email Template","Szablon wiadomości e-mail z komentarzem RMA"
"RMA Comment Email Template for Guest","Szablon wiadomości e-mail z komentarzem RMA dla Gościa"
"Send RMA Comment Email Copy To","Wyślij kopię wiadomości e-mail z komentarzem RMA do"
"RMA Customer Comments","Komentarze RMA Klienta"
"RMA Comment Email Recipient","Odbiorca wiadomości e-mail z komentarzem RMA"
"Enabled for RMA","Włączone dla RMA"
"%store_name : New Return # %increment_id","%store_name : Nowy zwrot # %increment_id"
"The label cannot be created for '%1' because the product does not exist in the system.","Nie można utworzyć etykiety dla ""%1"", ponieważ produkt nie istnieje w systemie."
"The service is unknown. Verify the service and try again.","Usługa jest nieznana. Zweryfikuj usługę i spróbuj ponownie."
"The entity that was requested doesn't exist. Verify the entity and try again.","Żądany podmiot nie istnieje. Zweryfikuj podmiot i spróbuj ponownie."
"The ""%1"" carrier is invalid. Verify and try again.","Nośnik ""%1"" jest nieprawidłowy. Sprawdź i spróbuj ponownie."
Feed,Pasza
"Miscellaneous Feeds","Różne kanały"
"Get Feed","Pobierz kanał"
"RSS Feeds Section","Dział kanałów RSS"
"RSS Feeds","Kanały RSS"
"Rss Config","Konfiguracja RSS"
"Enable RSS","Włącz RSS"
"Any message","Dowolna wiadomość"
"Please choose a valid discount amount.","Proszę wybrać prawidłową kwotę rabatu."
"End Date must follow Start Date.","Data końcowa musi być po dacie rozpoczęcia."
"Please specify Customer Groups.","Proszę określić grupy klientów."
by,od
"Please choose an action to add.","Wybierz operację do dodania."
"Perform following actions","Wykonaj następujące czynności"
"does not contain","nie zawiera"
ALL,WSZYSTKIE
ANY,DOWOLNY
TRUE,PRAWDA
FALSE,FAŁSZ
"If %1 of these conditions are %2:","Jeżeli %1 z tych warunków jest %2:"
"Unknown condition operator","Nieznany stan operatora"
"There is no information about associated entity type ""%1"".","Nie można pobrać informacji o powiązanym obiekcie: ""%1""."
"Please specify valid %1.","Podaj prawidłowy %1."
"is undefined","jest niezdefiniowany"
"Credit Memos","Faktury korygujące"
Invoices,Faktury
"We can't get the order instance right now.","W tej chwili nie możemy załadować tego zamówienia."
"Create New Order","Utwórz zamówienie"
"Save Order Address","Zapisz adres zamówienia"
"Edit Order %1 %2 Address","Edycja adresu zamówienia %1 %2"
"Order Address Information","Informacje adresowe zamówienia"
"Please correct the parent block for this block.","Popraw blok nadrzędny tego bloku."
"Submit Order","Wyślij zamówienie"
"Are you sure you want to cancel this order?","Czy na pewno chcesz anulować to zamówienie?"
"Order Comment","Komentarz do zamówienia"
"Please select a customer","Wybierz klienta"
"Edit Order #%1","Edycja zamówienia nr %1"
"Create New Order for %1 in %2","Utwórz nowe zamówienie dla %1 w %2"
"Create New Order in %1","Utwórz nowe zamówienie w %1"
"Create New Order for %1","Utwórz nowe zamówienie dla %1"
"Create New Order for New Customer","Utwórz nowe zamówienie dla nowego klienta"
"Items Ordered","Zamówione produkty"
"This product is disabled.","Ten produkt jest wyłączony."
"Buy %1 for price %2","Kup %1 za %2"
"Item ordered qty","Zamówiona ilość"
"%1 with %2 discount each","%1 z %2 zniżki na każdym"
"%1 for %2","%1 dla %2"
"* - Enter custom price including tax","* - Wprowadź własną cenę z podatkiem"
"* - Enter custom price excluding tax","* - Wprowadź własną cenę bez podatku"
"This product does not have any configurable options","Ten produkt nie posiada żadnych konfigurowalnych opcji"
"Please select products","Proszę wybrać produkty"
"Add Selected Product(s) to Order","Dodaj wybrane produkty do zamówienia"
"Update Changes","Uaktualnij zmiany"
"Are you sure you want to delete all items from shopping cart?","Czy na pewno chcesz usunąć wszystkie przedmioty z koszyka?"
"Products in Comparison List","Produkty na liście do porównania"
"Last Ordered Items","Ostatnio zamówione przedmioty"
"Please select a store","Prosimy wybrać sklep"
"Order Totals","Sumy zamówienia"
"Shipping Incl. Tax (%1)","Dostawa z podatkiem (%1)"
"Shipping Excl. Tax (%1)","Dostawa bez podatku (%1)"
"New Credit Memo for Invoice #%1","Nowa nota do faktury #%1"
"New Credit Memo for Order #%1","Nowa nota do zamówienia #%1"
"Refund Shipping (Incl. Tax)","Zwrot dostawy (z podatkiem)"
"Refund Shipping (Excl. Tax)","Zwrot dostawy (bez podatku)"
"Refund Shipping","Zwrot kosztów wysyłki"
"Update Qty's","Aktualizuj ilości"
"Update Totals","Aktualizacja sumy"
Refund,Zwróć
"Refund Offline","Zwróć offline"
"Paid Amount","Zapłacono kwotę"
"Refund Amount","Zwrócona kwota"
"Shipping Amount","Wartość dostawy"
"Shipping Refund","Zwrot kosztów dostawy"
"Order Grand Total","Suma zamówienia"
"Adjustment Refund","Zwrot manipulacyjny"
"Adjustment Fee","Opłata manipulacyjna"
"Send Email","Wyślij e-mail"
"Are you sure you want to send a credit memo email to customer?","Czy na pewno chcesz wysłać fakturę korygującą do klienta?"
"The credit memo email was sent.","E-mail z fakturą korygującą został wysłany."
"The credit memo email wasn't sent.","E-mail z fakturą korygującą nie został wysłany."
"Credit Memo #%1 | %3 | %2 (%4)","Faktura korygująca #%1 | %3 | %2 (%4)"
"Total Refund","Łączny zwrot"
"New Invoice and Shipment for Order #%1","Nowa faktura i dostawa dla zamówienia nr #%1"
"New Invoice for Order #%1","Nowa faktura do zamówienia #%1"
"Submit Invoice and Shipment","Wyślij fakturę i dostawę"
"Submit Invoice","Wyślij fakturę"
"Are you sure you want to send an invoice email to customer?","Czy na pewno chcesz wysłać e-mail z fakturą do klienta?"
"Credit Memo","Faktura korygująca"
Capture,Przechwyć
"The invoice email was sent.","E-mail z fakturą został wysłany."
"The invoice email wasn't sent.","E-mail z fakturą nie został wysłany."
"Invoice #%1 | %2 | %4 (%3)","Faktura #%1 | %2 | %4 (%3)"
"Invalid parent block for this block","Nieprawidłowy blok nadrzędny dla tego bloku"
"Order Statuses","Statusy zamówienia"
"Create New Status","Utwórz nowy status"
"Assign Status to State","Przypisz status do stanu"
"Save Status Assignment","Zapisz przypisanie statusu"
"Assign Order Status to State","Przypisz status zamówienia do stanu"
"Assignment Information","Informacje o przypisaniu"
"Order State","Stan zamówienia"
"Use Order Status As Default","Uzyj status zamówienia jako domyślny"
"Visible On Storefront","Widoczne na sklepie"
"Edit Order Status","Edycja statusu zamówienia"
"Save Status","Zapisz status"
"Order Status Information","Informacje statusu zamówienia"
"Status Code","Kod statusu"
"Store View Specific Labels","Etykiety specyficzne dla widoku sklepu"
"Total Paid","Łącznie zapłacono"
"Total Due",Pozostało
"Are you sure you want to send an order email to customer?","Czy na pewno chcesz wysłać informację o zamówieniu do klienta?"
"This will create an offline refund. To create an online refund, open an invoice and create credit memo for it. Do you want to continue?","To utworzy refundację offline. W celu utworzenia refundacji online, otwórz fakturę i utwórz dla niej fakturę korygującą. Czy chcesz kontynuować?"
"Are you sure you want to void the payment?","Czy na pewno chcesz unieważnić tę płatność?"
Hold,Wstrzymaj
hold,wstrzymaj
Unhold,Odblokuj
unhold,odblokuj
"Are you sure you want to accept this payment?","Czy na pewno chcesz zaakceptować tę płatność?"
"Accept Payment","Akceptuj płatność"
"Are you sure you want to deny this payment?","Czy na pewno chcesz odrzucić tę płatność?"
"Deny Payment","Odrzuć płatność"
"Get Payment Update","Pobierz aktualizację płatności"
"Invoice and Ship","Faktura i rachunek"
Ship,Dostawa
"Order # %1 %2 | %3","Zamówienie # %1 %2 | %3"
"This order contains (%1) items and therefore cannot be edited through the admin interface. If you wish to continue editing, the (%2) items will be removed,  the order will be canceled and a new order will be placed.","To zamówienie zawiera (%1) produktów i dlatego nie może być teraz edytowane z poziomu panelu administracyjnego. Jeśli chcesz kontynuować edycję (%2) produktów zostanie usuniętych, aktualne zamówienie zostanie anulowane, a na jego miejsce zostanie utworzone nowe."
"Are you sure? This order will be canceled and a new one will be created instead.","Czy jesteś pewien? To zamówienie zostanie usunięte a w miejsce niego zostanie utworzone nowe."
"Save Gift Message","Zapisz wiadomość prezentową"
"Order Credit Memos","Notatki faktur korygujących"
"Credit memo #%1 created","Faktura korygująca nr %1 została utworzona"
"Credit memo #%1 comment added","Komentarz do faktury korygującej nr %1 został dodany"
"Shipment #%1 created","Dostawa nr %1 została utworzona"
"Shipment #%1 comment added","Komentarz do dostawy nr %1 został dodany"
"Invoice #%1 created","Faktura nr %1 została utworzona"
"Invoice #%1 comment added","Komentarz do faktury nr %1 został dodany"
"Tracking number %1 for %2 assigned","Numer śledzenia przesyłki %1 dla %2 został przyporządkowany"
"Comments History","Historia komentarzy"
"Order History","Historia zamówień"
"Order Information","Informacje o zamówieniu"
"Order Invoices","Faktury zamówień"
Shipments,Dostawy
"Order Shipments","Wysyłki zamówień"
Transactions,Transakcje
"Order View","Podgląd zamówienia"
"Applies to Any of the Specified Order Statuses except canceled orders","Stosuje się do każdej z określonych Stanów zamówienia z wyjątkiem anulowanych zamówień"
"Show Actual Values","Pokaż bieżące wartości"
"New Order RSS","Nowe zamówienie RSS"
"Discount (%1)","Zniżka (%1)"
"Transaction # %1 | %2","Transakcja nr %1 | %2"
Value,Wartość
"We found an invalid entity model.","Znaleźliśmy nieprawidłową encję modelu."
"Back to My Orders","Powrót do moich zamówień"
"View Another Order","Zobacz inne zamówienie"
"About Your Refund","O twoim zwrocie"
"Subscribe to Order Status","Subskrybuj status zamówienia"
"About Your Invoice","O twojej fakturze"
"Print Order # %1","Wydrukuj zamówienie nr %1"
"Grand Total to be Charged","Łącznie do zapłaty"
Unassign,Odepnij
"We can't add this item to your shopping cart right now.","Nie możemy teraz dodać tej pozycji do koszyka."
"You sent the message.","Wiadomość wysłana."
"Invoice capturing error","Błąd przechwytywania faktury"
"This order no longer exists.","Takie zamówienie już nie istnieje."
"Please enter a comment.","Wprowadź komentarz."
"We cannot add order history.","Nie można dodać historii zamówienia."
"You updated the order address.","Adres zamówienia został zaktualizowany."
"We can't update the order address right now.","W tej chwili nie możemy zaktualizować adresu tego zamówienia."
"You have not canceled the item.","Nie posiadasz anulowanych produktów."
"You canceled the order.","Anulowane zamówienia."
"""%1"" coupon code was not applied. Do not apply discount is selected for item(s)","nie zastosowano kodu kuponu ""%1"". Nie obowiązują zniżki dla wybranych produktów"
"""%1"" coupon code is not valid.","Kod kuponu ""%1"" jest nieważny."
"The coupon code has been accepted.","Kod kuponu zostal zaakceptowany."
"New Order","Nowe zamówienie"
"Cannot add new comment.","Nie można dodać nowego komentarza."
"The credit memo has been canceled.","Faktura korygująca została anulowana."
"Credit memo has not been canceled.","Faktura korygująca nie została anulowana."
"New Memo for #%1","Nowa faktura korygująca dla nr %1"
"New Memo","Nowa faktura korygująca"
"The credit memo's total must be positive.","Wartość faktury korygującej musi być dodatnia."
"Cannot create online refund for Refund to Store Credit.","Nie można utworzyć online zwrotu refundacji na koncie sklepu."
"You created the credit memo.","Faktura korygująca została stworzona."
"We can't save the credit memo right now.","W tej chili nie możemy zapisać faktury korygującej."
"We can't update the item's quantity right now.","W tej chwili nie możemy uaktualnić ilości tego produktu."
"View Memo for #%1","Zobacz korektę dla nr %1"
"View Memo","Zobacz korektę"
"You voided the credit memo.","Faktura korygująca została unieważniona."
"We can't void the credit memo.","Nie możemy unieważnić tej faktury korygującej."
"The order no longer exists.","To zamówienie już nie istnieje."
"We can't create credit memo for the order.","Nie możemy utworzyć faktury korygującej dla tego zamówienia."
"Edit Order","Edycja zamówienia"
"You sent the order email.","Wysłanie e-mail z zamówieniem."
"We can't send the email order right now.","W tej chwili nie możemy wysłać e-maila z zamówieniem."
"You have not put the order on hold.","Zamówienie nie zostało wstrzymane."
"You put the order on hold.","Zamówienie zostało wstrzymane."
"You canceled the invoice.","Faktura została anulowana."
"Invoice canceling error","Błąd anulowania faktury"
"The invoice has been captured.","Faktura została przechwycona."
"The order does not allow an invoice to be created.","Zamówienie nie pozwala na utworzenie faktury."
"You can't create an invoice without products.","Nie można utworzyć faktury bez produktów."
"New Invoice","Nowa faktura"
"We can't save the invoice right now.","Nie możemy teraz zapisać faktury."
"You created the invoice and shipment.","Utworzyłeś fakturę i wysyłki."
"The invoice has been created.","Faktura została utworzona."
"We can't send the invoice email right now.","W tej chwili nie możemy wysłać e-maila z fakturą."
"We can't send the shipment right now.","Nie możemy teraz wysłać tej wysyłki."
"Cannot update item quantity.","Nie można zaktualizować ilości produktów."
"The invoice has been voided.","Faktura została unieważniona."
"Invoice voiding error","Błąd unieważniania faktury"
"%1 order(s) cannot be canceled.","%1 zamówień nie może być anulowanych."
"You cannot cancel the order(s).","Nie można anulować zamówienia."
"We canceled %1 order(s).","Anulowano zlecenie %1."
"%1 order(s) were not put on hold.","%1 zamówień nie zostało wstrzymanych."
"No order(s) were put on hold.","Żadne zamówienie nie zostało wstrzymane."
"You have put %1 order(s) on hold.","Wstrzymano %1 zamówień."
"%1 order(s) were not released from on hold status.","%1 zamówień nie zostało uwolnionych ze statusu ""wstrzymano""."
"No order(s) were released from on hold status.","Żadne zamówień nie zostało uwolnionych ze statusu ""wstrzymano""."
"%1 order(s) have been released from on hold status.","%1 zamówień zostało uwolnionych ze statusu ""wstrzymano""."
"There are no printable documents related to selected orders.","Brak dokumentów do wydruku powiązanych z wybranymi zamówieniami"
"The payment has been accepted.","Płatność została zaakceptowana."
"The payment has been denied.","Płatność została odrzucona."
"Transaction has been approved.","Transakcja została zatwierdzona."
"Transaction has been voided/declined.","Transakcja została unieważniona / odrzucona."
"There is no update for the transaction.","Nie ma żadnej aktualizacji dla tej transakcji."
"We can't update the payment right now.","W tej chwili nie możemy zaktualizować płatności."
"You assigned the order status.","Status został przypisany do zamówienia."
"Something went wrong while assigning the order status.","Coś poszło nie tak podczas przypisywania statusu do zamówienia."
"We can't find this order status.","Nie możemy odnaleźć statusu zamówienia."
"Create New Order Status","Utwórz nowy status zamówienia"
"We found another order status with the same order status code.","Znaleźliśmy inny status zamówienia o tym samym kodzie."
"You saved the order status.","Zapisałeś status zamówienia."
"We can't add the order status right now.","W tej chili nie możemy dodać tego statusu zamówienia."
"You have unassigned the order status.","Status nie został przypisany do zamówienia."
"Something went wrong while unassigning the order.","Coś poszło nie tak podczas unieważnienia przypisywania zamówienia."
"Can't unhold order.","Nie można wznowić zamówienia."
"You released the order from holding status.","Wydany w kolejności od posiadania statusu."
"The order was not on hold.","Zamówienie nie było wstrzymane."
"Exception occurred during order load","Wystąpił wyjątek podczas kolejność ładowania"
"Something went wrong while saving the gift message.","Coś się zepsuło podczas zapisywania wiadomości prezentowych."
"You saved the gift card message.","Zapisałeś wiadomość karty prezentowej."
"The payment has been voided.","Płatność została unieważniona."
"We can't void the payment right now.","Nie można teraz unieważnić płatności."
"Please correct the transaction ID and try again.","Prosimy o poprawienie identyfikatora transakcji i spróbowanie ponownie."
"The transaction details have been updated.","Dane transakcji zostały zaktualizowane."
"We can't update the transaction details.","Nie można zaktualizować szczegółów transakcji."
"Orders and Returns","Zamówienia i zwroty"
"You entered incorrect data. Please try again.","Wpisałeś nieprawidłowe dane. Proszę spróbować ponownie."
"We could not add a product to cart by the ID ""%1"".","Nie można dodać produktu do koszyka przez ID ""%1""."
"There is an error in one of the option rows.","W jednym z rzędów opcji jest błąd."
"Shipping Address: ","Adres dla dostawy: "
"Billing Address: ","Adres rozliczeniowy: "
"Please specify order items.","Proszę określić kolejność elementów."
"This payment method is not available.","Ta metoda płatności nie jest dostępna."
"Validation is failed.","Weryfikacja nie powiodła się."
"Path ""%1"" is not part of allowed directory ""%2""","Ścieżka ""%1"" nie jest częścią dozwolonych katalogu ""%2"""
"Identifying Fields required","Określenie pola wymagane"
"Id required",Wymagane
"""Invoice Document Validation Error(s):\n"" .","""Dokument sprzedaży - Faktura - błąd(błędy) podczas sprawdzania:\n""."
"Could not save an invoice, see error log for details","Nie można zapisać faktury, aby uzyskać szczegółowe informacje zobacz dziennik błędów"
"A hold action is not available.","Akcja odblokowania jest niedostępna."
"You cannot remove the hold.","Nie można usunąć ładowania."
"Please enter the street.","Prosimy wpisać ulicę."
"Please enter the city.","Prosimy wpisać miasto."
"Please enter the phone number.","Proszę podać numer telefonu."
"Please enter the company.","Prosimy o podanie firmy."
"Please enter the fax number.","Wprowadź numer faksu."
"Please enter the zip/postal code.","Prosimy wpisać kod pocztowy."
"Please enter the country.","Prosimy wpisać kraj."
"Could not delete order address","Nie można usunąć adresu zamówienia"
"Could not save order address","Nie można zapisać adresu zamówienia"
"Unknown State","Nieznany stan"
"Could not delete the comment.","Nie można usunąć komentarza."
"Could not save the creditmemo comment.","Nie można zapisać komentarza creditmemo."
"We found an invalid quantity to refund item ""%1"".","Znaleźliśmy nieprawidłową ilość towaru do zwrotu ""%1""."
"The creditmemo contains product item that is not part of the original order.","Creditmemo zawiera element produktu, który nie jest częścią oryginalnego zamówienia."
"The quantity to refund must not be greater than the unrefunded quantity.","Ilość do zwrotu nie może być większa niż ilość niezwrócona."
"Could not delete the credit memo item.","Nie można usunąć pozycji noty kredytowej."
"Could not save the credit memo item.","Nie można zapisać pozycji noty kredytowej."
"Maximum shipping amount allowed to refund is: %1","Maksymalny koszt dostawy dozwolony do zwrotu to: %1"
"Order Id is required for creditmemo document","Identyfikator zamówienia jest wymagany dla dokumentu creditmemo"
"The creditmemo contains product SKU ""%1"" that is not part of the original order.","Creditmemo zawiera produkt SKU ""%1"" czyli nie jest częścią oryginalnego zamówienia."
"The quantity to creditmemo must not be greater than the unrefunded quantity for product SKU ""%1"".","Ilość do creditmemo nie może być większa niż niezwrócona ilość dla produktu SKU ""%1""."
"You can't create a creditmemo without products.","Nie można utworzyć creditmemo bez produktów."
"The most money available to refund is %1.","Większość pieniędzy do zwrotu to %1."
"Could not delete credit memo","Nie można usunąć noty kredytowej"
"Could not save credit memo","Nie można zapisać noty kredytowej"
"This order already has associated customer account","To zamówienie już zostało skojarzone z konte klienta"
"We cannot register an existing invoice","Nie można zarejestrować istniejącej faktury"
"Could not delete the invoice comment.","Nie można usunąć komentarza do faktury."
"Could not save the invoice comment.","Nie można zapisać komentarza do faktury."
"Could not delete the invoice item.","Nie można usunąć pozycji faktury."
"Could not save the invoice item.","Nie można zapisać pozycji faktury."
"We can't create creditmemo for the invoice.","Nie możemy stworzyć creditmemo dla faktury."
"Order Id is required for invoice document","Identyfikator zamówienia jest wymagane dla dokumentu faktury"
"The quantity to invoice must not be greater than the uninvoiced quantity for product SKU ""%1"".","Ilość do zafakturowania nie może być większa niż niezafakturowana ilość produktu SKU ""%1""."
"The invoice contains one or more items that are not part of the original order.","Faktura zawiera jeden lub więcej elementów, które nie są częścią oryginalnego zamówienia."
"ID required","Wymagany identyfikator"
"Unknown Status","Nieznany status"
Backordered,"Produkty brakujące do realizacji"
Partial,Częściowy
Mixed,Mieszany
"Registered a Void notification.","Zarejestrowano puste powiadomienie."
"If the invoice was created offline, try creating an offline credit memo.","Jeśli faktura została utworzona offline, spróbuj utworzyć fakturę kredytową również offline."
"IPN ""Refunded"". Refund issued by merchant. Registered notification about refunded amount of %1. Transaction ID: ""%2"". Credit Memo has not been created. Please create offline Credit Memo.","IPN ""Zwrot"". Zwrot wydany przez sprzedającego. Zarejestrowane powiadomienie o zwrocie kwoty %1. Identyfikator transakcji: ""%2"". Faktura korygująca nie została utworzona. Proszę utworzyć fakturę korygującą."
"The credit memo has been created automatically.","Faktura korygująca została utworzona automatycznie."
"Registered notification about refunded amount of %1.","Zarejestrowano powiadomienie o zrefundowanej kwocie %1."
"Canceled order online","Zamówienie anulowane online"
"Canceled order offline","Zamówienie anulowane offline"
"Approved the payment online.","Zaakceptowana płatność online."
"There is no need to approve this payment.","Nie ma potrzeby akceptowania tej płatności."
"Denied the payment online","Odrzucona płatność online"
"Registered update about approved payment.","Zarejestrowano aktualizację o zaakceptowanej płatności.
"
"Registered update about denied payment.","Zarejestrowano aktualizację o odrzuconej płatności.
"
"There is no update for the payment.","Nie ma aktualizacji tej płatności."
"Voided authorization.","Unieważniona autoryzacja."
"Amount: %1.","Kwota: %1."
"Transaction ID: ""%1""","ID transakcji: ""%1"""
"The transaction ""%1"" cannot be captured yet.","Transakcja ""%1"" jeszcze nie może być przechwycona."
"The parent transaction ID must have a transaction ID.","ID nadrzędnej transakcji musi mieć ID transakcji."
"Payment transactions disallow storing objects.","Trnasakcja płatności nie zezwala na przechowywanie obiektów."
"The transaction ""%1"" (%2) is already closed.","Transakcja ""%1"" (%2) jest już zamknięta."
"Set order for existing transactions not allowed","Ustawienie zamówienia dla istniejącej transakcji nie jest dozwolone"
"At minimum, you need to set a payment ID.","Należy ustawić identyfikator płatności na minimum."
"We found an unsupported transaction type ""%1"".","Znaleźliśmy nieobsługiwany typu transakcji ""%1""."
"Please set a proper payment and order id.","Proszę ustawić właściwy identyfikator zamówienia i płatność."
"Please enter a Transaction ID.","Podaj ID transakcji."
"You can't do this without a transaction object.","Nie może tego zrobić bez obiektu transakcji."
"Order Date: ","Data zamówienia: "
"Sold to:",Sprzedano:
"Shipping Method:","Metoda dostawy"
"Total Shipping Charges","Łączne koszty wysyłki"
"We found an invalid renderer model.","Znaleźliśmy nieprawidłowo renderowany model."
"Please define the PDF object before using.","Prosimy o zdefiniowanie obiektu PDF przed użyciem."
"We don't recognize the draw line data. Please define the ""lines"" array.","Nie rozpoznajemy danych linii rysowania. Zdefiniuj tablicę ""lines""."
"Total (ex)","bez VAT"
"Total (inc)","z VAT"
"Credit Memo # ","Nota kredytowa nr  "
"Invoice # ","Faktura nr  "
"The order object is not specified.","Przedmiot zamówienia nie został określony."
"The source object is not specified.","Obiekt źródłowy nie został określony."
"An item object is not specified.","Nie określono elementu obiektu."
"A PDF object is not specified.","Obiekt PDF nie został określony."
"A PDF page object is not specified.","Strona obiektu PDF nie została określona."
"Packing Slip # ","List przewozowy # "
"The PDF total model %1 must be or extend \Magento\Sales\Model\Order\Pdf\Total\DefaultTotal.","%1 całkowity wzór PDF musi znajdować się albo rozszerzyć po \Magento\Sales\Model\Order\Pdf\Total\DefaultTotal."
"Received check doesn't match interface","Otrzymany czek nie pasuje do interfejsu"
"We cannot register an existing shipment","Nie można zarejestrować istniejącej wysyłki"
"Could not delete the shipment comment.","Nie można usunąć komentarza dotyczącego wysyłki."
"Could not save the shipment comment.","Nie można zapisać komentarza dotyczącego przesyłki."
"Could not delete the shipment item.","Nie można usunąć elementu przesyłki."
"Could not save the shipment item.","Nie można zapisać elementu przesyłki."
"Parent shipment cannot be loaded for track object.","Nie można załadować przesyłki nadrzędnej dla obiektu trasy."
"Could not delete the shipment tracking.","Nie można usunąć śledzenia przesyłki."
"Could not save the shipment tracking.","Nie można zapisać śledzenia przesyłki."
"Order Id is required for shipment document","Identyfikator zamówienia jest wymagany dla dokumentu dostawy"
"You can't create a shipment without products.","Nie można utworzyć przesyłki bez produktów."
"The shipment contains product SKU ""%1"" that is not part of the original order.","Przesyłka zawiera produktu SKU ""%1"" który nie jest częścią oryginalnego zamówienia."
"The quantity to ship must not be greater than the unshipped quantity for product SKU ""%1"".","Ilość do wysyłki nie może być większa niż niewysłana ilość dla SKU produktu ""%1""."
"Could not delete shipment","Nie można usunąć przesyłki"
"Could not save shipment","Nie można zapisać przesyłki"
"The last status can't be unassigned from its current state.","Ostatni status nie może zostać usunięty z bieżącego stanu."
"Status can't be unassigned, because it is used by existing order(s).","Statusu nie można anulować, ponieważ jest on używany przez istniejące zamówienia."
"Could not delete the order status history.","Nie można usunąć historii statusu zamówienia."
"Could not save the order status history.","Nie można zapisać historii statusu zamówienia."
"The total model should be extended from \Magento\Sales\Model\Order\Total\AbstractTotal.","Total model należy rozszerzyć z \Magento\Sales\Model\Order\Total\AbstractTotal."
"An invoice cannot be created when an order has a status of %1","Nie można utworzyć faktury, gdy zamówienie ma status %1"
"A creditmemo can not be created when an order has a status of %1","Nie można utworzyć creditmemo, gdy zamówienie ma status %1"
"The order does not allow a creditmemo to be created.","Zamówienie nie pozwala na utworzenie creditmemo."
"A shipment cannot be created when an order has a status of %1","Przesyłka nie może zostać utworzona, gdy zamówienie ma status %1"
"The order does not allow a shipment to be created.","Zamówienie nie pozwala na utworzenie przesyłki."
"""Creditmemo Document Validation Error(s):\n"" .","""Błąd(y) walidacji dokumentu Creditmemo:\n"" ."
"Could not save a Creditmemo, see error log for details","Nie można zapisać Creditmemo, aby uzyskać szczegółowe informacje zobacz dziennik błędów"
"We can't save the address:\n%1","Nie możemy zapisać adresu:\n%1"
"We don't have enough information to save the parent transaction ID.","Nie mamy wystarczających informacji, aby zapisać nadrzędny identyfikator transakcji."
"We cannot create an empty shipment.","Nie można utworzyć pustej przesyłki."
"Cannot save track:\n%1","Nie można zapisać ścieżki:\n%1"
"Cannot unassign status from state","Nie można usunąć statusu ze stanu"
"New Orders","Nowe zamówienia"
"Order #%1 created at %2","Zamówienie #%1 utworzone %2"
"Details for %1 #%2","Szczegóły %1 #%2"
"Notified Date: %1","Data powiadomienia: %1"
"Comment: %1<br/>","Komentarz: %1<br/>"
"Current Status: %1<br/>","Bieżący status: %1<br/>"
"Total: %1<br/>","Łącznie: %1<br/>"
"Order # %1 Notification(s)","Powiadomienia zamówienia nr %1"
"You can not cancel Credit Memo","Nie można anulować faktury korygującej"
"Could not cancel creditmemo","Nie można anulować creditmemo"
"We cannot register an existing credit memo.","Nie udało się zarejestrować istniejącej faktury korygującej."
"We found an invalid quantity to invoice item ""%1"".","Znaleźliśmy niewłaściwą ilość zafakturowanego produktu ""%1""."
"The Order State ""%1"" must not be set manually.","Nie wolno ustawić stanu zamówienia ""%1"" ręcznie."
"""Shipment Document Validation Error(s):\n"" .","""Błąd(y) walidacji dokumentu przesyłki:\n"" ."
"Could not save a shipment, see error log for details","Nie można zapisać koszyka, aby uzyskać szczegółowe informacje zobacz dziennik błędów"
"VAT Request Identifier","Identyfikator zapytania o VAT"
"VAT Request Date","Data zapytania o VAT"
"Pending Payment","Oczekuje na płatność"
"On Hold",Wstrzymano
Complete,Zakończone
"Suspected Fraud","Podejrzenie oszustwa"
"Payment Review","Przeglad płatności"
"Product doesn't exist","Produkt nie istnieje"
"Email has not been sent","E-mail nie został wysłany"
"Authorized amount of %1","Autoryzowana kwota %1"
" Transaction ID: ""%1"""," Identyfikator transakcji: ""%1"""
"Group was removed","Grupa została usunięta"
"Changing address information will not recalculate shipping, tax or other order amount.","Zmiana informacji adresowy nie przeliczy dostawy, podatku lub innych kwot zamówienia."
"Order Comments","Komentarze do zamówienia"
"Payment &amp; Shipping Information","Informacje o wysyłce i płatności"
"Order Currency:","Waluta zamówienia:"
"Same As Billing Address","Taki sam jak adres rozliczeniowy"
"Select from existing customer addresses:","Wybierz spośród istniejących adresów klienta:"
"You don't need to select a shipping address.","Nie musisz wybrać adresu wysyłki."
"Gift Message for the Entire Order","Opcje prezentowe dla całego zamówienia"
"Row Subtotal","Suma częściowa rzędu"
"Custom Price","Niestandardowa cena"
"Move to Shopping Cart","Przenieś do koszyka"
"Sorry, no quotes are available for this order.","Nie istnieje żaden koszyk przypisany do tego zamówienia."
"You don't need to select a shipping method.","Nie musisz wybierać metody wysyłki."
"Customer's Activities","Działalności klienta"
"Append Comments","Dołącz komentarz do maila (niezaznaczony pozostawi komentarz tylko do wiadomości sklepu)"
"Email Order Confirmation","Wyślij e-mail z potwierdzeniem zamówienia do klienta"
"Grand Total Excl. Tax","Suma łączna bez podatku"
"Grand Total Incl. Tax","Suma łączna z podatkiem"
"Payment &amp; Shipping Method","Metoda wysyłki i płatności"
"The order was placed using %1.","Zamówienie zostało złożone z wykorzystaniem %1."
"Items to Refund","Przedmioty do refundacji"
"Return to Stock","Zwrot do magazynu"
"Qty to Refund","Ilość do zwrotu"
"No Items To Refund","Brak produktów do zwrotu"
"Credit Memo Comments","Komentarze do faktury korygującej"
"Refund Totals","Suma zwrotów"
"Email Copy of Credit Memo","Wyślij e-mail z fakturą korygująca do klienta"
"Please enter a positive number in this field.","Proszę podać dodatnią wartość w tym polu."
"Items Refunded","Przedmioty zrefundowane"
"No Items","Brak produktów"
"Memo Total","Suma faktury korygującej"
"Credit Memo History","Historia faktur korygujących"
"Credit Memo Totals","Suma faktur korygujących"
"Customer Name: %1","Nazwa klienta: %1"
"Purchased From: %1","Kupione od: %1"
"Shipping &amp; Handling","Wysyłka &amp; Pakowanie"
"Create Shipment","Utwórz dostawę"
"Invoice and shipment types do not match for some items on this order. You can create a shipment only after creating the invoice.","Rodzaj faktury i przesyłki nie pasują do niektórych elementów w tej kolejności. Można utworzyć wysyłkę tylko po utworzeniu faktury."
"Qty to Invoice","Ilość do zafakturowania"
"Invoice History","Historia faktur"
"Invoice Comments","Komentarze do faktury"
"Invoice Totals","Suma faktur"
"Capture Online","Przechwyć online"
"Capture Offline","Przechwyć offline"
"Not Capture","Brak przechwyceń"
"The invoice will be created offline without the payment gateway.","Faktura zostanie utworzona offline bez procesu płatności."
"Email Copy of Invoice","Wyślij e-mail z fakturą do klienta"
"Items Invoiced","Przedmioty zafakturowane"
"Total Tax",Podatek
"From Name","Z (nazwa)"
"To Name","Do (nazwa)"
"Notification Not Applicable","Powiadomienie nie kwalifikuje się"
"Order & Account Information","Dane zamówienia i konta"
"The order confirmation email was sent","Potwierdzenie zostało wysłane"
"The order confirmation email is not sent","Potwierdzenie nie zostało wysłane"
"Order Date","Data zamówienia"
"Order Date (%1)","Data zamówienia (%1)"
"Purchased From","Kupiono od"
"Link to the New Order","Link do nowego zamówienia"
"Link to the Previous Order","Link do poprzedniego zamówienia"
"Placed from IP","Zamówienie złożone z IP"
"%1 / %2 rate:","%1 / %2 cena:"
"Edit Customer","Edytuj klienta"
"Notes for this Order","Uwagi do zamówienia"
"Comment added","Komentarz dodany"
"Transaction Data","Dane transakcji"
"Parent Transaction ID","ID nadrzędnej transakcji"
"Is Closed","Jest zamknięty"
"Child Transactions","Podrzędne transakcje"
"Transaction Details","Szczegóły transakcji"
"Gift Message for this Order","Wiadomość prezentowa dla tego zamówienia"
"Shipped By","Wysłane przez"
"Tracking Number","Numer śledzenia"
"Billing Last Name","Nazwisko rozliczenia"
"Find Order By","Znajdź zamówienie wg"
"ZIP Code","Kod pocztowy"
"Billing ZIP Code","Kod pocztowy rozliczenia"
"Print All Refunds","Wydrukuj wszystkie zwroty"
"Refund #","Numer zwrotu"
"Print Refund","Wydrukuj zwrot"
"You have placed no orders.","Nie masz jeszcze żadnych zamówień."
"Print Order","Wydrukuj zamówienie"
"Print All Invoices","Drukuj faktury"
"Invoice #","Faktura nr  "
"Print Invoice","Drukuj fakturę"
"About Your Order","Informacje o zamówieniu"
"<span class=""label"">Order Date:</span> %1","<span class=""label""> Data zamówienia:</span> %1"
"Refund #%1","Numer zwrotu: %1"
"Shipment #%1","Dostawa nr %1"
"Recent Orders","Ostatnie zamówienia"
"Gift Message for This Order","Wiadomość prezentowa dla tego zamówienia"
"Recently Ordered","Ostatnio zamówione"
"Credit memo for your %store_name order","Faktura korygująca do zamówienia %store_name"
"Thank you for your order from %store_name.","Dziękuję za Twoje zamówienie z %store_name."
"You can check the status of your order by <a href=""%account_url"">logging into your account</a>.","Status zamówienia można sprawdzić po <a href=""%account_url""> zalogowaniu się do swojego konta</a>."
"If you have questions about your order, you can email us at <a href=""mailto:%store_email"">%store_email</a>","Jeśli masz pytania dotyczące Twojego zamówienia, możesz napisz do nas na <a href=""mailto:%store_email"">%store_email</a>"
"Our hours are <span class=""no-link"">%store_hours</span>.","Nasze godziny pracy to <span class=""no-link"">%store_hours</span>."
"Your Credit Memo #%creditmemo_id for Order #%order_id","Twoja korekta #%creditmemo_id do zamówienia #%order_id"
"Billing Info","Informacje rozliczeniowe"
"Shipping Info","Informacje o wysyłce"
"Update to your %store_name credit memo","Aktualizacja do faktury korygującej %store_name"
"Your order #%increment_id has been updated with a status of <strong>%order_status</strong>.","Twoje zamówienie #%increment_id zostało wzbogacone o status <strong>%order_status</strong>."
"Invoice for your %store_name order","Faktura za zamówienie %store_name"
"Your Invoice #%invoice_id for Order #%order_id","Twoja #%invoice_id faktura dla zamówienia #%order_id"
"Update to your %store_name invoice","Aktualizacja do faktury %store_name"
"Your %store_name order confirmation","Potwierdzenie zamówienia w sklepie %store_name"
"Once your package ships we will send you a tracking number.","Kiedy twoja paczka będzie już w drodze wyślemy tobie numer do śledzenia transportu."
"Your Order <span class=""no-link"">#%increment_id</span>","Twoje zamówienie <span class=""no-link""> #%increment_id</span>"
"Placed on <span class=""no-link"">%created_at</span>","Umieszczony na <span class=""no-link"">%created_at</span>"
"Once your package ships we will send an email with a link to track your order.","Gdy Twoja przesyłka zostanie wysłane, prześlemy Ci e-mail z linkiem umożliwiającym śledzenie Twego zamówienia."
"Update to your %store_name order","Aktualizacja do zamówienia w sklepie %store_name"
"Your %store_name order has shipped","Twoje zamówienie w sklepie %store_name zostało wysłane"
"Your shipping confirmation is below. Thank you again for your business.","Potwierdzenie wysyłki jest poniżej. Jeszcze raz dziękuję za twoje zamówienie."
"Your Shipment #%shipment_id for Order #%order_id","Twój #%shipment_id wysyłki dla zamówienia #%order_id"
"Update to your %store_name shipment","Aktualizacja do przesyłki %store_name"
"Gift Options for ","Opcje podarunkowe dla "
"You have item changes","Masz zmiany pozycji"
Operations,Operacje
"Send Order Email","Wyślij e-mail zamówienia"
"Accept or Deny Payment","Akceptuj lub odrzuć płatność"
"Send Sales Emails","Wyślij e-mail sprzedażowy"
"Sales Section","Sekcja sprzedaży"
"Sales Emails Section","Sekcja e-maili sprzedażowych"
"Hide Customer IP","Ukryj IP klienta"
"Choose whether a customer IP is shown in orders, invoices, shipments, and credit memos.","Zdecyduj czy adres IP klienta ma być widoczny w zamówieniach, fakturach, wysyłkach i fakturach korygujących."
"Checkout Totals Sort Order","Kolejność wyświetlania sum zamówienia"
"Allow Reorder","Pozwól na ponowne zamówienie"
"Invoice and Packing Slip Design","Wygląd faktur i etykiet adresowych"
"Logo for PDF Print-outs (200x50)","Logo do wydruków PDF (200x50)"
"Your default logo will be used in PDF and HTML documents.<br />(jpeg, tiff, png) If your pdf image is distorted, try to use larger file-size image.","Twoje domyślne logo będzie używane w dokumentach PDF i HTML.<br />(jpeg, tiff, png) Jeśli zdjęcie w PDF będzie zniekształcone, spróbuj użyć obrazka o większej rozdzielczości."
"Logo for HTML Print View","Logo do widoku HTML wydruku"
"Logo for HTML documents only. If empty, default will be used.<br />(jpeg, gif, png)","Logo dla dokumentów HTML. Zostaw puste, aby używać domyślnego logo.<br />(jpeg, gif, png)"
"Subtotal after discount","Suma częściowa po rabacie"
"Include Tax to Amount","Zawierają podatek od kwoty"
"Description Message","Wiadomość opisu"
"Error to Show in Shopping Cart","Błąd pokazywany w koszyku"
"Validate Each Address Separately in Multi-address Checkout","Podczas kupowania z wieloma adresami sprawdzaj każdy z nich oddzielnie"
"Multi-address Description Message","Wiadomość z opisem zamówienia z wieloma adresami"
"We'll use the default description above if you leave this empty.","Użyjemy powyższy opis domyślny, jeśli zostawisz puste."
"Multi-address Error to Show in Shopping Cart","Błąd zamówienia z wieloma adresami do pokazania w koszyku"
"We'll use the default error above if you leave this empty.","Użyjemy powyższych błędów, jeśli zostawisz puste."
"Use Aggregated Data","Użyj połączonych danych"
"Orders Cron Settings","Zamówienia ustawienia Cron"
"Pending Payment Order Lifetime (minutes)","Oczekujące płatności porządku życia (w minutach)"
"Sales Emails","E-maile sprzedażowe"
"Asynchronous sending","Wysyłanie asynchroniczne"
"New Order Confirmation Email Sender","Nadawca wiadomości potwierdzającej nowe zamówienie"
"New Order Confirmation Template","Szablon wiadomości potwierdzającej nowe zamówienie"
"New Order Confirmation Template for Guest","Szablon wiadomości potwierdzającej nowe zamówienie dla niezalogowanych"
"Send Order Email Copy To","Wyślij kopię e-maila z zamówieniem do"
"Send Order Email Copy Method","Metoda wysyłki kopii e-maila z zamówieniem"
"Order Comment Email Sender","Nadawca wiadomości z komentarzem do zamówienia"
"Order Comment Email Template","Szablon wiadomości z komentarzem do zamówienia"
"Order Comment Email Template for Guest","Szablon wiadomości z komentarzem do zamówienia (dla Gości)"
"Send Order Comment Email Copy To","Wyślij kopię e-maila z komentarzem do zamówienia do"
"Send Order Comments Email Copy Method","Wyślij kopię e-maila komentarzy do zamówienia metodą"
"Invoice Email Sender","Nadawca wiadomości o fakturze"
"Invoice Email Template","Szablon wiadomości o fakturze"
"Invoice Email Template for Guest","Szablon wiadomości o fakturze (dla Gości)"
"Send Invoice Email Copy To","Wyślij kopię e-maila z fakturą do"
"Send Invoice Email Copy Method","Wyślij kopię e-maila o fakturze metodą"
"Invoice Comment Email Sender","Nadawca wiadomości o komentarzu do faktury"
"Invoice Comment Email Template","Szablon wiadomości o komentarzu do faktury"
"Invoice Comment Email Template for Guest","Szablon wiadomości o komentarzu do faktury (dla Gości)"
"Send Invoice Comment Email Copy To","Wyślij kopię e-maila z komentarzem do faktury do"
"Send Invoice Comments Email Copy Method","Wyślij kopię e-maila komentarzy do faktury metodą"
"Shipment Email Sender","Nadawca wiadomości o wysyłce"
"Shipment Email Template","Szablon wiadomości o wysyłce"
"Shipment Email Template for Guest","Szablon wiadomości o wysyłce (dla Gości)"
"Send Shipment Email Copy To","Wyślij kopię e-maila z wysyłką do"
"Send Shipment Email Copy Method","Wyślij kopię e-maila dostawy metodą"
"Shipment Comments","Komentarze do dostawy"
"Shipment Comment Email Sender","Nadawca wiadomości z komentarzem do wysyłki"
"Shipment Comment Email Template","Szablon wiadomości z komentarzem do wysyłki"
"Shipment Comment Email Template for Guest","Szablon wiadomości z komentarzem do wysyłki (dla Gości)"
"Send Shipment Comment Email Copy To","Wyślij kopię e-maila z komentarzem do dostawy do"
"Send Shipment Comments Email Copy Method","Wyślij kopię e-maila komentarzy do dostawy metodą"
"Credit Memo Email Sender","Nadawca wiadomości o fakturze korygującej"
"Credit Memo Email Template","Szablon wiadomości o fakturze korygującej"
"Credit Memo Email Template for Guest","Szablon wiadomości o fakturze korygującej (dla Gości)"
"Send Credit Memo Email Copy To","Wyślij kopię e-maila z fakturą korygującą do"
"Send Credit Memo Email Copy Method","Wyślij kopię e-maila o fakturze korygującej metodą"
"Credit Memo Comment Email Sender","Nadawca wiadomości o komentarzu do faktury korygującej"
"Credit Memo Comment Email Template","Szablon wiadomości o komentarzu do faktury korygującej"
"Credit Memo Comment Email Template for Guest","Szablon wiadomości o komentarzu do faktury korygującej (dla Gości)"
"Send Credit Memo Comment Email Copy To","Wyślij kopię e-maila z komentarzem do faktury korygującej do"
"Send Credit Memo Comments Email Copy Method","Wyślij kopię e-maila komentarzy do faktury korygującej metodą"
"PDF Print-outs","Wydruki PDF"
"Display Order ID in Header","Wyświetl ID zamówienia w nagłówku"
"Customer Order Status Notification","Powiadomienie o statusie zamówienia"
"Asynchronous indexing","Indeksowanie asynchroniczne"
"Orders and Returns Search Form","Formularz wyszukiwania zamówień i zwrotów"
"ZIP/Post Code","Kod pocztowy"
"Signed-up Point","Miejsce rejestracji"
"Invoice Date","Data wystawienia"
"Ship Date","Data wysyłki"
"Total Quantity","Całkowita ilość"
"Default Status","Domyślny status"
"State Code and Title","Kod stanu i tytuł"
"Item Status",Stan
"Original Price","Oryginalna cena"
"Tax Percent",Podatek
"PDF Credit Memos","Pobierz fakturę korygującą"
"Print Invoices","Drukuj faktury"
"Print Packing Slips","Drukuj dokumenty dostawy"
"Print Credit Memos","Drukuj faktury korygujące"
"Print All","Drukuj wszystko"
"Print Shipping Labels","Drukuj etykiety adresowe"
"Purchase Date","Data zakupu"
"Customer Email","E-mail klienta"
"Shipping and Handling","Dostawa i obsługa"
"PDF Invoices","Pobierz fakturę"
"PDF Shipments","Wysyłki PDF"
"PDF Creditmemos","PDF korekty"
"Create New Order for New Customer in %1","Utwórz nowe zamówienie dla nowego klienta w %1"
"The invoice and the shipment  have been created. The shipping label cannot be created now.","Faktura i przesyłka zostały utworzone. Nie można teraz utworzyć etykiety wysyłkowej."
"We will authorize %1 after the payment is approved at the payment gateway.","Autoryzujemy %1 po zatwierdzeniu płatności przez bramkę płatności."
"Order is suspended as its authorizing amount %1 is suspected to be fraudulent.","Zamówienie zostało zawieszone, ponieważ istnieje podejrzenie, że kwota autoryzacji %1 jest nieuczciwa."
"An amount of %1 will be captured after being approved at the payment gateway.","Kwota %1 zostanie pobrana po zatwierdzeniu przez bramkę płatności."
"Captured amount of %1 online","Przechwycona kwota %1 online"
"The order amount of %1 is pending approval on the payment gateway.","Kwota zamówienia %1 oczekuje na zatwierdzenie przez bramkę płatności."
"Registered notification about captured amount of %1.","Zarejestrowano powiadomienie o przechwyconej kwocie %1."
"Order is suspended as its capture amount %1 is suspected to be fraudulent.","Zamówienie zostało zawieszone, ponieważ podejrzewa się, że przechwycona kwota %1 jest nieuczciwa."
"We found an invalid quantity to ship for item ""%1"".","Znaleziono nieprawidłową ilość do wysyłki dla pozycji ""%1""."
order-header,"nagłówek zamówienia"
"Improves dashboard performance but provides non-realtime data.","Poprawia wydajność pulpitu nawigacyjnego, ale zapewnia dane nie w czasie rzeczywistym."
"Sample message.","Przykładowa wiadomość."
"Limit per cron run","Limit na uruchomienie cron"
"Grid Settings","Ustawienia siatki"
"Use Aggregated Data (beta)","Korzystanie z danych zagregowanych (beta)"
"Could not save the comment.","Nie można zapisać komentarza."
"Authorized amount of %1.","Autoryzowana kwota %1."
"Authorized amount of %1. Order is suspended as its authorizing amount %1 is suspected to be fraudulent.","Autoryzowana kwota %1. Zamówienie zostało zawieszone, ponieważ istnieje podejrzenie, że kwota autoryzacji %1 jest nieuczciwa."
"Captured amount of %1 online.","Przechwycona kwota %1 online."
"Product is not salable.","Produkt nie nadaje się do sprzedaży."
"Get available payment methods","Pobierz dostępne metody płatności"
"Allow Zero GrandTotal for Creditmemo","Zezwól na zerową sumę całkowitą dla Creditmemo"
"Include Discount Amount","Uwzględnij kwotę rabatu"
"The comment is missing. Enter and try again.","Brakuje komentarza. Wpisz i spróbuj ponownie."
"The ""%1"" coupon code isn't valid. Verify the code and try again.","Kod kuponu ""%1"" jest nieprawidłowy. Zweryfikuj kod i spróbuj ponownie."
"The quote item ID needs to be received. Set the ID and try again.","Należy odebrać identyfikator pozycji wyceny. Ustaw ID i spróbuj ponownie."
"The invoice can't be created without products. Add products and try again.","Nie można utworzyć faktury bez produktów. Dodaj produkty i spróbuj ponownie."
"The invoice can't be saved at this time. Please try again later.","W tej chwili nie można zapisać faktury. Spróbuj ponownie później."
"An ID is needed. Set the ID and try again.","Potrzebny jest identyfikator. Ustaw identyfikator i spróbuj ponownie."
"The order address couldn't be deleted.","Adres zamówienia nie mógł zostać usunięty."
"The order address couldn't be saved.","Adres zamówienia nie mógł zostać zapisany."
"The credit memo couldn't be deleted.","Nota kredytowa nie mogła zostać usunięta."
"The credit memo couldn't be saved.","Nie udało się uratować noty kredytowej."
"The shipment couldn't be deleted.","Przesyłka nie mogła zostać usunięta."
"The shipment couldn't be saved.","Przesyłki nie udało się uratować."
"The last status can't be changed and needs to stay assigned to its current state.","Ostatni status nie może zostać zmieniony i musi pozostać przypisany do bieżącego stanu."
"The status can't be unassigned because the status is currently used by an order.","Statusu nie można cofnąć, ponieważ jest on obecnie używany przez zamówienie."
"The status needs to remain assigned to its state.","Status musi pozostać przypisany do swojego stanu."
"The ""%1"" validator is not an instance of the general validator interface.","Walidator ""%1"" nie jest instancją ogólnego interfejsu walidatora."
"The creditmemo contains incorrect product items.","Creditmemo zawiera nieprawidłowe pozycje produktów."
"You can not refund shipping if there is no shipping amount.","Nie można zwrócić kosztów wysyłki, jeśli nie ma kwoty wysyłki."
"Move to Archive","Przenieść do archiwum"
"Move to Order Management","Przenieść do zarządzania zamówieniami"
"We have archived the order.","Zamówienie zostało zarchiwizowane."
"Please specify the order ID to be archived.","Określ identyfikator zamówienia do zarchiwizowania."
"We archived %1 order(s).","Zarchiwizowaliśmy %1 zamówień."
"We can't archive the selected order(s).","Nie można archiwizować wybranego zamówienia."
"We removed %1 order(s) from the archive.","Usunęliśmy %1 zamówień z archiwum."
"We have removed the order from the archive.","Usunęliśmy zamówienie z archiwum."
"Please specify the order ID to be removed from archive.","Określ identyfikator zamówienia które ma być usunięte z archiwum."
"There are %1 orders in this archive. All of them will be moved to the regular table after the archive is disabled.","Istnieje %1 zamówień w tym archiwum. Wszystkie z nich zostaną przeniesione do tabeli regularnej po  wyłączaniu archiwum."
"Restore from Archive","Przywróć z archiwum"
"Orders, Invoices, Shipments, Credit Memos Archiving","Archiwizacja zamówień, faktur, wysyłek, faktur korygujących"
"Enable Archiving","Włącz archiwizowanie"
"Archive Orders Purchased","Archiwum zamówień"
"Order Statuses to be Archived","Statusy zamówień zostaną zarchiwizowane"
"Mass Add","Dodawanie masowe"
"Sales Archive","Archiwum sprzedaży"
"Return to Order Management","Wróć do zarządzania zamówieniami"
"Remove to Archive","Usuń do archiwum"
"Go to Archive","Przejdź do archiwum"
"The ""%1"" product is not part of the current creditmemo.","Produkt ""%1"" nie jest częścią bieżącego creditmemo."
"The return to stock argument contains product item that is not part of the original order.","Argument zwrotu do magazynu zawiera pozycję produktu, która nie jest częścią oryginalnego zamówienia."
"Are you sure you want to delete this?","Czy na pewno chcesz to usunąć?"
"Apply the rule only to cart items matching the following conditions (leave blank for all items).","Zastosuj regułę do produktów w koszyku spełniających następujące warunki (pozostaw puste dla wszystkich produktów)."
"Apply the rule only if the following conditions are met (leave blank for all products).","Zastosuj regułę tylko gdy następujące warunki są spełnione (pozostaw puste dla wszystkich produktów)."
"Manage Coupon Codes","Kody rabatowe"
"Coupon Qty","Ilość kodów"
"If empty no separation.","Brak oddzielenia jeśli puste."
Uses,Zastosowania
"Times Used","Ilość zastosowań"
"Are you sure you want to delete the selected coupon(s)?","Czy na pewno chcesz usunąć wybrany kupon(y)?"
Labels,Etykiey
"%1 - Discounts and Coupons","%1 - obniżki i kupony"
Coupons/Discounts,Kupony/obniżki
"We can't delete the rule right now. Please review the log and try again.","Nie możemy teraz usunąć reguły. Przejrzyj dziennik i spróbuj ponownie."
"New Cart Price Rule","Nowe reguły cenowe koszyka"
"Rule is not defined","Reguła nie jest zdefiniowana"
"%1 coupon(s) have been generated.","%1 kodów zostało wygenerowanych."
"Invalid data provided","Podano błędne dane"
"Something went wrong while generating coupons. Please review the log and try again.","Coś się zepsuło podczas generowania kuponów. Przejrzyj dziennik i spróbuj ponownie."
"The wrong rule is specified.","Źle określona reguła."
"We cannot create the requested Coupon Qty. Please check your settings and try again.","Nie można utworzyć żądanej ilości kuponów. Proszę sprawdzić ustawienia i spróbuj ponownie."
"Specified rule does not allow coupons","Określone reguły nie zezwala na kupony"
"Specified rule only allows auto generated coupons","Określone reguły pozwalają tylko na automatycznie wygenerowanie Kuponów"
"Specified rule does not allow auto generated coupons","Określone reguły nie pozwalają na automatyczne wygenerowanie Kuponów"
"Error occurred when saving coupon: %1","Wystąpił błąd podczas zapisywania Kuponu: %1"
"Coupon with the same code","Kupon z takim samym kodem"
"No Coupon",Nie
"Specific Coupon","Wybrany kupon"
"Can't acquire coupon.","Nie można pobrać kuponu."
"Total Items Quantity","Łączna ilość produktów"
"Shipping Postcode","Kod pocztowy dostawy"
"Shipping Region","Region dostawy"
"Shipping State/Province","Województwo dostawy"
"Shipping Country","Kraj dostawy"
"Product attribute combination","Kombinacja cech produktu"
"Products subselection","Podwybór produktów"
"Conditions combination","Kombinacja warunków"
"Cart Attribute","Cechy koszyka"
"Quantity in cart","Ilość w koszyku"
"Price in cart","Cena w koszyku"
"Row total in cart","Ilość wierszy w koszyku"
"Cart Item Attribute","Cecha produktu w koszyku"
FOUND,ZNALEZIONO
"NOT FOUND","NIE ZNALEZIONO"
"If an item is %1 in the cart with %2 of these conditions true:","Jeśli produkt jest %1 w koszyku z %2 z tych warunków dających prawda:"
"total quantity","łączna ilość"
"total amount","łączna wartość"
"If %1 %2 %3 for a subselection of items in cart matching %4 of these conditions:","Jeśli %1 %2 %3 dla wyboru produktów w koszyku pasujących do %4 z tych warunków:"
"Percent of product price discount","Procent zniżki dla ceny produktu"
"Fixed amount discount","Zniżka o stałej wartości"
"Fixed amount discount for whole cart","Stała wartość zniżki dla całego koszyka"
"Buy X get Y free (discount amount is Y)","Kup X dostań Y za darmo (zniżkową wartością jest Y)"
"Specified rule does not allow automatic coupon generation","Określona reguła nie pozwala na automatyczną generację"
"Error occurred when generating coupons: %1","Wystąpił błąd podczas generowania Kuponu: %1"
"Some coupons are invalid.","Niektóre kupony są nieprawidłowe."
"Item totals are not set for the rule.","Suma pozycji wierszy nie jest ustawiona dla reguły."
"%1 Cart Price Rules based on ""%2"" attribute have been disabled.","%1 zasada ceny koszyku na podstawie atrybutu ""%2"" zostały wyłączone."
"Your coupon was successfully removed.","Twój kupon został pomyślnie usunięty."
"Your coupon was successfully applied.","Twój kupon został pomyślnie zastosowany."
Promotion,Promocja
"Auto Generated Specific Coupon Codes","Automatycznie wygenerowane kody kuponów"
"Currently Active","Obecnie aktywny"
"
                    If you select and save the rule you will be able to generate multiple coupon codes.
                ","
                    Jeśli wybierzesz i zapiszesz regułę, będziesz mógł wygenerować wiele kodów kuponów.
                "
"Use Auto Generation","Użyj automatycznej generacji"
"Uses per Coupon","Zastosowania wg kuponów"
"
                    Usage limit enforced for logged in customers only.
                ","
                    Limit użytkowania egzekwowany tylko dla zalogowanych klientów.
                "
"Uses per Customer","Zastosowania wg klientów"
"Public In RSS Feed","Publiczne w kanale RSS"
"Maximum Qty Discount is Applied To","Maksymalna zniżka ilościowa jest stosowana dla"
"Discount Qty Step (Buy X)","Kroki ilości zniżek (kup X)"
"Discount amount is applied to subtotal only","Kwota rabatu jest stosowana tylko do sumy częściowej"
"Discount amount is applied to subtotal and shipping amount separately","Kwota rabatu jest stosowana oddzielnie do kwoty częściowej i wysyłki"
"Apply to Shipping Amount","Zastosuj do kosztu dostawy"
"Default Rule Label for All Store Views","Domyślna etykiet reguły dla wszystkich widoków sklepu"
"Coupons Information","Informacje o kuponach"
"Default Label","Etykieta domyślna"
"If you select and save the rule you will be able to generate multiple coupon codes.","Jeśli wybierzesz i zapiszesz regułę, będziesz mógł wygenerować wiele kodów kuponów."
"Usage limit enforced for logged in customers only.","Limit użytkowania egzekwowany tylko dla zalogowanych klientów."
"Your coupon was successfully removed","Twój kupon został pomyślnie usunięty"
"Your coupon was successfully applied","Twój kupon został pomyślnie zastosowany"
"
                        If you select and save the rule you will be able to generate multiple coupon codes.
                    ","
                        Jeśli wybierzesz i zapiszesz regułę, będziesz mógł wygenerować wiele kodów kuponów.
                    "
"
                        Usage limit enforced for logged in customers only.
                    ","
                        Limit użytkowania egzekwowany tylko dla zalogowanych klientów.
                    "
"Category (Parent only)","Kategoria (tylko rodzic)"
"Category (Children Only)","Kategoria (tylko dzieci)"
"(Parent Only)","(Tylko rodzic)"
"(Children Only)","(Tylko dzieci)"
"Message is added to queue, wait to get your coupons soon","Wiadomość została dodana do kolejki, czekaj, aby wkrótce otrzymać kupony"
"Your coupons are ready","Twoje kupony są gotowe"
"You can check your coupons at sales rule page","Kupony można sprawdzić na stronie z zasadami sprzedaży"
"Error during coupons generator process occurred","Wystąpił błąd podczas procesu generowania kuponów"
"Error during coupons generator process occurred. Please check logs for detail","Wystąpił błąd podczas procesu generowania kuponów. Sprawdź szczegóły w logach"
"An error occurred during processing; coupon with id %1 expiration date wasn't updated. The error message was: %2","Wystąpił błąd podczas przetwarzania; kupon o identyfikatorze %1 z datą ważności nie został zaktualizowany. Komunikat o błędzie brzmiał: %2"
"Future Update in this time range already exists. Select a different range to add a new Future Update.","Przyszła aktualizacja w tym okresie już istnieje. By dodać nową zmień przedział czasowy."
"The cart price rule will be removed from the update and all scheduled changes will be lost.","Reguła cen koszyka zostanie usunięta z aktualizacji, a wszystkie zaplanowane zmiany zostaną utracone."
"Remove Cart Price Rule from Campaign","Usuń regułę ceny koszyka z kampanii"
"Deleting the update will remove the cart price rule from this campaign and all scheduled changes will be lost.","Usunięcie aktualizacji spowoduje usunięcie reguły ceny koszyka z tej kampanii, a wszystkie zaplanowane zmiany zostaną utracone."
"Entity Sequence profile not added to meta active profile","Profil Entity Sequence nie został dodany do metaaktywnego profilu"
"Not enough arguments","Za mało argumentów"
"The entity sequence profile wasn't added to the meta active profile. Verify the profile and try again.","Profil sekwencji encji nie został dodany do metaaktywnego profilu. Zweryfikuj profil i spróbuj ponownie."
"File not found","Nie znaleziono pliku"
"Fatal Error","Błąd krytyczny"
"Use deferred Stock update","Za pomocą odroczonego czas aktualizacji"
"Use Deferred Stock Update","Użyj opóźnionych aktualizacji zapasów"
"Add Scheduled Export","Dodaj zaplanowany eksport"
"Add Scheduled Import","Dodaj zaplanowany import"
"Scheduled Import/Export","Zaplanowany import/eksport"
"Please correct the scheduled operation type.","Proszę poprawić rodzaj zaplanowanej operacji."
"Server Type","Typ serwera"
"File Directory","Katalog pliku"
"For Type ""Local Server"" use relative path to Magento installation, e.g. var/export, var/import, var/export/some/dir","Dla typu ""Serwer lokalny"" użyj względnej ścieżki do instalacji Magento, np. var/export, var/import, var/export/some/dir."
"FTP Host[:Port]","Host FTP[:Port]"
"File Mode","Tryb pliku"
"Passive Mode","Tryb pasywny"
"Failed Email Receiver","Nie powiodło się odebranie wiadomości E-mail"
"Failed Email Sender","Nadanie wiadomości E-mail nie powiodło się"
"Failed Email Template","Niepowodzenie szablonu Email"
"Send Failed Email Copy To","Wyślij kopię e-maila do"
"Send Failed Email Copy Method","Metoda błędnej wysyłki kopii e-maila"
"Export File Information","Informacje o pliku eksportu"
"Export Failed Emails","Eksport wiadomości E-mail nie powiódł się"
"File Format","Format pliku"
"Import File Information","Informacje o pliku eksportu"
"Import Failed Emails","Eksport wiadomości E-mail nie powiódł się"
"On Error",Błąd
"File Name","Nazwa pliku"
"Clean Now","Czyść teraz"
"Scheduled Imports/Exports","Zaplanowany import/eksport"
"The operation ran.","Uruchomione operacje."
"We can't run the operation right now, see error log for details.","Nie można uruchomić operacji teraz, zobacz szczegóły w dzienniku błędów."
"We can't delete the scheduled operation right now.","Nie można teraz usunąć zaplanowanej operacji."
"No valid data sent","Nie przesłano poprawnych danych"
"You deleted the history files.","Pliki historii zostały usunięte."
"We can't delete the history files right now.","Nie można teraz usunąć plików historii."
"We cannot change status for all items.","Nie można zmienić stanu wszystkich produktów."
"You deleted a total of %1 record(s).","Usunięto w sumie %1 rekord(ów)."
"We can't delete all the items right now.","Nie można teraz usunąć wszystkich przedmiotów."
"We can't save the scheduled operation right now.","Nie można teraz zapisać zaplanowanej operacji."
"We can't create directory ""%1""","Nie możemy utworzyć katalogu ""%1"""
"The directory ""%1"" is not writable.","Katalog ""%1"" nie jest zapisywalny."
"We can't delete ""%1"" because the directory is not writable.","Nie możemy usunąć ""%1"", ponieważ katalog nie jest zapisywalny."
"Scheduled Import","Harmonogram Importu"
"New Scheduled Import","Nowe harmonogram Importu"
"Scheduled Export","Harmonogram exportu"
"New Scheduled Export","Nowy harmonogram exportu"
"You saved the scheduled import.","Zapisałeś zaplanowany import."
"You saved the scheduled report.","Zapisałeś zaplanowany raport."
"You deleted the scheduled import.","Usunąłeś zaplanowany import."
"You deleted the scheduled export.","Usunąłeś zaplanowany eksport."
"Are you sure you want to delete this scheduled import?","Czy na pewno chcesz usunąć ten harmonogram importu?"
"Are you sure you want to delete this scheduled export?","Czy na pewno chcesz usunąć ten harmonogram exportu?"
"We were unable to save the cron expression.","Nie mogliśmy zapisać wyrażenia cron."
"Unable to delete the cron task.","Nie można usunąć zadania cron."
"Please correct the cron job task","Proszę poprawić zadanie działania cron"
"File has been not created","Nie utworzono pliku"
"Something went wrong and the operation failed.","Coś poszło nie tak i operacja nie powiodła się."
"We can't read the file source because the file name is empty.","Nie możemy odczytać pliku źródłowego, ponieważ nazwa pliku jest pusta."
"Connecting to server","Łączenie z serwerem"
"Reading import file","Czytanie pliku importu"
"We can't read the import file.","Nie można odczytać pliku importu."
"Save history file content ""%1""","Zapisywanie zawartości pliku historii ""%1"""
"We couldn't write file ""%1"" to ""%2"" with the ""%3"" driver.","Nie mogliśmy zapisać pliku ""%1"" do ""%2"" ze sterownikiem ""%3""."
"Save file content","Zapisywanie zawartości pliku"
"Please correct the server type.","Popraw typ serwera."
"Import path %1 not exists","Ścieżka %1 nie istnieje"
"We can't read the file.","Nie można odczytać pliku."
"We can't save the file history file.","Nie można zapisać historii pliku."
"Unknown file format","Nieznany format pliku"
"Local Server","Serwer lokalny"
"Remote FTP","Zdalny FTP"
Binary,Binarny
"Stop Import","Zatrzymaj Import"
"Continue Processing","Kontynuuj przetwarzanie"
Successful,"Zakończona pomyślnie"
"Can not open file","Nie można otworzyć pliku"
"%store_name - Scheduled Export Failed","%store_name - zaplanowany eksport nie powiódł się"
"%operation_name - Scheduled Export Failed","%operation_name - według harmonogramu exportu nie powiodło się"
"Operation name:","Nazwa operacji:"
"Entity type:","Typ jednostki:"
"File history path:","Ścieżka pliku historii:"
"Log trace:","Ślad błędu:"
"Scheduled Import/Export File History Cleanup Warnings","Ostrzeżenia czyszczenia plików historii zaplanowanych importów/eksportów"
"%store_name  - Scheduled Import Failed","%store_name - zaplanowany import nie powiódł się"
"%operation_name - Scheduled Import Failed","%operation_name - zaplanowany import nie powiódł się"
"Scheduled Import/Export File History Cleaning","Zaplanowane czyszczenie plików historii zaplanowanych importów/eksportów"
"Save Files, Days","Zapisz pliki, dni"
"Enable Scheduled File History Cleaning","Zezwól na zaplanowane czyszczenie plików historii"
"Are you sure you want to delete the selected scheduled imports/exports?","Czy jesteś pewien, że chcesz usunąć te zaplanowane importy / eksporty?"
"Last Run","Ostatnie uruchomienie"
"Last Outcome","Ostatni wynik"
"For Type ""Local Server"" use relative path to Magento installation,  e.g. var/export, var/import, var/export/some/dir","Dla typu ""Serwer lokalny"" użyj względnej ścieżki do instalacji Magento, np. var/export, var/import, var/export/some/dir."
"Search Term","Szukana fraza"
"Search Synonyms","Szukaj synonimów"
"New Synonym Group","Nowa grupa synonimów"
"Delete Synonym Group","Usuwanie grupy synonimów"
"Are you sure you want to delete this synonym group?","Czy na pewno chcesz usunąć tę grupę synonimów?"
"Save Synonym Group","Zapisz grupę synonimów"
"Save Search","Zapisz wyszukiwanie"
"Delete Search","Usuń wyszukiwanie"
"Edit Search '%1'","Edycja wyszukiwania '%1'"
"New Search","Nowe wyszukiwanie"
"Search Information","Informacje o wyszukiwaniu"
"Number of results","Ilość wyników"
"Number of results (For the last time placed)","Ilość wyników (od ostatniego razu)"
"For the last time placed.","dla ostaniego złożenia."
"Number of Uses","Ilość zastosowań"
"ex. http://domain.com","np. http://domena.pl"
"Display in Suggested Terms","Wyświetlaj w sugerowanych frazach"
"The synonym group has been deleted.","Usunięto grupę synonimów."
"An error was encountered while performing delete operation.","Wystąpił błąd podczas operacji usuwania."
"We can't find a synonym group to delete.","Nie możemy znaleźć grupy synonimów do usunięcia."
"This synonyms group no longer exists.","Ta grupa synonimów już nie istnieje."
"Edit Synonym Group","Edycja grupy synonimów"
"Synonym Group","Grupa synonimów"
"Failed to delete %1 synonym group(s).","Nie można usunąć grupy synonimów %1."
"A total of %1 synonym group(s) have been deleted.","W sumie usunięto %1 grup synonimów."
"Search synonyms are not supported by the %1 search engine. Any synonyms you enter won't be used.","Wyszukiwanie synonimów nie jest obsługiwane przez wyszukiwarkę %1. Żaden z wprowadzonych synonimów nie będzie użyty."
"This synonym group no longer exists.","Ta grupa synonimów już nie istnieje."
"You saved the synonym group.","Zapisane grupy synonimów."
"The terms you entered, (%1), belong to 1 existing synonym group, %2. Select the ""Merge existing synonyms"" checkbox so the terms can be merged.","Wprowadzony termin, (%1), należy do jednej z istniejących grup synonimów - %2. Zaznacz pole ""Połącz istniejące synonimy"", aby terminy mogły zostać połączone."
"The terms you entered, (%1), belong to %2 existing synonym groups, %3 and %4. Select the ""Merge existing synonyms"" checkbox so the terms can be merged.","Wprowadzony termin, (%1), należy do %2 istniejących grup synonimów - %3 oraz %4. Zaznacz pole ""Połącz istniejące synonimy"", aby terminy mogły zostać połączone."
"You deleted the search.","Usunąłeś wyszukiwanie."
"We can't find a search term to delete.","Nie możemy znaleźć wyszukiwanej frazy do usunięcia."
"This search no longer exists.","To wyszukiwanie już nie istnieje."
"Edit Search","Edycja wyszukiwania"
"Please select searches.","Proszę wybrać wyszukiwanie."
"Search Terms Report","Raport fraz wyszukiwania"
"You saved the search term.","Zapisałeś frazę wyszukiwania."
"Something went wrong while saving the search query.","Coś się zepsuło podczas zapisywania kolejki wyszukiwania."
"You already have an identical search term query.","Masz już identyczne frazy wyszukiwania."
"Your search query can't be longer than %1, so we shortened your query.","Twoje zapytanie nie może być dłuższe niż %1, więc skróciliśmy twoje zapytanie."
"Synonym group with id %1 cannot be deleted. %2","Nie można usunąć grupy synonimów o id %1. %2"
"Merge conflict with existing synonym group(s): %1","Wystąpił konflikt łączenia z istniejącą grupą lub grupami synonimów: %1"
"    All Store Views","    Wszystkie widoki sklepów"
"Are you sure you want to delete synonym group with id: %1?","Czy na pewno chcesz usunąć grupę synonimów o id: %1?"
"Search entire store here...","Szukaj w sklepie..."
"There are no search terms available.","Brak dostępnych fraz wyszukiwania."
"Search Engine",Wyszukiwarka
Hits,Kliknięcia
"Suggested Terms","Sugerowany termin"
yes,tak
no,nie
"You can adjust the scope of this synonym group by selecting an option from the list.","Możesz dostosować zakres tej grupy synonimów, wybierając odpowiednią opcję z listy."
"Comma-separated list of synonyms. The terms entered (separated by commas) will be used as an “OR” search query to search your entire store. For example, if you enter “shoes,footwear”, and user were to search for ""shoes"", the search results will include any product or content with term “shoes"" or ""footwear.”","Lista synonimów oddzielona przecinkami. Wprowadzony terminy (oddzielony przecinkami) będzie użyty w przeszukiwaniu całego sklepu jako zapytanie ""LUB"". Na przykład, jeśli wprowadzisz ""buty,obuwie"", a użytkownik wyszukuje ""buty"", w wynikach wyszukiwania pojawią się wszystkie produkty i zawartości w których występuje termin ""buty"" lub ""obuwie."""
Synonyms,Synonimy
"Automatically merges synonyms in groups that share the same scope. If you check this box and you add one or more of the same terms to different synonym groups in the same scope, automatically merges all the terms to one group. If this isn't what you want, uncheck the box and an error displays if you try to add the same terms.","Automatycznie łącz synonimy w grupach, które dzielą ten sam zakres. Jeśli zaznaczysz to pole i dodasz jeden lub więcej tych samych terminów do różnych grup w tym samym zakresie, wszystkie terminy zostaną automatycznie włączone do jednej grupy. Jeśli nie jest to efekt którego oczekujesz, odznacz to pole a gdy będziesz próbował dodać te same terminy wyświetli się błąd."
"Are you sure you want to delete the selected synonym groups?","Czy na pewno chcesz usunąć wybrane grupy synonimów?"
"Synonym For",Synonim
"Will make search for the query above return results for this search","Sprawi, że wyszukiwanie dla powyższego zapytania zwróci wyniki dla tego wyszukiwania"
"Merge existing synonyms","Scal istniejące synonimy"
"The synonym group with the ""%1"" ID can't be deleted. %2","Nie można usunąć grupy synonimów o identyfikatorze ""%1"". %2"
"Account Activity","Aktywność na koncie"
"All other open sessions for this account were terminated.","Wszystkie inne otwarte sesje dla tego konta zostały zakończone."
"We couldn't logout because of an error.","Nie można wylogować z powodu błędu."
"Someone logged into this account from another device or browser. Your current session is terminated.","Ktoś zalogował się na to konto z innej przeglądarki lub urządzenia. Twoja bieżąca sesja zostaje zakończona."
"Your current session is terminated by another user of this account.","Twoja obecna sesja została zakończona przez innego użytkownika tego konta."
"Your current session has been expired.","Twoja obecna sesja wygasła."
"By IP and Email","Przez IP i E-mail"
"By IP","Przez IP"
"By Email","Przez E-mail"
"Too many password reset requests. Please wait and try again or contact %1.","Zbyt wiele żądań zresetowania hasła. Poczekaj i spróbuj ponownie lub skontaktuj się z %1."
"Incorrect Security Checker class. It has to implement SecurityCheckerInterface","Nieprawidłowe sprawdzanie zabezpieczeń klasy. Ma do wykonania SecurityCheckerInterface"
"This administrator account is open in more than one location. Note that other locations might be different browsers or sessions on the same computer.","To konto administratorskie jest otwarte w więcej niż jedna lokalizacja. Miej na uwadze, iż inne lokacje obejmują także różne przeglądarki czy sesje na tym samym komputerze."
"Concurrent session information:","Informacje o równoległej sesji:"
"Time of session start","Czas rozpoczęcia sesji"
"Are you sure that you want to log out all other sessions?","Czy na pewno chcesz wylogować wszystkie inne sesje?"
"Log out all other sessions","Wszystkie inne sesje zostały wylogowane"
"This computer is using IP address %1.","Ten komputer używa adresu IP %1."
"Admin Account Sharing","Udostępnianie konta administratora"
"If set to Yes, you can log in from multiple computers into same account. Default setting No improves security.","Jeśli ustawiona na tak, możesz zalogować się z wielu komputerów do tego samego konta. Domyślne ustawienie nie jest bezpieczne."
"Password Reset Protection Type","Rodzaj ochrony resetowania hasła"
"Max Number of Password Reset Requests","Maksymalna liczba żądań zresetowania hasła"
"Limit the number of password reset request per hour. Use 0 to disable.","Ogranicz liczbę żądań zresetowania hasła na godzinę. Użyj 0 by wyłączyć limit."
"Min Time Between Password Reset Requests","Minimalny czas między żądaniami resetowania hasła"
"Delay in minutes between password reset requests. Use 0 to disable.","Opóźnienie w minutach między żądaniami zresetowania hasła. Użyj 0 by wyłączyć opóźnienie."
"We received too many requests for password resets. Please wait and try again later or contact %1.","Otrzymaliśmy zbyt wiele próśb o zresetowanie hasła. Poczekaj i spróbuj ponownie później lub skontaktuj się z %1."
"You can't send messages more than %1 times an hour.","Nie możesz wysłać wiadomości ponad %1 razy na godzinę."
"The link to a friend was sent.","Link został wysłany do znajomego."
"We found some problems with the data.","Problem z danymi."
"Some emails were not sent.","Niektóre e-maile nie zostały wysłane."
"You've met your limit of %1 sends in an hour.","Posiadasz limit %1 wysyłek w godzinę."
"Please enter a sender name.","Wprowadź nazwę nadawcy."
"Invalid Sender Email","Nieprawidłowy e-mail nadawcy"
"Please enter a message.","Wpisz wiadomość."
"Please specify at least one recipient.","Proszę określić co najmniej jednego adresata."
"Please enter a correct recipient email address.","Podaj poprawny adres email."
"No more than %1 emails can be sent at a time.","Nie można wysyłać więcej niż %1 wiadomości na raz."
"Please define a correct product instance.","Prosimy zdefiniować poprawną instancję produktu."
"Invalid Sender Information","Nieprawidłowa informacja nadawcy"
"Please define the correct sender information.","Prosimy zdefiniować poprawną informację nadawcy."
"Cookie (unsafe)","Ciasteczko (niezabezpieczone)"
"No Product Exception.","Brak wyjątku dotyczącego produktu."
"No Category Exception.","Brak kategorii Wyjątek."
"Some error","Niektóre błędy"
"Localized Exception.","Zlokalizowany wyjątek."
Exception.,Wyjątek.
"Remove Recipent","Usuń Odbiorcę"
"Welcome, %name","Witaj, %name"
"%sender_name wants to share this product with you:","%sender_name chce się z tobą podzielić tym produktem:"
"Select Email Template","Wybierz szablon e-mail"
"Allow for Guests","Wysyłanie maili przez Gości"
"Max Recipients","Maksymalna ilość odbiorców"
"Max Products Sent in 1 Hour","Wysłana maksymalna ilość produktów w 1 godzinie"
"Limit Sending By","Ogranicz wysyłanie o"
"Please provide Name for all of recipients.","Podaj imię i nazwisko wszystkich odbiorców."
"Please provide Email for all of recipients.","Podaj adres e-mail wszystkich odbiorców."
"Please provide Name of sender.","Prosimy o podanie nazwy nadawcy."
"Please provide Email of sender.","Podaj adres e-mail nadawcy."
"Please provide Message.","Prosimy o podanie wiadomości."
"Catalog Structure","Struktura katalogu"
"Catalog Id","Id katalogu"
"Store Id","Id sklepu"
"This action cannot be undone. Are you sure you want to delete this catalog?","Tej czynności nie można cofnąć. Czy na pewno chcesz usunąć ten katalog?"
Duplicate,Duplikat
"Linked Products","Powiązane produkty"
Pricing,Wycena
"Shared Catalogs","Udostępnione katalogi"
"The companies have been reassigned.","Firmy zostały przeniesione."
"Error while reassigning the company.","Błąd podczas ponownego przypisywania firmy."
"Discount value cannot be outside the range 0-100","Wartość rabatu nie może wykraczać poza zakres 0-100"
"We found a duplicate website, tier price or quantity.","Znaleźliśmy zduplikowaną stronę internetową, cenę na poziomie lub ilość."
"The selected items are being processed. You can continue to work in the meantime.","Wybrane elementy są przetwarzane. W międzyczasie możesz kontynuować pracę."
"The selected changes have been applied to the shared catalog.","Wybrane zmiany zostały zastosowane do katalogu udostępnionego."
"New Shared Catalog","Nowy udostępniony katalog"
"The shared catalog was deleted successfully.","Katalog współdzielony został pomyślnie usunięty."
"Duplicate of %1","Duplikat %1"
"You saved the shared catalog.","Zapisałeś udostępniony katalog."
"Something went wrong while saving the shared catalog.","Coś poszło nie tak podczas zapisywania udostępnionego katalogu."
"No shared catalog name is specified in request.","W żądaniu nie podano nazwy katalogu współdzielonego."
"Requested categories don't exist: %categoriesIds.","Żądane kategorie nie istnieją: %categoriesIds."
"You cannot unassign a company from the public shared catalog.","Nie można usunąć przypisania firmy z publicznego katalogu współdzielonego."
"Could not set default customer group","Nie można ustawić domyślnej grupy klientów"
"A customer group with this name already exists. Enter a different name to create a shared catalog.","Grupa klientów o tej nazwie już istnieje. Wprowadź inną nazwę, aby utworzyć katalog współdzielony."
"Could not save customer group.","Nie można zapisać grupy klientów."
"Could not update shared catalog customer group","Nie można zaktualizować grupy klientów katalogu współdzielonego"
"Cannot load product items for shared catalog","Nie można załadować pozycji produktów dla udostępnionego katalogu"
"Could not save ProductItem","Nie można zapisać elementu ProductItem"
"Cannot delete product with id %1","Nie można usunąć produktu o id %1"
"Cannot delete shared catalog with id %1","Nie można usunąć katalogu współdzielonego o id %1"
"Assign Categories to Shared Catalog","Przypisywanie kategorii do katalogu współdzielonego"
"Something went wrong while scheduling operations.","Coś poszło nie tak podczas planowania operacji."
"Sorry, something went wrong during product prices update. Please see log for details.","Przepraszamy, coś poszło nie tak podczas aktualizacji cen produktów. Szczegółowe informacje można znaleźć w dzienniku."
"Assign custom prices to selected products","Przypisywanie niestandardowych cen do wybranych produktów"
"Could not save shared catalog.","Nie można zapisać udostępnionego katalogu."
"You must enable category permissions for the following products: %skus.","Należy włączyć uprawnienia kategorii dla następujących produktów: %skus."
"Requested product doesn't exist: %sku.","Żądany produkt nie istnieje: %sku."
"No such shared catalog entity","Brak takiej jednostki katalogu współdzielonego"
"You cannot convert a public catalog to a custom catalog. If you need to replace this public catalog, create a custom catalog, then change its type to public.","Nie można przekonwertować katalogu publicznego na katalog niestandardowy. Jeśli chcesz zastąpić ten katalog publiczny, utwórz katalog niestandardowy, a następnie zmień jego typ na publiczny."
"Requested Shared Catalog is not found","Żądany katalog współdzielony nie został znaleziony"
"Catalog (id:%1) cannot be deleted because it is a public catalog. You must create a new public catalog before you can delete this catalog.","Nie można usunąć katalogu (id:%1), ponieważ jest to katalog publiczny. Przed usunięciem tego katalogu należy utworzyć nowy katalog publiczny."
"Cannot create a shared catalog because some information is missing. Please make sure you provided Store Group ID, Name and Tax Class.","Nie można utworzyć katalogu współdzielonego, ponieważ brakuje pewnych informacji. Upewnij się, że podałeś identyfikator grupy sklepów, nazwę i klasę podatkową."
"The maximum allowed catalog name length is %1 characters.","Maksymalna dozwolona długość nazwy katalogu wynosi %1 znaków."
"A catalog named %catalogName already exists. Please select a different name.","Katalog o nazwie %catalogName już istnieje. Wybierz inną nazwę."
"You cannot change the customer group for a shared catalog.","Nie można zmienić grupy klientów dla katalogu udostępnionego."
"Please <a href=""%1"">create</a> at least a public shared catalog to proceed.","Aby kontynuować, należy <a href=""%1"">utworzyć co najmniej publiczny katalog współdzielony</a>."
"A shared catalog is linked to this customer group. You must delete the shared catalog before you can delete this customer group.","Katalog udostępniony jest powiązany z tą grupą klientów. Przed usunięciem tej grupy klientów należy usunąć katalog udostępniony."
"Requested product doesn't exist: %1.","Żądany produkt nie istnieje: %1."
"Website 3","Strona 3"
"Website 1","Strona 1"
"Set Pricing and Structure","Ustalanie cen i struktury"
"Assign Companies","Przypisywanie firm"
"Delete ""${ $.$data.name }""","Usuń ""${ $.$data.name }"""
"Catalog and Tier Price","Katalog i cena poziomu"
"Group or Catalog","Grupa lub katalog"
"You must enable the <a href=""%1"" data-role=""notification-dialog"">shared catalog</a> feature in 
        Stores -> Configuration -> B2B Features to use the shared catalogs in the storefront.
        Otherwise, the categories and products you're configuring in shared catalogs will 
        not be restricted to customers.","Musisz włączyć funkcję <a href=""%1"" data-role=""notification-dialog"">współdzielonego katalogu</a> w sekcji
        Sklepy -> Konfiguracja -> Funkcje B2B, aby korzystać z udostępnionych katalogów w witrynie sklepu.
        W przeciwnym razie kategorie i produkty konfigurowane we współdzielonych katalogach nie będą dostępne dla klientów.
        nie będą ograniczone do klientów."
"You must enable the shared catalog feature in Stores -> Configuration -> B2B Features 
    to use the shared catalogs in the storefront. Otherwise, the categories and products you're 
    configuring in shared catalogs will not be restricted to customers.","Aby korzystać ze współdzielonych katalogów w witrynie sklepu, należy włączyć funkcję współdzielonych katalogów w obszarze Sklepy -> Konfiguracja -> Funkcje B2B
    aby korzystać z udostępnionych katalogów w witrynie sklepu. W przeciwnym razie kategorie i produkty skonfigurowane w katalogach
    konfigurowane we współdzielonych katalogach nie będą ograniczone do klientów."
"Products in Catalog","Produkty w katalogu"
"Continue to configure the shared catalog structure and pricing.","Kontynuuj konfigurację struktury katalogu współdzielonego i cennika."
Store:,Sklep:
"Step 2: Set Custom Prices","Krok 2: Ustaw ceny niestandardowe"
"Step 1: Select Products for Catalog","Krok 1: Wybór produktów do katalogu"
Website:,"Strona internetowa:"
Assign,Przyporządkuj
"Proceed to Store Configuration?","Przejść do konfiguracji sklepu?"
"You've made changes into the shared catalog. If you leave this page now, the changes will be lost.","Wprowadzono zmiany w katalogu udostępnionym. Jeśli teraz opuścisz tę stronę, zmiany zostaną utracone."
"The maximum allowed catalog name length is {0} characters.","Maksymalna dozwolona długość nazwy katalogu wynosi {0} znaków."
"Conflicting row.","Sprzeczny rząd."
"Generate Catalog","Generowanie katalogu"
products,produkty
included,"w zestawie"
"Shared Catalog","Udostępniony katalog"
"Manage Shared Catalog","Zarządzanie udostępnionym katalogiem"
"Enable Shared Catalog","Włącz katalog współdzielony"
"To select No, please <a href=""%1"">create</a> the Public Catalog first.","Aby wybrać opcję Nie, należy najpierw <a href=""%1"">utworzyć katalog publiczny</a>."
"Use this field to change company's shared catalog","Użyj tego pola, aby zmienić udostępniony katalog firmy"
"Group/Shared Catalog","Grupa/współdzielony katalog"
"Product In Shared Catalogs","Produkt w udostępnionych katalogach"
"Change Catalog?","Zmienić katalog?"
"The selected companies are already using a different shared catalog. This action will change a shared catalog for selected companies. Would you like to continue?","Wybrane firmy korzystają już z innego katalogu współdzielonego. Ta akcja spowoduje zmianę katalogu współdzielonego dla wybranych firm. Czy chcesz kontynuować?"
"The selected companies will be unlinked from the current shared catalog and linked to the default public catalog. Would you like to continue?","Wybrane firmy zostaną odłączone od bieżącego katalogu współdzielonego i połączone z domyślnym katalogiem publicznym. Czy chcesz kontynuować?"
"Assign Catalog","Przypisz katalog"
"Unassign Catalog","Nieprzypisany katalog"
Assigned,Przypisany
"Shared Catalog Information","Udostępnione informacje katalogowe"
"Catalog Details","Szczegóły katalogu"
"Public Catalog Already Exists","Katalog publiczny już istnieje"
"A public shared catalog already exists. If you proceed, the existing public shared catalog will be converted to a custom catalog. All the companies defined in the existing public shared catalog will be assigned to the new public shared catalog.","Publiczny katalog współdzielony już istnieje. Jeśli kontynuujesz, istniejący publiczny katalog współdzielony zostanie przekonwertowany na katalog niestandardowy. Wszystkie firmy zdefiniowane w istniejącym publicznym katalogu współdzielonym zostaną przypisane do nowego publicznego katalogu współdzielonego."
"Change Catalog Type?","Zmienić typ katalogu?"
"A public shared catalog already exists. If you proceed, the existing public shared catalog will be converted to a custom catalog. All the companies defined in the existing public shared catalog will be re-assigned to the new public shared catalog.","Publiczny katalog współdzielony już istnieje. W przypadku kontynuowania istniejący publiczny katalog współdzielony zostanie przekonwertowany na katalog niestandardowy. Wszystkie firmy zdefiniowane w istniejącym publicznym katalogu współdzielonym zostaną ponownie przypisane do nowego publicznego katalogu współdzielonego."
"Add Shared Catalog","Dodaj udostępniony katalog"
"This action cannot be undone. Are you sure you want to delete this catalog(s)?","Tej czynności nie można cofnąć. Czy na pewno chcesz usunąć te katalogi?"
"This discount will be applied to all selected products. The custom price type will be set to 'Discount'.","Rabat ten zostanie zastosowany do wszystkich wybranych produktów. Niestandardowy typ ceny zostanie ustawiony na ""Rabat""."
"Set Discount","Zestaw zniżek"
"This discount will be applied to all selected products. The custom price type will be set to 'Fixed'.","Rabat ten zostanie zastosowany do wszystkich wybranych produktów. Niestandardowy typ ceny zostanie ustawiony na ""Stały""."
"Adjust Fixed Price","Dostosowanie stałej ceny"
MSRP,"SUGEROWANA CENA DETALICZNA"
"New Price","Nowa cena"
"To select No, please <a href=""%s"">create</a> the Public Catalog first.","Aby wybrać opcję Nie, należy najpierw <a href=""%s"">utworzyć katalog publiczny</a>."
"New Shipment for Order #%1","Nowa dostawa dla zamówienia nr %1"
"Submit Shipment","Wyślij przesyłkę"
"You are trying to add a quantity for some products that doesn't match the quantity that was shipped.","Próbujesz dodać ilości niektórych produktów, która nie jest zgodna z ilością, która została wysłana."
"The value that you entered is not valid.","Wartość, która wprowadzono nie jest poprawna."
"Add Tracking Number","Dodaj numer przesyłki"
"Send Tracking Information","Wyślij informację o numerze przesyłki"
"Are you sure you want to send a Shipment email to customer?","Czy na pewno chcesz wysłać informację o dostawie do klienta?"
"the shipment email was sent","e-mail z dostawą został wysłany"
"the shipment email is not sent","e-mail z dostawą nie został wysłany"
"Shipment #%1 | %3 (%2)","Wysyłka #%1 | %3 (%2)"
"Create Shipping Label...","Utwórz adres dostawy..."
"About Your Shipment","O twojej dostawie"
"We can't initialize shipment for adding tracking number.","Nie można zainicjować wysyłki po dodanie numeru śledzenia."
"Cannot add tracking number.","Nie można dodać numeru przesyłki."
"You created the shipping label.","Utworzyłeś adres dostawy."
"An error occurred while creating shipping label.","Wystąpił błąd podczas tworzenia etykiety wysyłkowej."
"An email confirming the order is underway has been sent to the customer.","Wiadomość e-mail potwierdzająca realizację zamówienia została wysłana do klienta."
"Cannot send shipment information.","Nie można wysłać informacji o dostawie."
"There are no shipping labels related to selected orders.","Brak etykiet adresowych powiązanych z wybranymi zamówieniami."
"New Shipment","Nowa dostawa"
"We don't recognize or support the file extension in this shipment: %1.","Nie możemy rozpoznać lub wesprzeć rozszerzenia pliku tej wysyłki: %1."
"We can't initialize shipment for delete tracking number.","Nie można zainicjować przesyłki do usuwania numeru śledzenia."
"We can't delete tracking number.","Nie można usunąć numer przesyłki."
"We can't save the shipment right now.","W tej chwili nie możemy zapisać wysyłki."
"The shipment has been created.","Dostawa została utworzona."
"Cannot save shipment.","Nie można zapisać dostawy."
"Cannot do shipment for the order separately from invoice.","Nie można utworzyć dostawy dla zamówienia oddzielnie od faktury."
"Cannot do shipment for the order.","Nie można utworzyć dostawy dla zamówienia."
"Tracking information must contain title, carrier code, and tracking number","Informacje o śledzeniu muszą zawierać tytuł, kod przewoźnika i numer śledzenia."
"There are no shipping labels related to selected shipments.","Brak etykiet adresowych powiązanych z wybranymi dostawami."
"Sorry, but we can't deliver to the destination country with this shipping module.","Przepraszam, ale nie dostarczamy do wybranego kraju w tym module wysyłki."
"The shipping module is not available.","Moduł dostawy nie jest dostępny."
"This shipping method is not available. Please specify the zip code.","Ta metoda wysyłki nie jest dostępny. Proszę podać kod pocztowy."
Development,Dewelopment
Live,Produkcja
"Divide to equal weight (one request)","Podziel na równe wagi (jedno zapytanie)"
"Use origin weight (few requests)","Użyj oryginalnej wagi (kilka zapytań)"
"Signature Confirmation","Potwierdzenie podpisu"
Contents,Zawartość
Girth,Obwód
"Shipping labels is not available.","Adres wysyłki nie jest dostępny."
"Response info is not exist.","Odpowiedz informacji nie istnieje."
"We don't have enough information to create shipping labels. Please make sure your store information and settings are complete.","Nie mamy wystarczających informacji, aby utworzyć etykiety wysyłkowe. Upewnij się, że informacje o sklepie i ustawienia są kompletne."
"Per Package","Za paczkę"
"Tracking information is unavailable.","Śledzenia informacji jest niedostępne."
"Items to Ship","Przedmioty do wysyłki"
"Qty to Ship","Ilość do wysyłki"
"Shipment Total","Suma wysyłki"
"Shipment Options","Opcje wysyłki"
"Email Copy of Shipment","Wyślij e-mail z potwierdzeniem wysyłki do klienta"
"Invalid value(s) for Qty to Ship","Nieprawidłowa wartość dla ilości do wysłania"
"Add Selected Product(s) to Package","Dodaj wybrane produkty do pakietu"
"Add Products to Package","Dodaj produkt do pakietu"
"USPS domestic shipments don't use package types.","USPS przesyłek krajowych nie obsługuje typów przesyłki."
in,inW
"Delete Package","Usuń pakiet"
Explanation,Wyjaśnienie
"Shipping &amp; Handling Information","Wysyłka &amp; Pakowanie – Informacje"
"Track Order","Śledź zamówienie"
"Items Shipped","Dostarczone produkty"
"Shipment History","Historia dostawy"
"Print All Shipments","Wydrukuj wszystkie wysyłki"
"Shipment #","Dostawa nr "
"Print Shipment","Wydrukuj wysyłkę"
"Tracking Number(s):","Numer śledzenia"
"Order tracking","Śledzenie zleceń"
"Tracking Number:","Numer śledzenia:"
Carrier:,Dostawca:
"Tracking information is currently not available. Please ","Informacje o śledzeniu nie są aktualnie dostępne "
"contact us","skontaktuj się z nami"
" for more information or "," po więcej informacji lub "
"email us at ","napisz do nas na adres "
Info:,Informacje:
Track:,Ślad:
"Delivered on:",Dostarczono:
"There is no tracking available for this shipment.","Śledzenie jest niedostępne dla tej dostawy."
"There is no tracking available.","Śledzenie jest niedostępne."
"Track history","Śledzenie historii"
"Local Time","Lokalny czas"
"See our Shipping Policy","Zobacz nasze zasady wysyłki"
"Shipping Settings Section","Sekcja ustawień wysyłek"
"Shipping Policy Parameters Section","Sekcja parametrów zasad wysyłki"
"Shipping Methods Section","Sekcja metod wysyłki"
"Shipping Settings","Ustawienia dostawy"
Origin,Pochodzenie
"Shipping Policy Parameters","Parametry zasad wysyłki"
"Apply custom Shipping Policy","Zastosuj niestandardowe zasady wysyłki"
"Shipping Policy","Zasady wysyłki"
"Track your order","Śledź swoje zamówienie"
"Track All Shipments","Śledź wszystkie wysyłki"
"You sent the shipment.","Wysłałeś przesyłkę."
"Signed by:","Podpisano przez:"
"Delivered to:","Dostarczone do:"
"Shipped or billed on:","Wysłane lub rozliczone w dniu:"
"Service Type:","Typ usługi:"
Weight:,Waga:
"Shipping labels can't be created. Verify that the store information and settings are complete and try again.","Nie można utworzyć etykiet wysyłkowych. Sprawdź, czy informacje o sklepie i ustawienia są kompletne i spróbuj ponownie."
"In Review","W recenzji"
Unrequested,Niewymagane
"This order already has associated case entity","To zamówienie ma już powiązaną jednostkę sprawy"
"The case entity should not be empty.","Jednostka case nie powinna być pusta."
"Cannot update Case entity.","Nie można zaktualizować podmiotu Case."
"The ""%1"" should not be empty.","Pole ""%1"" nie powinno być puste."
"Case entity not found.","Nie znaleziono podmiotu sprawy."
"Case Update: New score for the order is %1. Previous score was %2.","Case Update: Nowy wynik dla zamówienia to %1. Poprzedni wynik wynosił %2."
"Awaiting the Signifyd guarantee disposition.","Oczekiwanie na dyspozycję gwarancji Signifyd."
"Only single entrance of ""%1"" node is required.","Wymagane jest tylko pojedyncze wejście węzła ""%1""."
"Not empty value for ""%1"" node is required.","Nie jest wymagana pusta wartość dla węzła ""%1""."
"%1 must implement %2","%1 musi implementować %2"
"Cannot generate message.","Nie można wygenerować wiadomości."
"Message is generated.","Wiadomość jest generowana."
"Case with the same order id already exists.","Sprawa o tym samym identyfikatorze zamówienia już istnieje."
"Fraud Protection Information","Informacje o ochronie przed oszustwami"
"Signifyd Guarantee Decision","Decyzja w sprawie gwarancji Signifyd"
"Fraud Protection Section","Sekcja ochrony przed oszustwami"
"Fraud Protection","Ochrona przed oszustwami"
"Protect your store from fraud with Guaranteed Fraud Protection by Signifyd.","Chroń swój sklep przed oszustwami dzięki gwarantowanej ochronie przed oszustwami Signifyd."
"Signifyd automatically reviews your orders for fraud, telling you in seconds which orders to ship, and which to reject.
                    We back our approvals with 100% chargeback protection, reimbursing you the full order amount plus fees should you ever receive a fraudulent chargeback.
                    <p>Benefits:<ul>
                    <li>Grow your business without fear of fraud</li>
                    <li>Accept more orders and maximize your revenue</li>
                    <li>Automate order review and shift fraud off your plate</li></ul></p>","Signifyd automatycznie sprawdza zamówienia pod kątem oszustw, informując w ciągu kilku sekund, które zamówienia wysłać, a które odrzucić.
                    Nasze zatwierdzenia wspieramy 100% ochroną przed obciążeniem zwrotnym, zwracając pełną kwotę zamówienia wraz z opłatami, jeśli kiedykolwiek otrzymasz nieuczciwe obciążenie zwrotne.
                    <p>Korzyści:<ul>
                    <li>Rozwijaj swój biznes bez obaw o oszustwa</li>
                    <li>Przyjmowanie większej liczby zamówień i maksymalizacja przychodów</li>
                    <li>Automatyzuj przegląd zamówień i zdejmij oszustwa z talerza</li></ul></p>"
"<a href=""https://www.signifyd.com/resources/manual/magento-2/signifyd-on-magento-integration-guide/"" target=""_blank"">View our setup guide</a> for step-by-step instructions on how to integrate Signifyd with Magento.<br />For support contact <a href=""mailto:support@signifyd.com"">support@signifyd.com</a>.","<a href=""https://www.signifyd.com/resources/manual/magento-2/signifyd-on-magento-integration-guide/"" target=""_blank"">Przejrzyj nasz przewodnik konfiguracji</a>, aby uzyskać instrukcje krok po kroku dotyczące integracji Signifyd z Magento.<br />W celu uzyskania pomocy technicznej skontaktuj się z <a href=""mailto:support@signifyd.com"">support@signifyd.com</a>."
"Your webhook URL will be used to <a href=""https://app.signifyd.com/settings/notifications"" target=""_blank"">configure</a> a guarantee completed webhook in Signifyd. Webhooks are used to sync Signifyd`s guarantee decisions back to Magento.","Adres URL webhooka zostanie użyty do <a href=""https://app.signifyd.com/settings/notifications"" target=""_blank"">konfiguracji</a> zakończonego webhooka gwarancji w Signifyd. Webhooki służą do synchronizacji decyzji gwarancyjnych Signifyd z Magento."
"Save & Generate","Zapisz i generuj"
"Edit Sitemap","Edytuj mapę"
"New Sitemap","Nowa mapa witryny"
"Sitemap Information","Informacja mapy witryny"
Sitemap,"Mapa witryny"
Filename,"Nazwa pliku"
"example: sitemap.xml","przykład: sitemap.xml"
"example: ""/sitemap/"" or ""/"" for base path (path must be writeable)","przykład: ""/sitemap/"" lub ""/"" dla ścieżki podstawowej (ścieżka musi być zapisywalna)."
"Add Sitemap","Dodaj mapę"
"You deleted the sitemap.","Usunąłeś mapę."
"We can't find a sitemap to delete.","Nie możemy znaleźć mapy witryny do usunięcia."
"This sitemap no longer exists.","Taka mapa strony już nie istnieje"
"Site Map","Mapa witryny"
"New Site Map","Nowa mapa witryny"
"The sitemap ""%1"" has been generated.","Mapa witryny %1"" została wygenerowana.""."
"We can't generate the sitemap right now.","Nie można wygenerować teraz mapy witryny."
"We can't find a sitemap to generate.","Nie można znaleźć mapy witryny do wygenerowania."
"You saved the sitemap.","Mapa witryny została zapisana."
"The priority must be between 0 and 1.","Priorytet musi mieć wartość pomiędzy 0 i 1."
Yearly,"Co rok"
"File handler unreachable","Plik obsługi nieosiągalne"
"Please define a correct path.","Zdefiniuj poprawną ścieżkę."
"Please create the specified folder ""%1"" before saving the sitemap.","Utwórz wybrany folder %1"" zanim zapiszesz mapę.""."
"Please make sure that ""%1"" is writable by the web-server.","Upewnij się że %1"" może być zapisywany przez serwer.""."
"Please use only letters (a-z or A-Z), numbers (0-9) or underscores (_) in the filename. No spaces or other characters are allowed.","Używaj tylko liter (a-z), cyfr (0-9) lub podkreślenia (_) w nazwie pliku. Inne znaki nie będą akceptowane."
"Base Only","Tylko podstawowa"
"Sitemap generate Warnings","Ostrzeżenia podczas generowania mapy witryny"
"Sitemap Generation Warnings","Sitemap ostrzeżenia"
"XML Sitemap Section","Sekcja mapy strony"
"Categories Options","Opcje kategorii"
"Valid values range from 0.0 to 1.0.","Poprawne wartości z zakresu od 0.0 do 1.0."
"Products Options","Opcje produktów"
"Add Images into Sitemap","Dodawanie obrazów do sitemap"
"CMS Pages Options","Opcje stron CMS"
"Generation Settings","Ustawienia budowania mapy"
"Sitemap File Limits","Ograniczenia pliku mapy strony"
"Maximum No of URLs Per File","Maksymalna liczba adresów URL dla pliku"
"Maximum File Size","Maksymalny rozmiar pliku"
"File size in bytes.","Rozmiar pliku w bajtach."
"Search Engine Submission Settings","Ustawienia wyszukiwania silnika"
"Enable Submission to Robots.txt","Włącz uzupełnianie Robots.txt"
"Link for Google","Link dla Google"
"Last Generated","Ostatnio generowane"
"We were unable to perform the search because of a search engine misconfiguration.","Nie udało nam się przeprowadzić wyszukiwanie ze względu na błędny silnik wyszukiwania."
"Final commit","Ostateczne zatwierdzanie"
"Partial commit","Częściowe zatwierdzanie"
"Engine autocommit","Automatyczne zatwierdzanie indeksowania przez silnik"
"Solr Server Hostname","Solr serwer hosta"
"Solr Server Port","Solr port serwera"
"Solr Server Username","Solr nazwa użytkownika serwera"
"Solr Server Password","Solr hasło serwera"
"Solr Server Timeout","Solr maksymalny czas połączenia"
"Solr Server Path","Solr ścieżka serwera"
"Without starting and trailing slashes.","Bez początkowych i końcowych ukośników."
"Indexation Mode","Tryb indeksowania"
"Partial commit mode affects time of indexation, but allows indexed products to be visible on Storefront before indexation is completed.","Uwaga: Tryb przyrostowego zatwierdzania wpływa na czas indeksowania, ale pozwala indeksować produkty, które mają być widoczne w widoku sklepu przed zakończeniem indeksacji."
"Please fill in Hostname, Port, Path","Proszę wypełnić nazwę hosta, portu, ścieżki"
"Remove from Update","Usuń z aktualizacji"
"Schedule New Update","Zaplanuj nową aktualizację"
"View Specific Date","Zobacz określoną datę"
"Date & Time","Data i czas"
"This update not exists.","Aktualizacja nie istnieje."
"Content Staging Dashboard","Pulpit nawigacyjny inscenizacji treści"
"The Start Time of this Update cannot be changed. It's been already started.","Czas rozpoczęcia tej aktualizacji nie może zostać zmieniony. Została ona już uruchomiona."
"Future Update in this time range already exists. 
                            Select a different range to add a new Future Update.","Future Update w tym zakresie czasu już istnieje.
                            Wybierz inny zakres, aby dodać nową aktualizację Future Update."
"Cannot save Update.","Nie można zapisać aktualizacji."
"Edit Existing Update","Zmień istniejącą aktualizację"
"Assign to Another Update","Przypisz do innej aktualizacji"
"Assign to Existing Update","Przypisz do istniejącej aktualizacji"
"You removed this %1 from the update and saved it in the other one.","Usunięto ten %1 z aktualizacji i zapisano go w innej."
"%1 is required parameter.","%1 jest wymaganym parametrem."
"You removed this %1 from the update.","Usunięto ten %1 z aktualizacji."
"You removed this %1 from the update and saved it in a new one.","Usunięto ten %1 z aktualizacji i zapisano go w nowej."
"Invalid action type %1.","Nieprawidłowy typ akcji %1."
"Invalid action.","Nieprawidłowe działanie."
"Invalid parameter %1.","Nieprawidłowy parametr %1."
"Something went wrong while removing the %1.","Coś się zepsuło podczas usuwania %1."
"The 'mode' value is unexpected.","Wartość 'mode' nie jest obsługiwana."
"You saved this %1 update.","Zapisano aktualizację %1."
"Something went wrong while saving the %1.","Coś się zepsuło podczas zapisywania %1."
"Requested type does not have corresponding implementation","Żądany typ nie ma odpowiedniej implementacji"
"Repository should return instance of %s","Repozytorium powinno zwrócić instancję %s"
"Can not be rescheduled","Nie można zmienić harmonogramu"
"Action class must implement ActionDataProviderInterface","Klasa akcji musi implementować interfejs ActionDataProviderInterface"
"Delete Update","Usuń aktualizację"
"Please select Name for Future Update.","Wybierz nazwę dla przyszłej aktualizacji."
"Please select Start Time for Future Update.","Wybierz czas rozpoczęcia przyszłej aktualizacji."
"Future Update Start Time cannot be earlier than current time.","Przyszły czas rozpoczęcia aktualizacji nie może być wcześniejszy niż czas bieżący."
"Future Update End Time cannot be earlier than current time.","Czas zakończenia przyszłej aktualizacji nie może być wcześniejszy niż czas bieżący."
"Update with id ""%1"" does not exist.","Aktualizacja o id ""%1"" nie istnieje."
"Active update can not be deleted","Aktywnej aktualizacji nie można usunąć"
"Start time could not be changed while update active","Czas rozpoczęcia nie mógł zostać zmieniony, gdy aktualizacja była aktywna"
"Unable to save Future Update.","Nie można zapisać przyszłej aktualizacji."
"This action is unavailable","Ta akcja jest niedostępna"
Calendar,Kalendarz
"Belongs to ","Należy do "
"Share Preview Link","Udostępnik odnośnik"
Staging,Przechodzenie
"Create New Update","Utwórz nową aktualizację"
Includes,Zawiera
"Preview Update","Aktualizacja podglądu"
"Remove this update","Usuń tę aktualizację"
"Staging Dashboard","Pulpit nawigacyjny inscenizacji"
"Assign to Another Campaign","Przypisywanie do innej kampanii"
"Assign to Existing Campaign","Przypisz do istniejącej kampanii"
"Create New Campaign","Utwórz nową kampanię"
"Campaign/Promo Name","Nazwa kampanii/promocji"
"MMM d, y h:mm a","MMM d i h:mm a"
"The Future Update Start Time is invalid. It can't be later than current time + %1 years.","Czas rozpoczęcia przyszłej aktualizacji jest nieprawidłowy. Nie może być późniejszy niż aktualny czas + %1 lat."
"The Future Update End Time is invalid. It can't be later than current time + %1 years.","Czas zakończenia przyszłej aktualizacji jest nieprawidłowy. Nie może być późniejszy niż aktualny czas + %1 lat."
"The required parameter is ""%1"". Set parameter and try again.","Wymagany parametr to ""%1"". Ustaw parametr i spróbuj ponownie."
"The ""%1"" action type is invalid. Verify the action type and try again.","Typ akcji ""%1"" jest nieprawidłowy. Zweryfikuj typ akcji i spróbuj ponownie."
"The action is invalid. Verify the action and try again.","Akcja jest nieprawidłowa. Zweryfikuj akcję i spróbuj ponownie."
"The ""%1"" parameter is invalid. Verify the parameter and try again.","Parametr ""%1"" jest nieprawidłowy. Zweryfikuj parametr i spróbuj ponownie."
"The type that was requested doesn't have a corresponding implementation. Verity the type and try again.","Żądany typ nie ma odpowiedniej implementacji. Zweryfikuj typ i spróbuj ponownie."
"Action class needs to implement ActionDataProviderInterface. Verify action class and try again.","Klasa akcji musi implementować interfejs ActionDataProviderInterface. Zweryfikuj klasę akcji i spróbuj ponownie."
"The Name for Future Update needs to be selected. Select and try again.","Nazwa dla przyszłej aktualizacji musi zostać wybrana. Wybierz i spróbuj ponownie."
"The Start Time for Future Update needs to be selected. Select and try again.","Należy wybrać czas rozpoczęcia przyszłej aktualizacji. Wybierz i spróbuj ponownie."
"The Future Update Start Time is invalid. It can't be earlier than the current time.","Czas rozpoczęcia przyszłej aktualizacji jest nieprawidłowy. Nie może być wcześniejszy niż aktualny czas."
"The Future Update End Time is invalid. It can't be the same time or earlier than the current time.","Czas zakończenia przyszłej aktualizacji jest nieprawidłowy. Nie może on być taki sam lub wcześniejszy niż aktualny czas."
"The Future Update End Time is invalid. It can't be earlier than the current time.","Czas zakończenia przyszłej aktualizacji jest nieprawidłowy. Nie może być wcześniejszy niż aktualny czas."
"The update with the ""%1"" ID doesn't exist. Verify the ID and try again.","Aktualizacja o identyfikatorze ""%1"" nie istnieje. Zweryfikuj identyfikator i spróbuj ponownie."
"The active update can't be deleted.","Aktywnej aktualizacji nie można usunąć."
"The start time can't be changed while the update is active. Please wait until the update is complete and try again.","Nie można zmienić godziny rozpoczęcia, gdy aktualizacja jest aktywna. Poczekaj na zakończenie aktualizacji i spróbuj ponownie."
"The future update was unable to be saved. Please try again.","Nie udało się zapisać przyszłej aktualizacji. Spróbuj ponownie."
"Invalid store requested.","Żądano nieprawidłowego sklepu."
"Current store is not active.","Bieżący magazyn nie jest aktywny."
"Requested store is inactive","Wybrany sklep jest nieaktywny"
"Requested store is not found","Żądany sklep nie został znaleziony"
"Environment emulation nesting is not allowed.","Zagnieżdżenie emulacji środowiska nie jest dozwolone."
"Website was not found","Strona internetowa nie została znaleziona"
"Group was not found","Grupa nie została znaleziona"
"Store was not found","Sklep nie został znaleziony"
"The following stores are not associated with a root category: ' . . '. For the store to be displayed in the storefront, it must be associated with a root category.","Następujące sklepy nie są powiązane z kategorią główną: ' . . '. Aby sklep był wyświetlany w witrynie sklepu, musi być powiązany z kategorią główną."
"Invalid scope object","Nieprawidłowy obiekt zakresu"
"Group with the same code","Grupa z tym samym kodem"
"Store with the same code","Sklep z takim samym kodem"
"Website with the same code","Witryna z takim samym kodem"
"Website code may only contain letters (a-z), numbers (0-9) or underscore (_), and the first character must be a letter.","Kod witryny powinien składać się jedynie z liter (a-z), cyfr (0-9) lub podkreślenia (_), pierwszy znak powinien być literą."
"Name is required","Imię jest wymagane"
"The store code may contain only letters (a-z), numbers (0-9) or underscore (_), and the first character must be a letter.","Kod sklepu powinien składać się jedynie z liter (a-z), cyfr (0-9) lub podkreślenia (_), pierwszy znak powinien być literą."
"Store is inactive","Sklep jest nieaktywny"
"Invalid store parameter.","Podano nieprawidłowy sklep."
"Default store is inactive","Domyślny magazyn jest nieaktywny"
"Default website is not defined","Domyślna strona internetowa nie jest zdefiniowana"
"More than one default website is defined","Zdefiniowano więcej niż jedną domyślną stronę internetową"
"no such entity exception","wyjątek: nie ma takiego podmiotu"
"Your Language:","Twój język:"
"Your Language","Twój język"
Language,Język
"Select Store","Wybierz sklep"
"Various XML configurations that were collected across modules and merged","Różne konfiguracje XML, które zostały zebrane przez moduły i połączone"
Layouts,Szablony
"Layout building instructions","Instrukcje budowy Layoutu"
"Blocks HTML output","Bloki HTML wyjściowe"
"Page blocks HTML","Bloki strony HTML"
"Collections Data","Zbiór danych"
"Collection data files","Kolekcja plików danych"
"Reflection Data","Zbiór danych"
"API interfaces reflection data","Interfejsy API refleksji danych"
"Database DDL operations","Operacje DDL bazy danych"
"Results of DDL queries, such as describing tables or indexes","Wyniki zapytania DDL, takich jak tabel lub indeksów"
"Only default scope allowed","Dozwolony jest tylko zakres domyślny"
"Various XML configurations that were collected across modules and merged.","Różne konfiguracje XML, które zostały zebrane w różnych modułach i połączone."
"Layout building instructions.","Instrukcje budowania układu."
"Page blocks HTML.","Bloki strony HTML."
"Collection data files.","Pliki danych kolekcji."
"API interfaces reflection data.","Interfejsy API odzwierciedlają dane."
"Results of DDL queries, such as describing tables or indexes.","Wyniki zapytań DDL, takich jak opisywanie tabel lub indeksów."
"The store cannot be switched.","Sklepu nie można przełączyć."
"The store that was requested wasn't found. Verify the store and try again.","Żądany sklep nie został znaleziony. Zweryfikuj sklep i spróbuj ponownie."
"The website wasn't found. Verify the website and try again.","Strona nie została znaleziona. Zweryfikuj witrynę i spróbuj ponownie."
"The group wasn't found. Verify the group and try again.","Grupa nie została znaleziona. Zweryfikuj grupę i spróbuj ponownie."
"The store wasn't found. Verify the store and try again.","Sklep nie został znaleziony. Zweryfikuj sklep i spróbuj ponownie."
"The scope object is invalid. Verify the scope object and try again.","Obiekt zakresu jest nieprawidłowy. Zweryfikuj obiekt zakresu i spróbuj ponownie."
"The default website isn't defined. Set the website and try again.","Domyślna witryna nie jest zdefiniowana. Ustaw witrynę i spróbuj ponownie."
"The default website is invalid. Make sure no more than one default is defined and try again.","Domyślna witryna jest nieprawidłowa. Upewnij się, że nie zdefiniowano więcej niż jednej strony domyślnej i spróbuj ponownie."
"Compiled Config","Skompilowana konfiguracja"
"Compilation configuration","Konfiguracja kompilacji"
"Backup Log Details","Szczegóły logów backupu"
"Requested system report has no data to output.","Żądany raport nie ma żadnych danych do wyświetlenia."
"Are you sure you want to delete the system report?","Czy na pewno chcesz usunąć raport systemu?"
"Go to Top","Przejdź do góry"
"System Report Information","System raportów informacji"
"Requested system report has no data to display.","Żądany raport systemu nie ma danych do wyświetlenia."
"Output path %1 doesn't exist","Wyjście %1 ścieżki nie istnieje"
"Unknown DB param: %1","Nieznany parametr DB: %1"
"Paths file already exists","Ścieżka pliku już istnieje"
"Paths file cannot be created","Nie można utworzyć ścieżki pliku"
"Please select item(s).","Wybierz element(y)."
Support,"Wsparcie techniczne"
"Data Collector","Modułów zbierający dane"
"The backup has been saved.","Kopia zapasowa została zapisana."
"Failed to save backup with error: %1","Podczas próby zapisu kopii zapasowej wystąpił błąd: %1"
"An error occurred while saving backup","Wystąpił błąd podczas zapisywania kopii zapasowej"
"All processes should be complete","Wszystkie procesy powinny zostać zakończone"
"Wrong param id","Niewłaściwy parametr Id"
"The backup has been deleted.","Kopia zapasowa została usunięta."
"Cannot delete backup","Nie można usunąć kopii zapasowej"
"File does not exist","Plik nie istnieje"
"Log Details","Szczegóły logów"
"An error occurred during mass deletion of data collector backups. Please review log and try again.","Wystąpił błąd podczas masowego usuwania danych kolektora kopii zapasowych. Przejrzyj logi i spróbuj ponownie."
"After you make your selections, click the ""Create"" button. Then stand by while the System Report is generated. This may take a few minutes. You will receive a notification once this step is completed.","Po wybraniu opcji, kliknij przycisk ""Utwórz"". Następnie zaczekaj aż zostanie wygenerowany raport systemu. Może to potrwać kilka minut. Otrzymasz powiadomienie po zakończeniu tego etapu."
"Create System Report","Utwórz raport systemu"
"Unable to find a system report to delete.","Nie można odnaleźć raportu systemu, aby go usunąć."
"The system report has been deleted.","Raport systemu został usunięty."
"An error occurred while deleting the system report. Please review log and try again.","Wystąpił błąd podczas usuwania raportu systemu. Przejrzyj logi i spróbuj ponownie."
"Requested system report no longer exists.","Żądany raport systemu już nie istnieje."
"Unable to read system report data to display.","Nie można odczytać danych raportu systemu aby go wyświetlić."
"No groups were specified to generate system report.","Nie zostały określone grupy do wygenerowania raportu systemu."
"The system report has been generated.","Został wygenerowany raport systemu."
"An error occurred while the system report was being created. Please review the log and try again.","Wystąpił błąd podczas tworzenia raportu systemu. Przejrzyj logi i spróbuj ponownie."
"System Reports","Raport systemu"
"An error occurred during mass deletion of system reports. Please review log and try again.","Wystąpił błąd podczas masowego usuwania raportów systemu. Przejrzyj logi i spróbuj ponownie."
"Utility %1 not found","Nie znaleziono narzędzia %1"
"Unknown utility: %1","Nieznane narzędzie: %1"
"Cannot set root directory.","Nie można ustawić katalogu głównego."
"Support Module doesn't support %s operation system","Moduł nie wspiera systemu operacyjnego %s"
"Unable to create backup due to php exec function is disabled","Nie można utworzyć kopii zapasowej z php exec funkcja jest wyłączona"
Incomplete,Niekompletne
"Directory %s should have writable & readable permissions","Katalog %s powinien mieć uprawnienia zapisu i odczytu"
"Processing ...","Przetwarzanie ..."
(now),(teraz)
"[%1 minutes ago]","[%1 minut temu]"
"[%1 hours ago]","[%1 godzin temu]"
"[%1 days ago]","[%1 dni temu]"
"[%1 weeks ago]","[%1 tygodni temu]"
"[%1 months ago]","[%1 miesięcy temu]"
"[%1 years ago]","[%1 lat temu]"
"And more...","I więcej..."
"Column %1","Kolumny %1"
"Preparing system report data: Detected Single Row Mode but data may be incomplete.","Przygotowanie systemu danych raportu: wykryto tryb pojedynczego wiersza, ale dane mogą być niepełne."
"All Eav Attributes","Wszystkie atrybuty Eav"
"Category Eav Attributes","Atrybuty Kategorii Eav"
"Customer Address Eav Attributes","Atrybuty adresu użytkownika Eav"
"Customer Eav Attributes","Atrybuty użytkownika Eav"
"Entity Types","Typ jednostki"
"Attribute Model","Model cechy"
"Increment Model","Model obsługi przyrostu"
"Main Table","Główna tabela"
"Additional Attribute Table","Tabela dodatkowych cech"
"New Eav Attributes","Nowe cechy EAV"
"Product Eav Attributes","Cechy EAV produktu"
"Rma Item Eav Attributes","Rma produkt Eav atrybuty"
"User Defined Eav Attributes","Cechy EAV zdefiniowane przez użytkownika"
"Data from app/etc/env.php","Dane z app/etc/env.php"
"Is Gateway","Adres bramy"
"For Checkout","Dla Wysyłki"
"For Multishipping","Dla Multi wysyłki"
"Partial Capture Online","Częściowe przechwytywania Online"
"Refund Online","Zwróć online"
"Partial Refund Online","Częściowy zwrot Online"
"Partial Capture Offline","Częściowe przechwytywania w trybie Offline"
"Partial Refund Offline","Częściowy zwrot w trybie Offline"
"Payments Functionality Matrix","Funkcjonalność Matrix Płatności"
"Job Code","Kod zadania"
"Cron Expression","Wyrażenie Cron"
"Run Class","Uruchom klasę"
"Run Method","Uruchom metodę"
"Group Code","Kod grupy"
"All Configurable Cron Jobs","Wszystkie konfigurowalne działania Crona"
"All Global Cron Jobs","Wszystkie globalne zadania Crona"
"Cron Schedules List","Harmonogram listy Crona"
"Schedule Id","Harmonogram Id"
"Scheduled At","Zaplanowane w"
"Executed At",Wykonano
"Finished At",Zakończono
"Core Configurable Cron Jobs","Rdzeń konfigurowalnych działań Crona"
"Core Global Cron Jobs","Rdzeń globalnych zadań Crona"
"Cron Schedules by job code","Harmonogramy prac kodu Crona"
Count,Licznik
"Cron Schedules by status code","Harmonogram statusu kodu Crona"
"Custom Configurable Cron Jobs","Indywidualne konfigurowalne działania Crona"
"Custom Global Cron Jobs","Indywidualne globalne zadania Crona"
"Errors in Cron Schedules Queue","Błędy w planach kolejki Crona"
"Corrupted Categories Data","Uszkodzone kategorje danych"
Id,ID
"Expected Children Count","Przewidywana liczba dzieci"
"Actual Children Count","Aktualna liczba dzieci"
"Expected Level","Przewidywany poziom"
"Actual Level","Rzeczywisty poziom"
"Duplicate Categories By URL Key","Duplikuj kategorie po kluczu URL"
"URL key","Klucz URL"
"Duplicate Orders By Increment Id","Zduplikowane zamówienia przez przyrost Id"
"Increment Id","Identyfikator przyrostowy"
"Customer Id","Identyfikator klienta"
"Duplicate Products By SKU","Duplikuj produkty po SKU"
"Duplicate Products By URL Key","Duplikuj produkty po kluczu URL"
"Duplicate Users By Email","Duplikuj użytkowników po e-mailu"
Parent,Rodzic
"Adminhtml Themes List","Lista tematów Adminhtml"
"Frontend Themes List","Lista tematów frontend"
"Event Name","Nazwa zdarzenia"
"Observer Class","Klasa obserwatora"
Method,Metoda
"All Admin Events","Wszystkie zdarzenia administracyjne"
"All Crontab Events","Wszystkie wydarzenia Crontab"
"All Doc Events","Wydarzenia ""Cały dzień"""
"All Frontend Events","Wszystkie wydarzenia Frontend"
"All Global events","Wszystkie globalne zdarzenia"
"All REST Events","Wszystkie zdarzenia dla REST"
"All SOAP Events","Wszystkie zdarzenia protokołu SOAP"
"Core Admin Events","Rdzeń zdarzenia administracyjne"
"Core Crontab Events","Rdzeń wydarzenia Crontab"
"Core Doc Events","Rdzeń ""Cały dzień"""
"Core Frontend Events","Rdzeń wydarzenia Frontend"
"Core Global Events","Rdzeń wydarzenia Global"
"Core REST Events","Rdzeµ zdarzeń dla REST"
"Core SOAP Events","Rdzeń zdarzenia protokołu SOAP"
"Custom Admin Events","Zdarzenia niestandardowe Admin"
"Custom Crontab Events","Zdarzenia niestandardowe Crontab"
"Custom Doc Events","Zdarzenia niestandardowe Doc"
"Custom Frontend Events","Zdarzenia niestandardowe Frontend"
"Custom Global Events","Zdarzenia niestandardowe Global"
"Custom REST Events","Zdarzenia niestandardowe REST"
"Custom SOAP Events","Zdarzenia niestandardowe SOAP"
"Log Files","Pliki logów"
"Log Entries","Wpisy dziennika"
"Today's Top Debug Messages","Dzisiejsze, najważniejsze wiadomości debugowania"
"Last Occurrence","Ostatnie wystąpienie"
"Today's Top Exception Messages","Dzisiejsze, najważniejsze wiadomości wyjątków"
"Stack Trace","Zrzut stosu"
"Today's Top System Messages","Dzisiejsze, najważniejsze wiadomości systemowe"
"Top Debug Messages","Górny komunikaty Debugowania"
"Top Exception Messages","Wyjątek w górnej wiadomości"
"Top System Messages","Górne komunikaty systemowe"
"Store Views List","Lista widoku sklepu"
"Stores List","Lista sklepów"
"Websites List","Lista stron internetowych"
"Websites Tree","Drzewo stron internetowych"
"There was an error while loading system report data.","Wystąpił błąd podczas ładowania systemu danych raportu."
"Cannot save backup. The reason is: Utility lsof not found","Nie można zapisać kopii zapasowej. Powód: narzędzie lsof nie zostało znalezione"
"Test error","Błąd testowy"
"Error message!","Komunikat błędu!"
"Entity Type Code","Typ kodu obiektu"
"Source Model","Model źródłowy"
"Backend Model","Model administracyjny"
"Frontend Model","Model interfejsu klienta"
"Show Log","Pokaż Log"
"Delete ""%1""","Usuń ""%1"""
"Are you sure you want to delete a ""%1"" record?","Czy na pewno chcesz usunąć rekord ""%1""?"
"Are you sure you wan't to delete a ""%1"" record?","Czy na pewno nie chcesz usunąć rekordu ""%1""?"
"Empty log","Brak logów"
"Backup ID: ","ID kopii zapasowej: "
Collapse,Zwiń
Expand,Rozwiń
" (no data)"," (brak danych)"
Top,"Na górze"
"No data","Brak danych"
"Support System Report","System wsparcia raportu"
"System Report","Raport systemu"
Data,Dane
Modules,Moduły
Logs,Logi
"New Backup","Nowa kopia zapasowa"
"Refresh Status","Odśwież Status"
"Are you sure you want to delete selected item(s)?","Czy na pewno chcesz usunąć wszystkie zaznaczone towary?"
"Code Dump","Kopia kodu"
"DB Dump","Kopia bazy danych"
"Choose Report Groups","Wybierz raport grupy"
"New Report","Nowy raport"
"Date Generated","Data wygenerowania"
"Report Groups","Raport grupy"
"All processes should be completed.","Wszystkie procesy powinny zostać zakończone."
"The ""%1"" utility wasn't found. Verify the utility and try again.","Nie znaleziono narzędzia ""%1"". Zweryfikuj narzędzie i spróbuj ponownie."
"The ""%1"" utility is unknown. Verify the utility and try again.","Narzędzie ""%1"" jest nieznane. Zweryfikuj narzędzie i spróbuj ponownie."
"The root category can't be set. Verify the category and try again.","Nie można ustawić kategorii głównej. Zweryfikuj kategorię i spróbuj ponownie."
"Unknown schema type supplied","Podano nieznany typ schematu"
"Admin is a required field in each row","Pole ""Admin"" jest wymagane w każdym wierszu"
"Update Product Preview Image","Zaktualizuj zdjęcie poglądowe produktu"
"Filtering by this attribute will update the product image on catalog page","Filtrowanie według tej cechy zaktualizuje zdjęcie produktu na stronie katalogu"
"Use Product Image for Swatch if Possible","Używaj zdjęć produktów do próbek jeżeli to możliwe"
"Allows use fallback logic for replacing swatch image with product swatch or base image","Umożliwia wykorzystanie rezerwowej logikę zastąpienie obrazu próbki produktu próbkę lub podstawy obrazu"
"Visual Swatch","Graficzna próbka"
"Text Swatch","Tekstowa próbka"
"Manage Swatch (Values of Your Attribute)","Zarządzać Swatch (wartości swojej atrybutu)"
"Add Swatch","Dodaj próbkę"
Swatch,Próbka
"Choose a color","Wybierz kolor"
"Upload a file","Prześlij plik"
"Select from the following attribute values for this product. Each unique combination of values creates a unique product SKU.","Wybierz jedną z poniższych wartości atrybutów dla tego produktu. Każda unikalna kombinacja wartości tworzy unikalną jednostkę SKU produktu."
Swatches,Próbki
"Swatches per Product","Próbki każdego produktu"
"Show Swatches in Product List","Pokaż próbki z listy produktów"
Image,Obraz
"Image Opacity","Krycie obrazu"
"Image Size","Rozmiar obrazu"
"Image Position","Pozycja obrazu"
"Swatch Helper: not valid parameter for product instantiation","Swatch Helper: nieprawidłowy parametr dla instancji produktu"
"Admin is a required field in the each row","Administrator jest polem wymaganym w każdym wierszu"
"Manage Swatch (values of your attribute)","Zarządzaj Swatch (wartości atrybutu)"
"Swatch cannot be saved","Nie można zapisać próbki"
More,Więcej
"Sending swatch values as package.","Wysyłanie wartości swatch jako pakiet."
"Addtional data is wrong and cannot be assembled","Dodatkowe dane są nieprawidłowe i nie można ich połączyć"
"Addtional data is wrong and cannot be populated","Dodatkowe dane są nieprawidłowe i nie można ich wypełnić"
"Related Products Rule","Powiązane reguły produktów"
"Product Result Conditions (leave blank for matching all products)","Warunki dopasowania produktu (zostaw puste, aby dopasować wszystkie produkty)"
"Products to Display","Produkty do wyświetlania"
"Product Match Conditions (leave blank for matching all products)","Warunki dopasowania produktu (zostaw puste, aby dopasować wszystkie produkty)"
"Products to Match","Produkty do dopasowania"
"General Rule Information",Ogólne
"Result Limit","Ograniczenie rezultatu"
"Maximum number of products this rule can apply to (up to 20).","Maksymalna liczba produktów tej reguły można zastosować do (do 20)."
"Product Rule Information","Informacje o regule produktu"
"Undefined Catalog Product List Type","Niezdefiniowany typ listy produktów katalogowych"
"New Related Products Rule","Nowe powiązania reguł produktów"
"Related Products Rules","Powiązane reguły produktów"
"We can't save the product rule right now.","W tej chwili nie możemy zapisać reguły produktu."
"Please specify a correct rule.","Proszę określić poprawną regułę."
"Invalid product list type","Nieprawidłowy rodzaj listy produktów"
"Invalid rotation mode type","Nieprawidłowy rodzaj modelu obrotu"
"Product %1%2%3%4%5%6%7","Produkt %1%2%3%4%5%6%7"
"Constant Value","Stała wartość"
"the Same as Matched Product Categories","tylko dla dopasowanych kategorii produktów"
"the Child of the Matched Product Categories","podkategorie dopasowanych kategorii produktów"
"Matched Product %1","Dopasowany produkt %1"
"Target Product ","Produkt docelowy "
"Price (percentage)","Cena (procentowo)"
"Product Special","Produkt specjalny"
"equal to",równy
more,więcej
less,mniej
"Product Price is %1 %2% of Matched Product(s) Price","Cena produktu jest %1 %2% ceny dopasowanych produktów"
"Please define a product data object.","Proszę określić obiekt danych produktu."
"Model class name for attribute is invalid","Nazwa klasy modelu dla atrybutu jest nieprawidłowa"
"This attribute code is invalid. Please use only letters (a-z), numbers (0-9) or underscores (_), and be sure the code begins with a letter.","Kod tej cechy jest nieprawidłowy. Proszę używać tylko liter (a-z), cyfr (0-9) lub podkreślnika (_), oraz upewnić się, że kod zaczyna się od litery."
"Both Selected and Rule-Based","Zarówno wybrane jak i oparte na regułach"
"Selected Only","Tylko wybrane"
"Rule-Based Only","Oparte tylko na regułach"
"Do not rotate","Nie obracać"
"Rule-based Settings","Ustawienia oparte na regułach"
"Rule-based Positions","Pozycje oparte na regułach"
"Position Behavior","Zachowanie pozycji"
"Rule-Based Product Relations","Relacje między produktami oparte na regułach"
"Maximum Number of Products in Related Products List","Maksymalna liczba produktów na liście produktów pokrewnych"
"Show Related Products","Pokaż produkty pokrewne"
"Rotation Mode for Products in Related Product List","Tryb obracania produktów znajdujących się na liście produktów związanych"
"Maximum Number of Products in Cross-Sell Product List","Maksymalna liczba produktów na liście sprzedaży krzyżowej"
"Show Cross-Sell Products","Pokaż produkty sprzedaży krzyżowej"
"Rotation Mode for Products in Cross-Sell Product List","Tryb obracania produktów na liście sprzedaży krzyżowej"
"Maximum Number of Products in Upsell Product List","Maksymalna liczba produktów na liście upsell"
"Show Upsell Products","Pokaż produkty upsell"
"Rotation Mode for Products in Upsell Product List","Tryb obracania produktów znajdujących się na liście upsell"
"Target Rule","Reguły docelowe"
"Target Rule Index","Cel reguł indeksu"
"Product/Target Rule","Produkt/Cel reguły"
"Target Rule/Product","Cel reguł/produkt"
"Target Rule Index.","Wskaźnik reguły docelowej."
"The Catalog Product List Type needs to be defined. Verify the type and try again.","Należy zdefiniować typ listy produktów Catalog. Zweryfikuj typ i spróbuj ponownie."
"The attribute's model class name is invalid. Verify the name and try again.","Nazwa klasy modelu atrybutu jest nieprawidłowa. Zweryfikuj nazwę i spróbuj ponownie."
"Tax Rate Information","Informacje o stawce podatku"
"Tax Identifier","Identyfikator podatku"
"Zip/Post is Range","Kod pocztowy jest zakresem"
"Zip/Post Code","Kod pocztowy"
"'*' - matches any; 'xyz*' - matches any that begins on 'xyz' and are not longer than %1.","'*' - pasuje do wszystkiego; 'xyz*' - pasuje do wszystkiego co zaczyna się od 'xyz' i nie jest dłuższe niż %1 się."
"Range From","Zakres od"
"Range To","Zakre do"
State,Województwo
"Rate Percent","Procent stawki"
"Tax Titles","Tytuły podatku"
"Add New Tax Rate","Dodaj nową stawkę podatku"
"Delete Rate","Usuń stawkę"
"Save Rate","Zapisz stawkę"
"Manage Tax Rules","Zarządzaj regułami podatków"
"Add New Tax Rule","Dodaj regułę dla podatku"
"Save Rule","Zapisz regułę"
"Tax Rule Information","Informacje o regule podatku"
"Customer Tax Class","Klasa podatku dla klienta"
"Product Tax Class","Klasa podatku dla produktów"
"Tax Rate","Stawka podatku"
"Tax rates at the same priority are added, others are compounded.","Stawki podatku o tym samym priorytecie zostały dodane, pozostałe zostały połączone."
"Calculate Off Subtotal Only","Obliczaj tylko z sumy częściowej"
"Do you really want to delete this tax class?","Czy na pewno chcesz usunąć tę Klasę podatku?"
"Add New Tax Class","Dodaj nową klasę podatkową"
"Subtotal (Excl.Tax)","Suma częściowa (bez podatku)"
"Subtotal (Incl.Tax)","Suma częściowa (z podatkiem)"
"Shipping & Handling (Excl.Tax)","Dostawa i obsługa (bez podatku)"
"Shipping & Handling (Incl.Tax)","Dostawa i obsługa (z podatkiem)"
"Grand Total (Excl.Tax)","Suma łączna (bez podatku)"
"Grand Total (Incl.Tax)","Suma łączna (z podatkiem)"
"Manage Tax Rates","Zarządzaj stawkami podatków"
"New Tax Rate","Nowa stawka podatku"
"Tax Zones and Rates","Strefa podatku i cen"
"We can't delete this tax rate right now.","Nie można teraz usunąć tej stawki podatku."
"An error occurred while loading this tax rate.","Wystąpił błąd podczas ładowania tej stawki podatku."
"You deleted the tax rate.","Usunąłeś stawkę podatku."
"We can't delete this rate because of an incorrect rate ID.","Nie możemy usunąć tej stawki ze względu na nieprawidłowe ID."
"Something went wrong deleting this rate.","Coś poszło nie tak, jak powinno, podczas usuwania stawki."
"Edit Tax Rate","Edytuj stawkę podatku"
"You saved the tax rate.","Zapisałeś stawkę podatkową."
"An error occurred while loading tax rates.","Wystąpił błąd podczas ładowania stawek podatkowych."
"The tax rule has been deleted.","Reguła podatku została usunięta."
"Something went wrong deleting this tax rule.","Coś poszło nie tak podczas usuwania tej reguły podatkowej."
"New Tax Rule","Nowe zasady podatkowe"
"You saved the tax rule.","Zapisałeś regułę podatkową."
"We can't save this tax rule right now.","Obecnie nie możemy zapisać tej reguły podatkowej."
"Invalid name of tax class specified.","Nieprawidłowo określona nazwa klasy podatkowej."
"We can't delete this tax class right now.","Obecnie nie możemy usunąć tej klasy podatkowej."
"We can't save this tax class right now.","Obecnie nie możemy zapisać tej klasy podatkowej."
"Make sure all required information is valid.","Upewnij się, że wszystkie wymagane informacje są prawidłowe."
"The Rate Percent should be a positive number.","Stawka procentowa powinna być liczbą dodatnią."
"Maximum zip code length is 9.","Maksymalna długość kodu pocztowego to 9."
"Use digits only for the zip code.","W kodzie pocztowym należy używać wyłącznie cyfr."
"Range To should be equal or greater than Range From.","Zakres końcowy powinien być równy lub większy od ZAkresu początkowego"
"The tax rate cannot be removed. It exists in a tax rule.","Stawki podatku nie można usunąć. Istnieje ona w regule podatkowej."
"This class no longer exists.","Ta klasa już nie istnieje."
"You cannot delete this tax class because it is used in Tax Rules. You have to delete the rules it is used in first.","Nie możesz usunąć tej klasy podatkowej, ponieważ jest ona używana przez jedną z reguł podatkowych. Wpierw musisz usunąć tę regułę."
"You cannot delete this tax class because it is used in existing %1(s).","Nie możesz usunąć tej klasy podatku ponieważ jest używana do %s produktów."
"Custom price if available","Indywidualna cena, jeśli dostępna"
"Original price only","Tylko oryginalna cena"
"Shipping Origin","Pochodzenie dostawy"
"No (price without tax)","Nie (cena bez podatku)"
"Yes (only price with tax)","Tak (tylko cena z podatkiem)"
"Both (without and with tax)","Oba (z podatkiem i bez)"
"Invalid type supplied","Podano nieprawidłowy typ"
"Class name and class type","Nazwa klasy i typ klasy"
"Grand Total (Excl. Tax)","Suma łączna (bez podatku)"
"Grand Total (Incl. Tax)","Suma łączna (z podatkiem)"
"Shipping (Excl. Tax)","Dostawa (bez podatku)"
"Shipping (Incl. Tax)","Dostawa (z podatkiem)"
"Before Discount","Przed zniżką"
"After Discount","Po zniżce"
"To apply the discount on prices including tax and apply the tax after discount, set Catalog Prices to “Including Tax”. ","Aby zastosować rabat do cen zawierających podatek i zastosować podatek po rabacie, ustaw Ceny katalogowe na ""Z podatkiem""."
"Store(s) affected: ","Dotyczy sklepów: "
"Click on the link to <a href=""%1"">ignore this notification</a>","Kliknij na link, aby <a href=""%1""> zignorować tą informację</a>"
"With customer tax applied “Before Discount”, the final discount calculation may not match customers’ expectations. ","W przypadku zastosowania podatku od klienta ""przed rabatem"" ostateczne obliczenie rabatu może nie odpowiadać oczekiwaniom klientów."
"Your current tax configuration may result in rounding errors. ","Bieżąca konfiguracja podatkowa może powodować błędy zaokrągleń."
"Please see <a href=""%1"">documentation</a> for more details. ","By uzyskać więcej szczegółów przejdź do <a href=""%1"">dokumentacji</a>. "
"Click here to go to <a href=""%1"">Tax Configuration</a> and change your settings.","Kliknij tutaj, aby przejść do <a href=%1"">zarządzania podatkami</a> i zmienić ustawienia.""."
"Invalid type of tax class ""%1""","Nieprawidłowy typ klasy podatku ""%1"""
"Updating classType is not allowed.","Aktualizowanie classType jest niedozwolone."
"A class with the same name already exists for ClassType %1.","Klasa o tej samej nazwie już istnieje dla ClassType %1."
"customer group","grupa klientów"
product,produkt
"Excl. tax:","Bez podatku:"
"Entity already exists","Obiekt już istnieje"
"Cannot save titles","Nie można zapisać tytułu"
"Some Message","Niektóre wiadomości"
Note:,Notatka:
"Leave this field empty if you wish to use the tax identifier.","Pozostaw to pole puste, jeśli chcesz użyć identyfikatora podatkowego."
"An error occurred","Wystąpił błąd"
"Do you really want to delete this tax rate?","Czy na pewno chcesz usunąć tę klasę podatku?"
"Add New Class","Dodaj nową klasę"
Taxes,Podatki
"Tax Section","Sekcja podatków"
"Tax Classes","Klasy podatku"
"Tax Class for Shipping","Klasa podatku dla dostawy"
"Default Tax Class for Product","Domyślna klasa podatku dla produktu"
"Default Tax Class for Customer","Domyślna klasa podatku dla klienta"
"Calculation Settings","Ustawienia obliczeń"
"Tax Calculation Method Based On","Metoda obliczania podatku oparta na"
"Catalog Prices","Ceny katalogu"
"This sets whether catalog prices entered from Magento Admin include tax.","Ustawia, czy Katalog ceny wprowadzany z Magento Admin zawiera podatek."
"Shipping Prices","Ceny dostawy"
"This sets whether shipping amounts entered from Magento Admin or obtained from gateways include tax.","Czy koszty dostawy pobrane z Magento Admin lub pobrane z zewnątrz zawierają podatek."
"Apply Customer Tax","Zastosuj podatek klienta"
"Apply Discount On Prices","Zastosuj zniżkę na cenach"
"Warning: To apply the discount on prices including tax and apply the tax after discount, set Catalog Prices to “Including Tax”.","Ostrzeżenie: Aby zastosować rabat do cen zawierających podatek i zastosować podatek po rabacie, ustaw opcję Catalog Prices na ""Including Tax""."
"Apply Tax On","Zastosuj podatek na"
"Enable Cross Border Trade","Włącz handel transgraniczny"
"When catalog price includes tax, enable this setting to fix the price no matter what the customer's tax rate.","Kiedy cena katalog zawiera podatek, włączenie tego ustawienia naprawi cenę bez względu na to, jaka jest ustawiona stawka podatkowa klienta."
"Default Tax Destination Calculation","Domyślne obliczanie pochodzenia dla podatku"
"Default State","Domyślne województwo"
"Default Post Code","Domyślny kod pocztowy"
"Price Display Settings","Ustawienia wyświetlania ceny"
"Display Product Prices In Catalog","Wyświetlaj ceny produktu w katalogu"
"Display Shipping Prices","Wyświetlaj ceny dostawy"
"Shopping Cart Display Settings","Ustawienia wyświetlania koszyka"
"Display Prices","Wyświetlaj ceny"
"Display Subtotal","Wyświetlaj sumę częściową"
"Display Shipping Amount","Wyświetlaj koszt dostawy"
"Include Tax In Order Total","Zawrzyj podatek w sumie zamówienia"
"Display Full Tax Summary","Wyświetlaj pełne podsumowanie podatku"
"Display Zero Tax Subtotal","Wyświetlaj zerową podsumę podatku"
"Orders, Invoices, Credit Memos Display Settings","Ustawienia wyświetlania zamówień, faktur, faktur korygujących"
State/Region,Województwo/Region
"Subtotal Only","Tylko suma częściowa"
"(Excl. Tax)","(bez podatku)"
"(Incl. Tax)","(z podatkiem)"
"Order Total Excl. Tax","Suma zamówienia bez podatku"
"Order Total Incl. Tax","Suma zamówienia z podatkiem"
"Warning tax configuration can result in rounding errors. ","Ostrzeżenie dotyczące konfiguracji podatku może powodować błędy zaokrąglania."
"Warning tax discount configuration might result in different discounts
                                than a customer might expect. ","Konfiguracja rabatu podatkowego może skutkować innymi rabatami
                                niż klient mógłby oczekiwać."
"Apply discount on price including tax is calculated based on store tax if ""Apply Tax after Discount"" is selected.","Zastosuj rabat od ceny z podatkiem jest obliczany na podstawie podatku sklepowego, jeśli wybrano opcję ""Zastosuj podatek po rabacie""."
"Your credit card will be charged for","Karta kredytowa zostanie obciążona opłatą za"
"With customer tax applied “Before Discount”, the final discount calculation may not match customers’ expectations.","W przypadku zastosowania podatku od klienta ""przed rabatem"" ostateczne obliczenie rabatu może nie odpowiadać oczekiwaniom klientów."
"The required information is invalid. Verify the information and try again.","Wymagane informacje są nieprawidłowe. Zweryfikuj informacje i spróbuj ponownie."
"The Rate Percent is invalid. Enter a positive number and try again.","Stawka procentowa jest nieprawidłowa. Wprowadź liczbę dodatnią i spróbuj ponownie."
"The ZIP Code length is invalid. Verify that the length is nine characters or fewer and try again.","Długość kodu ZIP jest nieprawidłowa. Sprawdź, czy długość wynosi dziewięć znaków lub mniej i spróbuj ponownie."
"The ZIP Code is invalid. Use numbers only.","Kod pocztowy jest nieprawidłowy. Należy używać wyłącznie cyfr."
"The tax rate can't be removed because it exists in a tax rule.","Stawki podatku nie można usunąć, ponieważ istnieje ona w regule podatkowej."
"Import and Export Tax Rates","Importuj i eksportuj stawki podatków"
"The tax rate has been imported.","Stawka podatku została zaimportowana."
"Invalid file upload attempt","Próba wgrania pliku zakończona niepowodzeniem"
"Invalid file upload attempt.","Próba wgrania pliku zakończona niepowodzeniem."
"Invalid file format.","Nieprawidłowy format pliku."
"One of the countries has invalid code.","Jeden z krajów ma nieprawidłowy kod."
"Import Tax Rates","Importuj stawki podatku"
"Export Tax Rates","Eksportuj stawki podatku"
"Country code is invalid: %1","Kod kraju jest nieprawidłowy: %1"
"Import/Export Tax Rates","Importuj / Eksportuj stawki podatków"
"Save and Continue","Zapisz i kontynuuj"
"Save Configuration","Zapisz konfigurację"
Themes,Motywy
"Are you sure you want to delete this theme?","Czy na pewno chcesz usunąć ten motyw?"
"Theme: %1","Temat: %1"
"Theme CSS","Temat CSS"
"Theme CSS Assets","Zestaw plików CSS motywu"
"Custom CSS","Własny CSS"
"Select CSS File to Upload","Wybierz plik CSS do załadowania"
"Upload CSS File","Wgraj plik CSS"
"Download CSS File","Pobierz plik CSS"
"Upload Images","Prześlij obrazek"
"Images Assets","Zestaw obrazków"
"Upload Fonts","Wgraj czcionki"
"Fonts Assets","Zestaw czcionek"
"Edit custom.css","Edytuj custom.css"
"Allowed file types *.css.","Dozwolone typy pliku *.js."
"This file will replace the current custom.css file and can't be more than 2 MB.","Ten plik zastąpi obecny plik custom.css i nie może być większy niż 2 MB."
"Max file size to upload %1M","Maksymalny rozmiar pliku %1M"
"Something is wrong with the file upload settings.","Coś jest nie tak z ustawieniami przesyłania plików."
"CSS Editor","Edytor CSS"
"Theme Settings","Ustawienia motywu"
"Parent Theme","Motyw nadrzędny"
"Theme Path","Scieżka motywu"
"Theme Title","Tytuł motywu"
"Theme Preview Image","Zdjęcie podglądu motywu"
"Copy of %1","Kopia %1"
"Max image size %1M","Maksymalny rozmiar obrazka %1M"
"Theme JavaScript","JavaScript motywu"
"Select JS Files to Upload","Wybierz plik JS to wysłania"
"Upload JS Files","Wgraj pliki JS"
"JS Editor","Edytor JS"
"Allowed file types *.js.","Dozwolone typy pliku *.js."
"Create Folder","Utwórz katalog"
welcome,witamy
"Design Configuration","Konfiguracja wyglądu"
"You deleted the theme.","Usunąłeś motyw."
"We cannot delete the theme.","Nie możemy usunąć motywu."
"File not found: ""%1"".","Nie znaleziono pliku: ""%1""."
"We can't find file.","Nie można znaleźć pliku."
"We cannot find theme ""%1"".","Nie możemy znaleźć motywu ""%1""."
"We cannot find the theme.","Nie możemy znaleźć motywu."
"This theme is not editable.","Ten motyw nie jest edytowalny."
"You saved the theme.","Zapisałeś motyw."
"We can't upload the CSS file right now.","Nie możemy teraz wgrać pliku CSS."
"We cannot find a theme with id ""%1"".","Nie możemy znaleźć motywu o id ""%1""."
"We can't upload the JS file right now.","Nie możemy teraz wgrać pliku JS."
"Sorry, something went wrong. That's all we know.","Przepraszamy, coś poszło nie tak."
"Invalid type","Nieprawidłowy typ"
"Invalid scope or scope id","Nieprawidłowy zakres lub identyfikator zakresu"
"%1 does not contain field '%2'","%1 nie zawiera pola '%2'"
"Invalid regular expression: ""%1"".","Nieprawidłowe wyrażenie regularne: ""%1""."
"%1 does not contain field 'file'","%1 nie zawiera pola 'file'"
"Backend model is not specified for %1","Model zaplecza nie został określony dla %1"
"The %templateName contains an incorrect configuration. The template has a reference to itself. Either remove or change the reference.","Nazwa %templateName zawiera nieprawidłową konfigurację. Szablon zawiera odniesienie do samego siebie. Usuń lub zmień odniesienie."
"Can not save empty config","Nie można zapisać pustej konfiguracji"
"The start date can't follow the end date.","Data rozpoczęcia nie może być późniejsza niż data zakończenia."
"The date range for this design change overlaps another design change for the specified store.","Zakres dat dla tej zmiany wyglądu nakłada się na inny projekt zmian dla określonego sklepu."
"Theme id should be set","Id motywu powinien być ustawiony"
"Circular-reference in theme inheritance detected for ""%1""","Odwołania cykliczne w temacie dziedziczenia wykryto dla ""%1"""
"The CSS file must be less than %1M.","Plik CSS, musi być mniejsza niż %1M."
"The JS file must be less than %1M.","Plik JS, musi być mniejsza niż %1M."
"Use only standard alphanumeric, dashes and underscores.","Użyj tylko standardowych znaków alfanumerycznych, myślników i podkreśleń."
"We found a directory with the same name.","Znaleźliśmy katalog o tej samej nazwie."
"We cannot find a directory with this name.","Nie możemy znaleźć katalogu o podanej nazwie."
"Theme isn't deletable.","Motywu nie można usunąć."
"localized exception","zlokalizowany wyjątek"
"Test Label","Etykieta testowa"
Phrase,Wyrażenie
"We found no files.","Nie znaleźliśmy żadnych plików."
"Browse Files","Przeglądanie plików"
Scope:,Zakres:
"Help Us Keep Magento Healthy","Pomóż nam utrzymać Magento w dobrej kondycji"
"Report All Bugs","Zgłaszaj wszystkie błędy"
"Toggle Nav","Przełącznik Nav"
"JavaScript seems to be disabled in your browser.","Wygląda na to, że JavaScript jest wyłączony w twojej przeglądarce."
"For the best experience on our site, be sure to turn on Javascript in your browser.","By w pełni cieszyć się naszą stroną, upewnij się, że włączyłeś JavaScript w swojej przeglądarce."
"Local Storage seems to be disabled in your browser.","Wygląda na to, że pamięć podręczna jest wyłączona w twojej przeglądarce."
"For the best experience on our site, be sure to turn on Local Storage in your browser.","By w pełni cieszyć się naszą stroną, upewnij się, że włączyłeś pamięć podręczną w swojej przeglądarce."
"This is demo store. No orders will be fulfilled.","To jest sklep demonstracyjny. Żadne zamówienia nie będą realizowane."
"Items %1 to %2 of %3 total","Elementy %1 do %2 %3 całkowita"
"%1 Item(s)","%1 produkt(ów)"
Page,Strona
"You're currently reading page","Aktualnie czytasz stronę"
"We don't recognize this file extension.","Nie rozpoznajemy tego rozszerzenia pliku."
"Go to Home Page","Przejdź do strony głównej"
"1 column","1 kolumna"
"Default welcome msg!","Domyślna wiadomość powitalna!"
"Copyright © 2013-present Magento, Inc. All rights reserved.","Copyright © 2013-obecnie Magento. Wszelkie prawa zastrzeżone."
"Design Config Grid","Siatka konfiguracji wyglądu"
"Rebuild design config grid index","Odbuduj indeks siatki konfiguracji wyglądu"
"Admin empty","Admin pusty"
"Admin 1column","Admin 1 kolumna"
"Theme Information","Informacje o motywie"
"HTML Head","Nagłówek HTML"
"Allowed file types: ico, png, gif, jpg, jpeg, apng. Not all browsers support all these formats!","Dozwolone typy plików: ico, png, gif, jpg, jpeg, apng. Nie wszystkie przeglądarki obsługują wszystkie te formaty!"
"Favicon Icon","Ikonka witryny (favicon)"
"Default Page Title","Domyślnie tytuł strony"
"Page Title Prefix","Prefiks tytułu strony"
"Page Title Suffix","Sufiks tytułu strony"
"Default Meta Description","Domyślny Meta opis"
"Default Meta Keywords","Domyślne Meta słowa kluczowe"
"This will be included before head closing tag in page HTML.","To będzie załączone przed znacznikiem zamykającym sekcję HEAD w HTML."
"Scripts and Style Sheets","Skrypty i arkuszy stylów"
"Display Demo Store Notice","Wyświetlaj informację o wersji demonstracyjnej"
"Allowed file types: png, gif, jpg, jpeg.","Dozwolone typy plików: png, gif, jpg, jpeg."
"Logo Attribute Width","Szerokość atrybut logo"
"Logo Attribute Height","Wysokość atrybut logo"
"Welcome Text","Tekst powitalny"
"This will be displayed just before the body closing tag.","To będzie wyświetlane tuż przed zamykającym znacznikiem body."
"Miscellaneous HTML","Różny HTML"
Copyright,"Prawa autorskie"
"Default Robots","Domyślne roboty"
"Edit custom instruction of robots.txt File","Edytuj niestandardową instrukcję obsługi pliku robots.txt"
"This action will delete your custom instructions and reset robots.txt file to system's default settings.","Ta akcja będzie usuwać twoje niestandardowe instrukcje i zresetuje plik robots.txt do domyślnych ustawień systemu."
"Reset To Defaults","Zresetuj do ustawień domyślnych"
"Skip to Content","Przejdź do treści"
Account,Konto
"2 columns with left bar","2 kolumny z lewym paskiem"
"2 columns with right bar","2 kolumny z prawym paskiem"
"3 columns","3 kolumny"
"Exception does not contain field '%1'","Wyjątek nie zawiera pola '%1'"
"Allowed file types: ICO, PNG, GIF, JPG, JPEG, APNG, SVG. Not all browsers support all these formats!","Dozwolone typy plików: ICO, PNG, GIF, JPG, JPEG, APNG, SVG. Nie wszystkie przeglądarki obsługują wszystkie te formaty!"
"Default Title","Tytuł domyślny"
"Title Prefix","Prefiks tytułu"
"Title Suffix","Przyrostek tytułu"
"Default Description","Opis domyślny"
"Default Keywords","Domyślne słowa kluczowe"
"Miscellaneous Scripts","Różne skrypty"
"Search Engine Robots","Roboty wyszukiwarek"
"Reset to Defaults","Przywróć ustawienia domyślne"
"Logo Image Width","Szerokość obrazu logo"
"Logo Image Height","Wysokość obrazu logo"
"This will be displayed just before body closing tag.","Zostanie on wyświetlony tuż przed tagiem zamykającym treść."
"Copyright © 2015 Magento. All rights reserved.","Copyright © 2015 Magento. Wszelkie prawa zastrzeżone."
"Wrong request.","Błędne żądanie."
"Copyright © 2013-2017 Magento, Inc. All rights reserved.","Copyright © 2013-2017 Magento, Inc. Wszelkie prawa zastrzeżone."
"Copyright © 2017 Magento, Inc. All rights reserved.","Copyright © 2017 Magento, Inc. Wszelkie prawa zastrzeżone."
"Allowed file types: ico, png, gif, jpg, jpeg, apng, svg. Not all browsers support all these formats!","Dozwolone typy plików: ico, png, gif, jpg, jpeg, apng, svg. Nie wszystkie przeglądarki obsługują wszystkie te formaty!"
"Allowed file types: png, gif, jpg, jpeg, svg.","Dozwolone typy plików: png, gif, jpg, jpeg, svg."
"Copyright © 2016 Magento. All rights reserved.","Copyright © 2016 Magento. Wszelkie prawa zastrzeżone."
"Display Report Bugs Link","Wyświetlanie łącza do zgłaszania błędów"
"Allowed file types: ICO, PNG, GIF, JPG, JPEG, APNG. Not all browsers support all these formats!","Dozwolone typy plików: ICO, PNG, GIF, JPG, JPEG, APNG. Nie wszystkie przeglądarki obsługują wszystkie te formaty!"
"The scope or scope ID is invalid. Verify both and try again.","Zakres lub identyfikator zakresu jest nieprawidłowy. Sprawdź oba i spróbuj ponownie."
"The backend model isn't specified for ""%1"".","Model backendu nie został określony dla ""%1""."
"The ""%templateName"" template contains an incorrect configuration, with a reference to itself. Remove or change the reference, then try again.","Szablon ""%templateName"" zawiera nieprawidłową konfigurację z odniesieniem do samego siebie. Usuń lub zmień odniesienie, a następnie spróbuj ponownie."
"The config can't be saved because it's empty. Complete the config and try again.","Konfiguracja nie może zostać zapisana, ponieważ jest pusta. Uzupełnij konfigurację i spróbuj ponownie."
"This is a demo store. No orders will be fulfilled.","To jest demo sklepu. Zamówienia nie zostaną spełnione."
"Not all browsers support all these formats!","Nie wszystkie przeglądarki obsługują wszystkie te formaty!"
"TinyMCE 3 (deprecated)","TinyMCE 3 (przestarzałe)"
"Dictionary (Translation on Storefront side)","Słownik (tłumaczenie na stronie sklepu)"
"Embedded (Translation on Admin side)","Wbudowany (tłumaczenie na stronie admina)"
"Error while translating phrase ""%s"" in file %s.","Błąd podczas tłumaczenia frazy ""%s"" w pliku %s."
"Error while generating js translation dictionary: ""%s""","Wystąpił błąd w trakcie generowania tłumaczeń JavaScript: ""%s"""
"Translation Strategy","Strategia tłumaczenia"
Translations,Tłumaczenia
"Translation files","Pliki z tłumaczeniami"
"Translation files.","Pliki tłumaczeń."
"Please put your store into maintenance mode and redeploy static files after changing strategy","Po zmianie strategii należy przełączyć sklep w tryb konserwacji i ponownie wdrożyć pliki statyczne."
"Condition type ""%1"" is not allowed","Rodzaj warunku ""%1"" nie jest dozwolony"
"The configuration parameter ""formElement"" is a required for ""%1"" field.","Parametr konfiguracji ""formElement"" jest wymagany dla pola ""%1""."
"Remove %1","Usuń %1"
"Add New %1","Dodaj nowy %1"
"New %1","Nowy %1"
"Unsupported bookmark action.","Nieobsługiwana zakładka działania."
"UI component could not be rendered because of system exception","Komponent UI nie mógł zostać wyrenderowany z powodu wyjątku systemowego"
"Parameter ""class"" must be present.","Parametr ""class"" musi być obecny."
"Parameter ""sortOrder"" must be present.","Parametr ""sortOrder"" musi być obecny."
"Invalid UI Component element name: '%1'","Nieprawidłowa nazwa elementu składnika interfejsu użytkownika: ""%1"
"Bookmark with id ""%1"" does not exist.","Zakładka o id ""%1"" nie istnieje."
"Invalid UI Component element name: ''","Nieprawidłowa nazwa elementu komponentu UI: ''"
Filters,Filtry
Selected,Wybrane
"Select All on This Page","Zaznacz wszystko na tej stronie"
"Deselect All on This Page","Usuń zaznaczenia na tej stronie"
On,Włączone
Off,Włączone
"Go to Details Page","Przejdź do strony szczegółów"
"New View","Nowy widok"
"Default View","Widok domyślny"
"${ $.visible } out of ${ $.total } visible","Włączone: ${ $.visible } / ${ $.total }"
"You have successfully saved your edits.","Zmiany zostały pomyślnie zapisane."
"There are {placeholder} messages requires your attention.","Istnieją {placeholder} wiadomości wymagające uwagi."
"You haven't selected any items!","Nie wybrano żadnych elementów!"
"Search by keyword","Szukaj wg słów kluczowych"
Keyword,"Słowo kluczowe"
"Please enter more or equal than {0} symbols.","Podaj więcej lub dokładnie {0} symboli."
"Please enter less or equal than {0} symbols.","Podaj więcej lub dokładnie {0} symboli."
"Please enter {0} words or less.","Podaj {0} słów lub mniej."
"Please enter at least {0} words.","Podaj co najmniej {0} słów."
"Please enter between {0} and {1} words.","Proszę wprowadzić między {0} a {1} słów."
"Letters or punctuation only please","Tylko litery lub znaki interpunkcyjne"
"Letters, numbers, spaces or underscores only please","Tylko litery, cyfry, spacje lub podkreślenia"
"Letters only please","Tylko litery"
"No white space please","Bez pustych miejsc"
"Your ZIP-code must be in the range 902xx-xxxx to 905-xx-xxxx","Kod pocztowy musi być z zakresu 902xx-xxxx do 905-xx-xxxx"
"A positive or negative non-decimal number please","Proszę o liczby dodatnie lub ujemne, nie dziesiętne"
"The specified vehicle identification number (VIN) is invalid.","Numer identyfikacyjny określony pojazdu (VIN) jest nieprawidłowy."
"Please enter a correct date","Wpisz poprawną datę"
"Vul hier een geldige datum in.","Proszę podać poprawną datę tutaj."
"Please enter a valid time, between 00:00 and 23:59","Wprowadź poprawną godzinę, od 00:00 do 23:59"
"Please enter a valid time, between 00:00 am and 12:00 pm","Wprowadź poprawną godzinę, między 00:00 do 24:00"
"Please specify a valid phone number","Podaj poprawny numer telefonu"
"Please specify a valid mobile number","Proszę podać prawidłowy numer telefonu komórkowego"
"Please enter at least {0} characters","Podaj co najmniej {0} znaków"
"Please enter a valid IP v4 address.","Podaj prawidłowy adres IP v4."
"Please enter a valid IP v6 address.","Podaj prawidłowy adres IP v6."
"Invalid format.","Nieprawidłowy format."
"HTML tags are not allowed.","Znaczniki HTML są niedozwolone."
"Please select an option.","Prosimy o wybranie opcji."
"Empty Value.","Puste wartości."
"Please use only letters (a-z or A-Z), numbers (0-9) or spaces only in this field.","Prosimy o używanie jedynie liter (a-z lub A-Z), cyfr (0-9) oraz spacji w tym polu."
"Please use only letters (a-z or A-Z), numbers (0-9) or underscore (_) in this field, and the first character should be a letter.","Prosimy o używanie jedynie liter (a-z lub A-Z), cyfr (0-9) lub podkreślnika (_) w tym polu, pierwszy znak powinien być literą."
"Please use only letters (a-z or A-Z), numbers (0-9), spaces and ""#"" in this field.","Proszę używać tylko liter (a-z lub A-Z), liczby (0-9), spacje i ""#"" w tym polu."
"Please enter a valid phone number. For example (123) 456-7890 or 123-456-7890.","Prosimy o wprowadzenie poprawnego numeru telefonu. Dla przykładu: (012) 345 67 89 lub 012 345 6789."
"Please enter a valid fax number (Ex: 123-456-7890).","Prosimy o wprowadzenie poprawnego numer faksu. przykład: +48 123-456-7890."
"Please enter a valid email address (Ex: johndoe@domain.com).","Podaj poprawny adres email (Ex: johndoe@domain.com)."
"Please enter 6 or more characters. Leading and trailing spaces will be ignored.","Prosimy o wprowadzenie 6 lub więcej znaków. Początkowe lub końcowe spacje zostaną zignorowane."
"Please enter 7 or more characters, using both numeric and alphabetic.","Proszę wpisać 7 lub więcej znaków, zarówno litery i cyfry."
"Minimum length of this field must be equal or greater than %1 symbols. Leading and trailing spaces will be ignored.","Minimalna ilość znaków w tym polu musi być równa lub większa %1. Spacje początkowe i końcowe są ignorowane."
"Please enter a valid URL. Protocol is required (http://, https:// or ftp://).","Prosimy o wprowadzenie poprawnego URL. Wymagany jest protokół (http://, https:// lub ftp://)."
"Please enter a valid URL. For example http://www.example.com or www.example.com.","Prosimy o wprowadzenie poprawnego URL. Dla przykładu: http://www.strona.pl lub www.strona.pl."
"Please enter a valid XML-identifier (Ex: something_1, block5, id-4).","Wprowadź prawidłowy identyfikator XML (Np: something_1, block5, id-4)."
"Please enter a valid social security number (Ex: 123-45-6789).","Wprowadź prawidłowy numer Pesel (np: 88123456789)."
"Please enter a valid zip code (Ex: 90602 or 90602-1234).","Podaj prawidłowy kod pocztowy (Np: 11-111)."
"Please use this date format: dd/mm/yyyy. For example 17/03/2006 for the 17th of March, 2006.","Prosimy o użycie następującego formatu daty: dd/mm/rrrr. Dla przykładu: 17/03/2006."
"Please enter a valid $ amount. For example $100.00.","Prosimy o wprowadzenie poprawnej kwoty w $. Na przykład $100.00."
"Please enter a number greater than 0 in this field.","Prosimy o podanie numeru większego od 0 w tym polu."
"Please input a valid CSS-length (Ex: 100px, 77pt, 20em, .5ex or 50%).","Podaj prawidłową długość CSS (np: 100px, 77pt, 20em, .5ex lub 50%)."
"Please enter a valid integer in this field.","Wprowadź prawidłową liczbę całkowitą."
"The value is not within the specified range.","Wartość nie znajduje się w podanym zakresie."
"Please use letters only (a-z or A-Z) in this field.","Prosimy o używanie jedynie liter (a-z lub A-Z) w tym polu."
"Please use only letters (a-z), numbers (0-9) or underscore (_) in this field, and the first character should be a letter.","W tym polu należy używać wyłącznie liter (a-z), cyfr (0-9) lub podkreślenia (_), a pierwszym znakiem powinna być litera."
"Please use only letters (a-z or A-Z) or numbers (0-9) in this field. No spaces or other characters are allowed.","Prosimy o używanie jedynie liter (a-z lub A-Z) lub cyfr (0-9) w tym polu. Spacje i inne znaki nie są dozwolone."
"Please enter a valid date.","Prosimy o wprowadzenie poprawnej daty."
"Please enter a valid URL Key (Ex: ""example-page"", ""example-page.html"" or ""anotherlevel/example-page"").","Wprowadź prawidłowy klucz URL (np: ""przykład Strona"", ""przykład page.html"" lub ""anotherlevel/przykład Strona"")."
"Please enter a valid zip code.","Prosimy o wprowadzenie poprawnego kodu pocztowego."
"Please select State/Province.","Prosimy o wybór regionu."
"Please enter a value less than or equal to {0}.","Wprowadź wartość mniejszą lub równą {0}."
"Please enter a value greater than or equal to {0}.","Wprowadź wartość większą lub równą {0}."
"Please enter valid email addresses, separated by commas. For example, johndoe@domain.com, johnsmith@domain.com.","Wpisz prawidłowe adresy e-mail w formacie jan.kowalski@domena.pl, oddzielając je przecinkami."
"Please enter issue number or start date for switch/solo card type.","Prosimy o podanie numeru wydania lub daty rozpoczęcia dla kart typu switch/solo."
"Please enter positive number in this field.","Proszę podać dodatnią wartość w tym polu."
"Please enter a valid value, ex: 10,20,30","Prosimy o wprowadzenie poprawnej wartości np. 10,20,30"
"File you are trying to upload exceeds maximum file size limit.","Rozmiar pliku który próbujesz przesłać przekracza dopuszczalny limit."
"Please use tag SCRIPT with SRC attribute or with proper content to include JavaScript to the document.","Proszę użyć tagu SCRIPT z atrybutem SRC lub właściwą zawartością, aby dodać JavaScript do dokumentu."
"The date is not within the specified range.","Data nie znajduje się w podanym zakresie."
Attention,Uwaga
"Label Button 2","Przycisk etykiety 2"
"Label Actions One","Etykieta Działania Jeden"
"Label Actions Two","Etykieta Działania dwa"
"Some Dynamic Actions","Niektóre działania dynamiczne"
"Log JS Errors to Session Storage","Dziennika błędów JS do przechowywania sesji"
"Log JS Errors to Session Storage Key","Dziennik błędów JS do przechowywania klucza sesji"
settings/label,ustawienia/etykieta
settings/confirm/title,ustawienia/potwierdzenie/tytuł
"settings/confirm/message
                        ","ustawienia/potwierdzenie/wiadomość
                        "
"
                            settings/callback/provider
                        ",settings/callback/provider
"settings/callback/target
                        ",settings/callback/target
"settings/newViewLabel
                    ",settings/newViewLabel
settings/title,ustawienia/tytuł
settings/description,ustawienia/opis
"
                        settings/addButtonLabel
                    ",settings/addButtonLabel
"
                        formElements/*[name(.)=../../@formElement]/settings/description
                    ",formElements/*[name(.)=../../@formElement]/settings/description
"
                        formElements/*[name(.)=../../@formElement]/settings/caption
                    ",formElements/*[name(.)=../../@formElement]/settings/caption
"
                        formElements/*[name(.)=../../@formElement]/settings/title
                    ",formElements/*[name(.)=../../@formElement]/settings/title
settings/caption,ustawienia/akapit
settings/visible,ustawienia/widoczny
settings/required,ustawienia/wymagane
settings/size,ustawienia/rozmiar
settings/notice,ustawienia/zawiadomienie
"Initialization error component, check the spelling of the name or the correctness of the call.","Błąd inicjalizacji komponentu, sprawdź pisownię nazwy lub poprawność wywołania."
"Select Items","Wybierz elementy"
"Save View As...","Zapisz widok jako..."
Columns,Kolumny
"All in column","Wszystko w kolumnie"
"Record contains unsaved changes.","Rekord zawiera niezapisane zmiany."
Export,Eksport
"Active filters:","Aktywne filtry:"
"Clear all","Wyczyść wszystko"
"Advanced filter","Filtr zaawansowany"
"Apply Filters","Zastosuj filtry"
"We couldn't find any records.","Nie mogliśmy znaleźć żadnych danych."
Search,Wyszukiwanie
"Please enter 6 or more characters. Leading or trailing spaces will be ignored.","Wprowadź 6 lub więcej znaków. Spacje początkowe i końcowe będą ignorowane."
"Please enter a quantity greater than 0.","Wprowadź ilość większą niż 0."
"The fewest you may purchase is %1.","Najmniejsza liczba, jaką można kupić, to %1."
"The maximum you may purchase is %1.","Maksymalna kwota, jaką można zakupić, wynosi %1."
"You can buy this product only in quantities of %1 at a time.","Ten produkt można kupić jednorazowo tylko w ilości %1."
"First character must be letter.","Pierwszy znak musi być literą."
"If enabled, can be used by functional tests for extended reporting","Jeśli opcja jest włączona, można użyć do testów funkcjonalnych dla rozszerzonego raportowania"
"Use this key to retrieve collected js errors","Użyj tego klucza do pobrania zebranych błędów js"
"The configuration parameter ""formElement"" is a required for ""' . . '"" field.","Parametr konfiguracji ""formElement"" jest wymagany dla pola ""' . . '""."
"'Add New ' .","'Dodaj nowy' ."
"'New ' .",'Nowy'.
"The file upload field is disabled.","Pole przesyłania plików jest wyłączone."
"No marginal white space please","Bez marginesów białej przestrzeni"
"Please enter a valid percentage discount value greater than 0.","Wprowadź prawidłową wartość procentową rabatu większą niż 0."
"Please enter a value less than or equal to %s.","Wprowadź wartość mniejszą lub równą %s."
"Please enter a value greater than or equal to %s.","Wprowadź wartość większą lub równą %s."
"Insert Images...","Wstaw obrazy..."
"The ""formElement"" configuration parameter is required for the ""%1"" field.","Parametr konfiguracji ""formElement"" jest wymagany dla pola ""%1""."
"'The XML in file ""%1"" is invalid.' . ""\n%2\nVerify the XML and try again.""","'XML w pliku ""%1"" jest nieprawidłowy.' . ""\n%2\nWeryfikuj XML i spróbuj ponownie."""
"The parameter ""class"" is missing. Set the ""class"" and try again.","Brakuje parametru ""class"". Ustaw ""class"" i spróbuj ponownie."
"The parameter ""sortOrder"" is missing. Set the ""sortOrder"" and try again.","Brakuje parametru ""sortOrder"". Ustaw ""sortOrder"" i spróbuj ponownie."
"The ""%1"" UI component element name is invalid. Verify the name and try again.","Nazwa elementu składnika interfejsu użytkownika ""%1"" jest nieprawidłowa. Zweryfikuj nazwę i spróbuj ponownie."
"The bookmark with ""%1"" ID doesn't exist. Verify your information and try again.","Zakładka o identyfikatorze ""%1"" nie istnieje. Zweryfikuj informacje i spróbuj ponownie."
"The """" UI component element name is invalid. Verify the name and try again.","Nazwa elementu """" interfejsu użytkownika jest nieprawidłowa. Zweryfikuj nazwę i spróbuj ponownie."
"was not uploaded","nie został załadowany"
"Entity with ID: %s doesn't exist","Podmiot o ID: %s nie istnieje"
"Open in new tab","Otwórz w nowej karcie"
"Wrong color format. Please specify color in HEX, RGBa, HSVa, HSLa or use color name.","Nieprawidłowy format koloru. Podaj kolor w formacie HEX, RGBa, HSVa, HSLa lub użyj nazwy koloru."
"This link is not allowed.","Ten link jest niedozwolony."
settings/confirm/message,ustawienia/potwierdzenie/wiadomość
"This element contains invalid data. Please resolve this before saving.","Ten element zawiera nieprawidłowe dane. Usuń ten błąd przed zapisaniem."
"Please use only lowercase letters (a-z), numbers (0-9) or underscore (_) in this field, and the first character should be a letter.","W tym polu należy używać wyłącznie małych liter (a-z), cyfr (0-9) lub podkreślenia (_), a pierwszym znakiem powinna być litera."
"UPS Second Day Air A.M.","UPS Second Day Air"
"UPS Saver","UPS Next Day Air Saver"
"UPS Express Early A.M.","UPS Express wczesnym rankiem."
"UPS Today Dedicated Courrier","UPS Today Dedykowany kurier"
"UPS Today Intercity","UPS Today Express Saver"
"UPS Today Express","UPS Today Dedicated Courrier"
"UPS Express Plus","UPS Express Early A.M."
"Next Day Air Early AM","Lot następnego dnia we wczesnych godzinach porannych"
"Next Day Air Early AM Letter","List lotniczy następnego dnia we wczesnych godzinach porannych"
"Next Day Air","Lot następnego dnia"
"Next Day Air Letter","Next Day Air Intra (Puerto Rico)"
"Next Day Air Saver Letter","Next Day Air Saver"
"2nd Day Air Letter","List lotniczy 2. dnia"
"Ground Commercial","Naziemny komercyjny"
"Ground Residential","Naziemny do miejsca zamieszkania"
"Canada Standard","Kanada Standard"
"Worldwide Express Saver","Worldwide Express Plus Letter"
"Worldwide Express Letter","List ekspresowy z całego świata"
"Worldwide Express Plus Letter","List Worldwide Express Plus"
"Customer Packaging","Opakowanie klienta"
"UPS Letter Envelope","Koperta listowa UPS"
"Customer Supplied Package","Opakowanie dostaczone przez klienta"
"UPS Worldwide 25 kilo","UPS Worldwide 25 kg"
"UPS Worldwide 10 kilo","UPS Worldwide 10 kg"
Pallet,Paleta
"Small Express Box","Małe pudełko ekspresowe"
"Medium Express Box","Średnie pudełko ekspresowe"
"Large Express Box","Duże pudełko ekspresowe"
Residential,Rezydencyjny
Commercial,Komercyjna
"Sorry, something went wrong. Please try again or contact us and we'll try to help.","Przepraszamy coś poszło nie tak. Proszę spróbować ponownie lub skontaktować się z nami, a my Spróbujemy pomóc."
"We can't convert a rate from ""%1-%2"".","Nie można przekonwertować wskaźnika z \"%1-%2""."
"Cannot retrieve shipping rates","Nie można pobrać stawek metody wysyłki"
"Delivery Confirmation","Potwierdzenie distarczenia"
"Signature Required","Wymagany podpis"
"Adult Signature Required","Wymagany podpis osoby pełnoletniej"
"Access License Number","Numer licencji dostępu"
Container,Pojemnik
"Destination Type","Typ destynacjiTRANSLATE_THIS"
"Gateway XML URL","Adres URL do usługi XML"
"Minimum Package Weight (Please consult your shipping carrier for minimum supported shipping weight)","Minimalna waga paczki (prosimy skonsultować z kurierem maksymalną dopuszczalną wagę paczki)"
"Origin of the Shipment","Pochodzenie dostawy"
"Pickup Method","Metoda odbioru"
"Tracking XML URL","URL do pliku XML służącego do śledzenia przesyłki"
"UPS Type","Typ UPS"
"Live Account","Konto Live"
"User ID","ID użytkownika"
"Enable Negotiated Rates","Włącz negocjowalne stawki"
"Shipper Number","Numer dostawcy"
"Required for negotiated rates; 6-character UPS","Wymagane dla negocjowalnych stawek; 6-znakowy UPS"
"This enables or disables SSL verification of the Magento server by UPS.","To włącza lub wyłącza SSL weryfikacji serwera Magento przy UPS."
"Live account","Konto Live"
"Request Tax-Inclusive Rate","Żądanie stawki uwzględniającej podatek"
"Edit URL Rewrite for a Category","Dodaj przekierowanie URL dla kategorii"
"Add URL Rewrite for a Category","Dodaj przekierowanie URL dla kategorii"
Category:,Kategoria:
"We can't set up a URL rewrite because the product you chose is not associated with a website.","Nie można skonfigurować przepisać URL bo wybrany produkt nie jest związany z witryną."
"Please assign a website to the selected category.","Przypisz witrynę do wybranej kategorii."
"Edit URL Rewrite for a Product","Dodaj przekierowanie URL dla produktu"
"Add URL Rewrite for a Product","Dodaj przekierowanie URL dla produktu"
Product:,Produkt:
"Skip Category Selection","Pomiń wybór kategorii"
"Edit URL Rewrite for CMS page","Edytuj adres URL strony CMS"
"Add URL Rewrite for CMS page","Dodaj URL Rewrite dla strony CMS"
"CMS page:","Strony CMS:"
"Please assign a website to the selected CMS page.","Przypisz witrynę do wybranej strony CMS."
"Edit URL Rewrite","Edycja przekierowań URL"
"Add New URL Rewrite","Dodaj nowe przekierowanie URL"
"URL Rewrite Information","Informacje przekierowania URL"
"Request Path","Ścieżka polecenia"
"Target Path","Ścieżka docelowa"
"Redirect Type","Typ przekierowania"
"URL Rewrite Management","Zarządzanie przekierowaniami URL"
"Add URL Rewrite","Dodaj nowe przekierowanie URL"
"For Category","Dla kategorii"
"For Product","Dla produktu"
"For CMS page","Dla stron CMS"
"Create URL Rewrite","Utwórz przekierowanie URL"
"You deleted the URL rewrite.","Usunąłeś przekierowanie URL."
"We can't delete URL Rewrite right now.","Nie możemy teraz usunąć przekierowania URL."
"The product you chose is not associated with the selected store or category.","Wybrany produkt nie jest powiązany z wybranym sklepem lub kategorią."
"The category you chose is not associated with the selected store.","Wybrana kategoria nie jest powiązana z wybranym sklepem."
"The URL Rewrite has been saved.","Przekierowanie URL zostało zapisane."
"Something went wrong while saving URL Rewrite.","Coś poszło nie tak podczas zapisywania URL Rewrite."
"Do not use two or more consecutive slashes in the request path.","Nie należy używać dwóch lub więcej kolejnych ukośniki w ścieżce wniosek."
"Anchor symbol (#) is not supported in request path.","Symbol (#) nie jest obsługiwany w ścieżce polecenia."
"Do not use two or more consecutive slashes in the url rewrite suffix.","Nie korzystać z dwóch lub więcej kolejnych ukośniki w adresie url rewrite sufiks."
"Anchor symbol (#) is not supported in url rewrite suffix.","Symbol (#) nie jest obsługiwany w sufiksie przekierowania url."
"URL key for specified store already exists","Klucz URL dla określonego sklepu już istnieje"
"Exception instance doesn't match %1 type","Wystąpienie wyjątku nie pasuje do typu %1"
"Temporary (302)","Tymczasowe (302)"
"Permanent (301)","Stałe (301)"
"Request Path for Specified Store","Wymagaj ścieżki dla określonego sklepu"
"message %1","komunikat %1"
"Custom storage message","Magazyn niestandardowych wiadomości"
"The value specified in the URL Key field would generate a URL that already exists.","Wartość określona w polu URL Key wygenerowałaby adres URL, który już istnieje."
"To resolve this conflict, you can either change the value of the URL Key field (located in the Search Engine Optimization section) to a unique value, or change the Request Path fields in all locations listed below:","Aby rozwiązać ten konflikt, możesz albo zmienić wartość pola URL Key (znajdującego się w sekcji Search Engine Optimization) na unikalną wartość, albo zmienić pola Request Path we wszystkich lokalizacjach wymienionych poniżej:"
"For category","Dla kategorii"
"For product","Dla produktu"
"Create URL Rewrite:","Utwórz URL Rewrite:"
"The selected product isn't associated with the selected store or category.","Wybrany produkt nie jest powiązany z wybranym sklepem lub kategorią."
"The selected category isn't associated with the selected store.","Wybrana kategoria nie jest powiązana z wybranym sklepem."
"An error occurred while saving the URL rewrite. Please try to save again.","Wystąpił błąd podczas zapisywania przepisywania adresu URL. Spróbuj zapisać ponownie."
"""url"" argument should be specified and not empty","Argument ""url"" powinien być określony i nie może być pusty."
"Delete Role","Skasuj rolę"
Roles,Role
"Role Users","Użytkownicy roli"
"Role Resources","Zasoby roli"
"Role Info","Informacje o roli"
"Save User","Zapisz użytkownika"
"Delete User","Usuń użytkownika"
"Are you sure you want to revoke the user's tokens?","Czy na pewno chcesz cofnąć token użytkownika?"
"Edit User '%1'","Edytuj użytkownika '%1'"
"New User","Nowy użytkownik"
"This account is","To konto jest"
"Account Status","Status konta"
"User Roles Information","Informacja o rolach użytkownika"
"User Information","Informacja o użytkowniku"
"User Info","Info użytkownika"
"Please correct the password reset token.","Proszę o poprawne hasło resetowania tokenu."
"Please specify the correct account and try again.","Określ poprawne konto i spróbuj ponownie."
"We'll email you a link to reset your password.","Możemy Ci wysłać e-mail z linkiem do resetowania hasła."
"Please correct this email address:","Proszę poprawić adres e-mail:"
"Please enter an email address.","Podaj adres e-mail."
"Locked Users","Zablokowani użytkownicy"
"Unlocked %1 user(s).","Odblokowanie %1 użytkownik(ów)."
Permissions,Uprawnienia
"You cannot delete your own account.","Nie możesz usunąć swojego własnego konta."
"You deleted the user.","Usunięto użytkownika."
"We can't find a user to delete.","Nie możemy znaleźć użytkownika do usunięcia."
"This user no longer exists.","Taki użytkownik już nie istnieje"
"You have revoked the user's tokens.","Odwołano tokeny użytkowników."
"We can't find a user to revoke.","Nie możemy znaleźć użytkownika aby do niego się odwołać."
"You cannot delete self-assigned roles.","Nie można usunąć ról przypisywanych samorzutnie."
"You deleted the role.","Możesz usunąć regułę."
"An error occurred while deleting this role.","Wystąpił błąd podczas usuwania tej roli."
"New Role","Nowa rola"
"This role no longer exists.","Ta reguła już nie istnieje."
"You saved the role.","Rola zapisana."
"An error occurred while saving this role.","Wystąpił błąd podczas zapisywania tej roli."
"You saved the user.","Użytkownik zapisany."
"A user with the same user name or email already exists.","Użytkownik o takiej nazwie użytkownika lub adresie e-mail już istnieje."
Recommended,Zalecane
Forced,Zmuszony
"Sorry, but this password has already been used. Please create another.","Przepraszamy, ale te hasło jest już używane przez Ciebie. Proszę utwórz inne."
email,"adres e-mail"
username,"nazwa użytkownika"
"User Name is a required field.","Nazwa użytkownika jest polem wymaganym."
"First Name is a required field.","Imię jest polem wymaganym."
"Last Name is a required field.","Nazwisko jest polem wymaganym."
"Password is required field.","Hasło jest polem wymaganym."
"Your password must be at least %1 characters.","Hasło musi mieć co najmniej %1 znaków."
"Your password must include both numeric and alphabetic characters.","Hasło musi zawierać zarówno znaki numeryczne jak i alfabetu."
"Your password confirmation must match your password.","Potwierdzenie twojego hasła musi być zgodne z twoim hasłem."
"It's time to change your password.","Nadszedł czas, abyś zmienił swoje hasło."
"It's time to <a href=""%1"">change your password</a>.","Nadszedł czas, aby <a href=""%1""> zmienił swoje hasło</a>."
"Your password has expired; please contact your administrator.","Twoje hasło wygasło; Skontaktuj się z administratorem."
"Password Help","Pomoc z hasłem"
"Enter your email address.  You will receive an email with a link to reset your password.","Wpisz swój adres e-mail. Otrzymasz następnie e-mail z linkiem do zresetowania hasła."
"Email address","Adres e-mail"
"Retrieve Password","Odzyskaj hasło"
"Back to Sign in","Powrót do logowania"
"Forgot your password?","Nie pamiętasz hasła?"
"Reset a Password","Zresetuj hasło"
"Roles Resources","Zasoby ról"
"Warning!\r\nThis action will remove this user from already assigned role\r\nAre you sure?","Ostrzeżenie! Ta akcja spowoduje usunięcie tego użytkownika z już przypisanej roli\r\nCzy na pewno?"
"Warning!\r\nThis action will remove those users from already assigned roles\r\nAre you sure?","Ostrzeżenie! Ta akcja spowoduje usunięcie tych użytkowników z już przypisanych ról \r\nCzy na pewno?"
"Password Reset Confirmation for %name","Potwierdzenie resetu hasła dla %name"
"If you requested this change, reset your password here:","Jeśli zażądałeś zmiany, zresetuj swoje hasło tutaj:"
"New %changes for %user_name","Nowe %changes dla %user_name"
"Hello,","Witamy,"
"We have received a request to change the following information associated with your account at %store_name: %changes.","Otrzymaliśmy prośbę o zmianę następujących informacji na Twoim koncie %store_name: %changes."
"If you have not authorized this action, please contact us immediately at %store_email","Jeśli nie autoryzowałeś tej akcji, prosimy o natychmiastowy kontakt na adres %store_email"
"or call us at %store_phone","lub zadzwoń do nas pod numer %store_phone"
"Thanks,","Dziękujemy,"
"User Roles","Role użytkownika"
"User Notification Template","Szablon Powiadamianie użytkownika"
"We will disable this feature if the value is empty.","Możemy wyłączyć tę funkcję, jeśli wartość jest pusta."
"Password Lifetime (days)","Czas życia hasła (dni)"
"Password Change","Zmiana hasła"
"Last login","Ostatnie logowanie"
Failures,Błędy
"Reset Password Template","Szablon resetowania hasła"
"New admin user '%user_name' created","Utworzono nowego użytkownika admin '%user_name'"
"A new admin account was created for %first_name, %last_name using %email.","Utworzono nowe konto administratora dla %first_name, %last_name przy użyciu %email."
"The password reset token is incorrect. Verify the token and try again.","Token resetowania hasła jest nieprawidłowy. Zweryfikuj token i spróbuj ponownie."
"""User Name"" is required. Enter and try again.","""Nazwa użytkownika"" jest wymagana. Wprowadź ją i spróbuj ponownie."
"""First Name"" is required. Enter and try again.","""Imię"" jest wymagane. Wprowadź i spróbuj ponownie."
"""Last Name"" is required. Enter and try again.","""Nazwisko"" jest wymagane. Wprowadź i spróbuj ponownie."
"First-Class Mail Large Envelope","Duża koperta poczty pierwszej klasy"
"First-Class Mail Letter","List pierwszej klasy"
"First-Class Package Service - Retail","Usługa paczki pierwszej klasy - sprzedaż detaliczna"
"First-Class Mail Postcards","First-Class Mail Large PostcardsFirst-Class Mail Postcards"
"Priority Mail","Poczta priorytetowa"
"Priority Mail Express Hold For Pickup","Poczta priorytetowa ekspresowa wstrzymana do odbioru"
"Retail Ground","Handel detaliczny"
"Library Mail","Biblioteka Mail"
"Priority Mail Express Flat Rate Envelope","Koperta płaska Priority Mail Express"
"First-Class Mail Large Postcards","Duże pocztówki pierwszej klasy"
"Priority Mail Flat Rate Envelope","Koperta płaska Priority Mail"
"Priority Mail Express Sunday/Holiday Delivery","Priority Mail Express Dostawa w niedziele/święta"
"Priority Mail Express Sunday/Holiday Delivery Flat Rate Envelope","Priority Mail Express Sunday/Holiday Delivery Koperta z płaską ceną"
"Priority Mail Padded Flat Rate Envelope","Wyściełana koperta płaska Priority Mail"
"Priority Mail Express Sunday/Holiday Delivery Legal Flat Rate Envelope","Priority Mail Express Sunday/Holiday Delivery Prawna koperta z płaską ceną"
"Priority Mail Hold For Pickup","Poczta priorytetowa wstrzymana do odbioru"
"Priority Mail Flat Rate Envelope Hold For Pickup","Koperta płaska Priority Mail wstrzymana do odbioru"
"Priority Mail Gift Card Flat Rate Envelope","Płaska koperta na kartę podarunkową Priority Mail"
"Priority Mail Window Flat Rate Envelope","Koperta płaska z okienkiem Priority Mail"
"Priority Mail Small Flat Rate Envelope","Mała koperta płaska Priority Mail"
"Priority Mail Small Flat Rate Envelope Hold For Pickup","Mała koperta płaska Priority Mail - wstrzymanie do odbioru"
"Priority Mail Legal Flat Rate Envelope","Prawna koperta płaska Priority Mail"
"Priority Mail Padded Flat Rate Envelope Hold For Pickup","Priority Mail Wyściełana koperta z płaską stawką do odbioru"
"Priority Mail Regional Rate Box A Hold For Pickup","Skrzynka Priority Mail Regional Rate Box A wstrzymana do odbioru"
"Priority Mail Regional Rate Box B Hold For Pickup","Priority Mail Regional Rate Box B Wstrzymane do odbioru"
"First-Class Package Service Hold For Pickup","Usługa wstrzymania paczki pierwszej klasy do odbioru"
"Priority Mail Express Sunday/Holiday Delivery Flat Rate Boxes","Pudełka z płaską stawką Priority Mail Express Sunday/Holiday Delivery"
"Priority Mail Regional Rate Box C Hold For Pickup","Priority Mail Regional Rate Box C Wstrzymane do odbioru"
"First-Class Package Service","Usługa paczki pierwszej klasy"
"Priority Mail Express Padded Flat Rate Envelope","Wyściełana koperta płaska Priority Mail Express"
"Priority Mail Express Padded Flat Rate Envelope Hold For Pickup","Priority Mail Express Wyściełana koperta z płaską stawką do odbioru"
"Priority Mail Express Sunday/Holiday Delivery Padded Flat Rate Envelope","Priority Mail Express Sunday/Holiday Delivery Wyściełana koperta z płaską ceną"
"Global Express Guaranteed Document","Gwarantowany dokument Global Express"
"Global Express Guaranteed Non-Document Rectangular","Global Express Guaranteed Non-Document Prostokątny"
"Priority Mail International Flat Rate Envelope","Międzynarodowa koperta płaska Priority Mail"
"Priority Mail Express International Flat Rate Envelope","Międzynarodowa koperta płaska Priority Mail Express"
"USPS GXG Envelopes","Koperty USPS GXG"
"First-Class Mail International Letter","List międzynarodowy pierwszej klasy"
"First-Class Mail International Large Envelope","Duża koperta First-Class Mail International"
"First-Class Package International Service","Usługa międzynarodowej paczki pierwszej klasy"
"Priority Mail Express International Legal Flat Rate Envelope","Prawna koperta płaska Priority Mail Express International"
"Priority Mail International Gift Card Flat Rate Envelope","Płaska koperta Priority Mail International na kartę podarunkową"
"Priority Mail International Window Flat Rate Envelope","Koperta z płaską stawką Priority Mail International z okienkiem"
"Priority Mail International Small Flat Rate Envelope","Mała koperta płaska Priority Mail International"
"First-Class Mail International Postcard","Pocztówka międzynarodowa pierwszej klasy"
"Priority Mail International Legal Flat Rate Envelope","Prawna koperta płaska Priority Mail International"
"Priority Mail International Padded Flat Rate Envelope","Wyściełana koperta płaska Priority Mail International"
"Priority Mail International DVD Flat Rate priced box","Pudełko z płaską ceną Priority Mail International DVD"
"Priority Mail International Large Video Flat Rate priced box","Pudełko Priority Mail International Large Video Flat Rate w cenie"
"Priority Mail Express International Padded Flat Rate Envelope","Wyściełana koperta płaska Priority Mail Express International"
Letter,List
Flat,Płaski
Parcel,Paczka
Variable,Zmienna
"Small Flat-Rate Box","Mała skrzynka ryczałtowa"
"Medium Flat-Rate Box","Średnia skrzynka ryczałtowa"
"Large Flat-Rate Box","Duża skrzynka ryczałtowa"
"Flat-Rate Envelope","Koperta - płaska stawka"
"Small Flat-Rate Envelope","Mała koperta ryczałtowa"
"Window Flat-Rate Envelope","Zryczałtowana koperta okienna"
"Gift Card Flat-Rate Envelope","Zryczałtowana koperta na kartę podarunkową"
"Legal Flat-Rate Envelope","Koperta zryczałtowana Legal"
"Padded Flat-Rate Envelope","Wyściełana koperta ryczałtowa"
Rectangular,Prostokątny
Non-rectangular,"Nie prostokątny"
"Service type does not match","Typ usługi nie zgadza się"
Merchandise,"Dobra handlowe"
Gift,Prezent
"Secure Gateway URL","URL bezpiecznej bramki"
Machinable,"Automatyczne pakowanie"
"First-Class Mail Parcel","Paczka pocztowa pierwszej klasy"
"Standard Post","Poczta standardowa"
"Priority Mail Express Flat Rate Boxes","Pudełka Priority Mail Express Flat Rate"
"Priority Mail Express Flat Rate Boxes Hold For Pickup","Pudełka z płaską ceną Priority Mail Express wstrzymane do odbioru"
"Priority Mail Express International Flat Rate Boxes","Skrzynki Priority Mail Express International Flat Rate"
"Add New Variable","Dodaj zmienną"
"Custom Variable ""%1""","Własna zmienna ""%1"""
"New Custom Variable","Nowa własna zmienna"
"Variable Code","Kod zmiennej"
"Variable Name","Nazwa zmiennej"
"Use Default Variable Values","Użyj domyślnych wartości zmiennych"
"Variable HTML Value","Wartość HTML zmiennej"
"Variable Plain Value","Prosta wartość zemiennej"
"You deleted the custom variable.","Usunąłeś niestandardową zmienna."
"You saved the custom variable.","Zapisana niestandardowe zmienna."
"Variable Code must be unique.","Kod zmiennej musi być unikalny."
"Validation has failed.","Weryfikacja nie powiodła się."
"Variable ID","ID zmiennej"
"Custom Variable","Zmienna niestandardowa"
"Base URL","Podstawowy adres URL"
"Secure Base URL","Bezpieczny bazowy adres URL"
"Edit Variable","Zmienna edycji"
"Insert Variable","Wstaw zmienną"
"The variable %1 is no longer available. Select a different variable.","Zmienna %1 nie jest już dostępna. Wybierz inną zmienną."
Type,Typ
"No token found.","Nie znaleziono tokenu."
"Wrong request.","Nieprawidłowe żądanie."
"Deletion failure. Please try again.","Usuwanie awarii. Proszę spróbować ponownie."
"Stored Payment Method was successfully removed","Przechowywana metoda płatności została pomyślnie usunięta"
"Stored Payment Methods","Zapamiętane metody płatności"
"No available payment tokens for specified order payment.","Brak dostępnych tokenów płatności dla określonej płatności za zamówienie."
"You have no stored payment methods.","Nie masz zapisanych metod płatności."
"No payment tokens are available for the specified order payment.","Dla określonej płatności zamówienia nie są dostępne żadne tokeny płatności."
"Credit Card was successfully removed","Karta kredytowa została pomyślnie usunięta"
"My Credit Cards","Moje karty kredytowe"
"You have no credit cards.","Nie masz kart kredytowych."
"Specify the ""public_hash"" value.","Określ wartość ""public_hash""."
"Could not find a token using public hash: %1","Nie można znaleźć tokena przy użyciu publicznego hasha: %1"
"Delete Current Hierarchy","Usuń bieżącą hierarchię"
"Pages Hierarchy","Hierarchia stron"
"Page Properties","Właściwości strony"
"Preview is not available.","Podgląd nie jest dostępny."
"Render Metadata in HTML Head.","Renderowanie metadanych w nagłówku HTML."
Next/Previous,Następny/Poprzedni
"Enable Chapter/Section","Włącz rozdział/sekcję"
"Enables Chapter/Section functionality for this node, its sub-nodes and pages","Zaznaczenie włącza funkcję rozdziału/sekcji dla tego węzła, jego węzłów podrzędnych oraz stron"
Chapter/Section,Rozdział/sekcja
"Defines this node as Chapter/Section","Określa węzeł jako rozdział/sekcję"
"Pagination Options for Nested Pages","Opcje paginacji dla zagnieżdżonych stron"
"Enable Pagination","Włącz podział na strony"
Frame,Ramka
"Set the number of links to display at one time.","Ustaw liczbę linków do wyświetlania w jednym czasie."
"Frame Skip","Pomiń ramkę"
"If the Current Frame Position does not cover Utmost Pages, will render Link to Current Position plus/minus this Value","Jeśli aktualna pozycja ramki nie pokrywa najwyższych stron, wyrenderuje link do aktualnej pozycji plus/minus ta wartość"
"Page Navigation Menu Options","Opcje menu nawigacji strony"
"Exclude from Navigation Menu","Wyłączyć z menu nawigacji"
"Show in navigation menu.","Pokaż w menu nawigacji."
"Menu Layout","Układ menu"
"Only Children","Tylko dzieci"
"Neighbours and Children","Sąsiedzi i dzieci"
"Menu Detalization","Poziom szczegółowości menu"
"Node Levels to Include","Poziomy węzła do uwzględnienia"
"List Type","Rodzaj listy"
"List Style","Styl listy"
"Main Navigation Menu Options","Opcje głównego menu nawigacyjnego"
"Add selected page(s) to the tree","Dodaj wybrane strony"
"Remove from tree.","Usunąć z drzewa."
"Add Node...","Dodawanie węzła..."
"Add to tree.","Dodać do drzewa."
"Node Properties","Właściwości węzła"
"Page ID","Identyfikator strony"
"Manage Hierarchies","Zarządzaj hierarchiami"
Hierarchy,Hierarchia
"You copied the pages hierarchy to the selected scopes.","Skopiowano hierarchię stron do wybranych zakresów."
"Something went wrong while copying the hierarchy.","Coś się zepsuło podczas kopiowania hierarchii."
"Please correct the scope.","Popraw zakres."
"You deleted the pages hierarchy from the selected scopes.","Usunąłeś hierarchię stron z wybranych zakresów."
"Something went wrong while deleting the hierarchy.","Coś się zepsuło podczas usuwania hierarchii."
"CMS Page Trees","Drzewa stron CMS"
"You have saved the hierarchy.","Zapisałeś hierarchię."
"Something went wrong while saving the hierarchy.","Coś się zepsuło podczas kopiowania hierarchii."
Protected,Chroniony
"Delete Multiple Hierarchies","Usuń wiele hierarchii"
"Please correct the node data.","Proszę poprawić dane."
"CMS Node with id ""%1"" does not exist.","Węzeł CMS o id ""%1"" nie istnieje."
"Tree Viewed","Wyświetlone drzewo"
Chapter,Rozdział
Section,Sekcja
Both,Zarówno
"Use default","Użyj domyślnego"
"Numbers (1, 2, 3, ...)","Numery (1, 2, 3,...)"
"Lower Alpha (a, b, c, ...)","Małe znaki alfanumeryczne (a, b, c, ...)"
"Upper Alpha (A, B, C, ...)","Duże znaki alfanumeryczne (A, B, C, ...)"
"Lower Roman (i, ii, iii, ...)","Małe cyfry rzymskie (i, ii, iii, ...)"
"Upper Roman (I, II, III, ...)","Duże cyfry rzymskie (I, II, III, ...)"
Circle,Koło
Disc,Dysk
Square,Plac
Unordered,Nieuporządkowana
"Use Parent","Użyj rodzica"
"Use the parent node hierarchy.","Użyj hierarchii węzła nadrzędnego."
"Are you sure you want to delete current hierarchy?","Czy na pewno chcesz usunąć bieżącą hierarchię?"
"This page cannot be added, because a node or page with the same URL Key already exists in this tree part.","Ta strona nie może zostać dodana ponieważ węzeł lub strona z tym samym kluczem URL już istnieje w tej części drzewa."
"This URL key is already in use.","Ten klucz URL jest już w użyciu."
"Please select a website or store view.","Proszę wybierz stronę lub widok sklepu."
"Are you sure you want to copy the current hierarchy to the selected destinations?","Czy na pewno chcesz skopiować bieżącą hierarchię do wybranych miejsc docelowych?"
"Are you sure you want to delete the selected hierarchies?","Czy na pewno chcesz usunąć wybrane hierarchie?"
"Please select one or more hierarchies to delete.","Wybierz jedną lub więcej hierarchii do usunięcia."
"Please assign the current hierarchy to one or more destinations.","Przypisz bieżącą hierarchię do jednego lub więcej miejsc."
"No nodes are available","Węzły nie są dostępne"
"Single Hierarchy for All Store Views","Wspólna hierarchia dla wszystkich widoków sklepów"
"Specific Hierarchy for Each Store View","Określ hierarchię dla każdego widoku sklepu"
"CMS Hierarchy for","Hierarchia stron CMS dla"
"If this value is empty, the node or page name will be used.","Jeśli wartość ta jest pusta, nazwa węzła lub strony będzie używana."
Node,Węzeł
"Not Selected","Nie wybrano"
"Select a page or node.","Wybierz węzeł lub stronę."
"Parent page","Strona rodzica"
"Website Root","Strona bazowa"
Page:,Strona:
"Delete Revision and Version","Usuń rewizję oraz wersję"
"Publish Revision","Opublikuj rewizję"
"CMS Page Hierarchy","Hierarchia strony CMS"
"Enable Hierarchy Functionality","Włącz funkcję hierarchii"
"Enable Hierarchy Metadata","Włącz metadanych hierarchii"
"Default Layout for Hierarchy Menu","Domyślny układ hierarchii menu"
"CMS Hierarchy","Hierarchia stron CMS"
"CMS Hierarchy Node Link","Odnośnik do węzła w hierarchii CMS"
"Link to Specified CMS Hierarchy Node","Link do określonego węzła hierarchii CMS"
"Add selected page(s) to the tree.","Dodawanie wybranych stron do drzewa."
"Version Control","Kontrola wersji"
"Version Label","Etykieta wersji"
"Access Level","Poziom dostępu"
Created,Utworzony
Versions,Wersje
"Are you sure?","Jesteś pewien?"
N/A,"NIE DOTYCZY"
"Are you sure you want to delete this revision?","Czy na pewno chcesz usunąć tę wersję?"
Publish,Publikować
"Save and publish.","Zapisz i opublikuj."
"Save in a new version.","Zapisz w nowej wersji."
"You must specify a new version name.","Należy podać nazwę nowej wersji."
"Please specify a valid name.","Podaj prawidłową nazwę."
"Edit Page '%1' Revision #%2","Edycja strony '%1' w wersji #%2"
"Edit Page '%1' New Revision","Edycja strony '%1' Nowa wersja"
"Revision Information","Informacje o rewizji"
"Save as new version.","Zapisz jako nową wersję."
"New Revision...","Nowa wersja..."
"Save and continue edit.","Zapisz i kontynuuj edycję."
"Edit Page '%1' Version '%2'","Edycja strony '%1' Wersja '%2"
"Version Information","Informacje o wersji"
Revision,Rewizja
"Please select version(s).","Wybierz wersję (wersje)."
"Something went wrong while deleting these versions.","Coś poszło nie tak podczas usuwania tych wersji."
"You have deleted the revision.","Wersja została usunięta."
"Something went wrong while deleting the revision.","Coś poszło nie tak podczas usuwania wersji."
"We can't find a revision to delete.","Nie możemy znaleźć wersji do usunięcia."
"We could not load the specified revision.","Nie mogliśmy załadować określonej wersji."
"Edit Revision","Edytuj wersję"
"You have published the revision.","Opublikowałeś poprawkę."
"You have saved the revision.","Wersja została zapisana."
"You have deleted the version.","Wersja została usunięta."
"Something went wrong while deleting this version.","Coś poszło nie tak podczas usuwania tej wersji."
"We can't find a version to delete.","Nie możemy znaleźć wersji do usunięcia."
"Edit Version","Wersja do edycji"
"Please select revision(s).","Wybierz wersję (wersje)."
"Something went wrong while deleting the revisions.","Coś poszło nie tak podczas usuwania wersji."
"You have created the new version.","Utworzono nową wersję."
"You have saved the version.","Wersja została zapisana."
"Revision #%1 could not be removed because it is published.","Wersja #%1 nie mogła zostać usunięta, ponieważ została opublikowana."
"CMS Revision with id ""%1"" does not exist.","Wersja CMS o id ""%1"" nie istnieje."
"Please enter a version label.","Wprowadź etykietę wersji."
"Cannot change version access level because it is the last public version for its page.","Nie można zmienić poziomu dostępu do wersji, ponieważ jest to ostatnia publiczna wersja dla tej strony."
"Version ""%1"" cannot be removed because it is the last public page version.","Wersja ""%1"" nie może zostać usunięta, ponieważ jest ostatnią publiczną wersją strony."
"Version ""%1"" cannot be removed because its revision is published.","Wersja ""%1"" nie może zostać usunięta, ponieważ jej rewizja została opublikowana."
"CMS Version with id ""%1"" does not exist.","Wersja CMS o id ""%1"" nie istnieje."
Published,Opublikowano
"[No Owner]","[Brak właściciela]"
"Enabled by Default","Domyślnie włączone"
"Disabled by Default","Domyślnie wyłączone"
"Under Version Control","Pod kontrolą wersji"
"Currently Published Revision","Aktualnie opublikowana wersja"
"The published revision is unavailable.","Opublikowana wersja jest niedostępna."
"There are unsaved node data. Are you sure you want to continue?","Istnieją niezapisane dane węzła. Czy na pewno chcesz kontynuować?"
"Please wait...","Proszę czekać..."
"Choose Revision","Wybierz wersję"
"Current Modification","Bieżąca modyfikacja"
"Revision #%1","Wersja #%1"
"Choose Store View:","Wybierz Widok sklepu:"
"Revision #","Wersja #"
"New Revision","Nowa wersja"
Author:,Autor:
Version:,Wersja:
"This Page Belongs To","Ta strona należy do"
"Version Revisions","Zmiany wersji"
"CMS Versioning","Wersjonowanie CMS"
"CMS Page Default Versioning","Domyślna wersja strony CMS"
"The CMS node with the ""%1"" ID doesn't exist.","Węzeł CMS o identyfikatorze ""%1"" nie istnieje."
"Search All Products","Szukaj wszystkich produktów"
"Add Product by SKU","Dodaj produkt przez SKU"
Bottom,Dół
"No SKU entered","Nie wprowadzono SKU"
"Undefined Action","Niezdefiniowana akcja"
"Products with the following SKUs do not exist: %s","Nie istnieją produkty z następującymi SKU: %s"
"%s SKU(s) processed successfully","%s SKU(s) pomyślnie przetworzone"
"On Top","Na górze"
"On Bottom","Na dole"
"Category rules validation failed","Nie można sprawdzić poprawności reguł kategorii"
"Clone category ID(s)","Klon kategorii ID"
"Date Created (days ago)","Data Utworzenia (dni temu)"
"Date Modified (days ago)","Data modyfikacji (dni temu)"
"Error in reading category rules","Wystąpił błąd podczas odczytu reguł kategorii"
"There was no category rules to apply","Nie było żadnych zasad kategorii do zastosowania"
"Category rules applied","Zastosowane Zasady Kategorii"
Equal,Równe
"Not equal",Różne
"Greater than","Większa niż"
"Greater than or equal to","Równe lub większe niż"
"Less than","Mniejszy/a niż"
"Less than or equal to","Równa lub mniejsza niż"
Contains,Zawiera
"Error in yes/no format","Błąd w formacie tak/nie"
"Category ID '%1' not found","Nie znaleziono ID kategorii '%1'"
"%1 doesn't implement SortInterface","%1 nie zaimplementowano SortInterface"
"Move low stock to top","Przenieś niską akcję do góry"
"Name: A - Z","Nazwa: A - Z"
"Name: Z - A","Nazwa: Z - A"
"Newest products first","Najnowsze produkty pierwsze"
"Move out of stock to bottom","Przenieś niedostępne do dołu"
"Price: High to low","Cena: Od najwyższej do najniższej"
"Price: Low to high","Cena: Od najniższej do najwyższej"
"SKU: Ascending","SKU: rosnąco"
"SKU: Descending","SKU: malejąco"
"Sort by color","Sortuj wg koloru"
"Special price to bottom","Cena promocyjna na dole"
"Special price to top","Cena promocyjna do góry"
"Enter SKUs below, one per line","Wprowadź SKU poniżej, jeden na linię"
Draggable,Przeciągane
"Product image","Obrazek produktu"
"You can create a rule only to the existing categories.","Można utworzyć regułę tylko do istniejących kategorii."
"Only products matched by rule will be present in the category after save. Unmatched products and manual sorting will be removed from the category.","Tylko produkty dopasowane przez reguły będą obecne w kategorii po zapisie. Niedopasowane produkty i ręczne sortowanie zostaną usunięte z kategorii."
Attribute,Cecha
Logic,Logika
"Add Condition","Dodaj warunek"
"Match products by rule","Produkty dopasowania przez regułę"
"Save and Close","Zapisz i Zamknij"
"Visual Merchandiser Options","Opcje Visual Merchandiser"
"Visual Merchandiser","Wizualizacja sklepu"
"Visible Attributes for Category Rules","Widoczne atrybuty dla zasad kategorii"
"Additional attributes usable in category rules","Dodatkowe atrybuty nadające się do reguł kategorii"
"Minimum Stock Threshold","Próg minimalny zasobu"
"Determines which products are 'low stock'","Określa, które produkty mają ""niskie zasoby"""
"Color Attribute Code","Kod Atrybutu Koloru"
"Color Order","Kolor Zamówienia"
"Each color being on a separate row.","Każdy kolor jest w osobnym wierszu."
Sort,Sortuj
"Automatic Sorting","Automatyczne sortowanie"
"Sort order","Kolejność sortowania"
"Category Products","Kategoria Produkty"
"Wait loading...",Ładowanie...
"Rule %1 does not exists","Reguła %1 nie istnieje"
"Consumer is not authorized to access %resources","Konsument nie jest upoważniony do dostępu do %zasobów"
"Operation allowed only in HTTPS","Operacja jest dozwolona tylko w HTTPS"
"Cannot perform GET operation with store code 'all'","Nie można wykonać operacji GET dla kodu sklepu ""all"""
"Request does not match any route.","Wniosek nie odpowiada żadnej ścieżce."
"Not allowed parameters: %1. Please use only %2 and %3.","Parametr: %1 nie dozwolony. Proszę używać tylko %2 i %3."
"Requested service is not available: ""%1""","Żądana usługa nie dostępna: ""%1"""
"Operation ""%1"" not found.","Operacja ""%1"" nie znaleziona."
"SOAP extension is not loaded.","Rozszerzenie protokołu SOAP nie jest załadowane."
"Invalid XML","Nieprawidłowy XML"
"Invalid XML: Detected use of illegal DOCTYPE","Nieprawidłowy kod XML: Wykryto stosowanie nielegalnych DOCTYPE"
"Soap fault reason.","Powód niepowodzenia komunikacji SOAP."
"Create Customer","Utwórz klienta"
"Edit Customer","Edycja klienta"
"Get Customer","Pobierz klienta"
"SOAP Settings","Ustawienia protokołu SOAP"
"Default Response Charset","Domyślny zestaw znaków odpowiedzi"
"If empty, UTF-8 will be used.","Jeśli puste, zostanie użyte UTF-8."
"Web Services Configuration","Konfiguracja usług sieci Web"
"REST and SOAP configurations, generated WSDL file","konfiguracji REST oraz SOAP, generowanie pliku WSDL"
"Authentication header format is invalid.","Format nagłówka uwierzytelniania jest nieprawidłowy."
"Authentication header is absent.","Nagłówek uwierzytelniania jest nieobecny."
"REST and SOAP configurations, generated WSDL file.","Konfiguracje REST i SOAP, wygenerowany plik WSDL."
"Specified request cannot be processed.","Określone żądanie nie może zostać przetworzone."
"The consumer isn't authorized to access %resources.","Konsument nie ma uprawnień dostępu do %resources."
"WebapiAsync config for ""%topicName"" does not exist.","Konfiguracja WebapiAsync dla ""%topicName"" nie istnieje."
"WebapiAsync config for ""%lookupKey"" does not exist.","Konfiguracja WebapiAsync dla ""%lookupKey"" nie istnieje."
"Web API Security","Zabezpieczenia Web API"
"Allow Anonymous Guest Access","Zezwalaj na dostęp anonimowy Gości"
"This feature applies only to CMS, Catalog and Store APIs. Please consult your developers for details on potential security risks.","Ta funkcja dotyczy tylko interfejsów API CMS, Catalog i Store. Szczegółowe informacje na temat potencjalnych zagrożeń bezpieczeństwa można uzyskać od deweloperów."
"503 Service Unavailable","503 Usługa niedostępna"
"Website Closed","Strona zamknięta"
"Private Sales: Login Only","Sprzedaż prywatna: tylko dla zalogowanych"
"Private Sales: Login and Register","Sprzedaż prywatna: zarejestruj i zaloguj się"
"To login form (302 Found)","Przekierowanie do strony logowania (HTTP 302 Found)"
"To landing page (302 Found)","Przekierowanie na stronę docelową (HTTP 302 Found)"
"Can not register new customer due to restrictions are enabled.","Nie można zarejestrować nowego klienta z powodu włączonych ograniczeń."
"Access Restriction","Ograniczenie dostępu"
"Restriction Mode","Tryb ograniczony"
"Applicable only if restriction mode is set to ""Private Sales"".","Stosowane tylko, jeśli tryb ograniczeń jest ustawiony na ""Sprzedaż prywatna""."
"HTTP Response","Odpowiedź HTTP"
"Applicable only if restriction mode is set to ""Website Closed"". The landing page is rendered as raw HTML.","Stosowane tylko, jeśli tryb ograniczeń jest ustawiony na ""Strona zamknięta"". Strona docelowa jest renderowana jako czysty HTML."
"Add Tax","Dodaj podatek"
"Delete Tax","Usuń tag"
"You must set unique country-state combinations within the same fixed product tax","Należy ustawić unikalne kombinacje kraju i państwa w ramach tego samego stałego podatku od produktu"
"Including FPT only","Wliczając tylko FPT"
"Including FPT and FPT description","Włączając FPT i opis FPT"
"Excluding FPT. Including FPT description and final price","Wyłączając FPT. W tym opis FPT i ostateczna cena"
"Excluding FPT","Wyłączając FPT"
"Fixed Product Tax","Ustalony podatek produktu"
Country/State,Kraj/Województwo
"Total Incl. Tax","Razem z podatkiem"
"Final Price","Cena końcowa"
"Fixed Product Taxes","Ustalone podatki produktu"
"Enable FPT","Włącz FPT"
"Display Prices In Product Lists","Wyświetlaj ceny na listach produktów"
"Display Prices On Product View Page","Wyświetlaj ceny na karcie produktu"
"Display Prices In Sales Modules","Wyświetlaj ceny w modułach sprzedaży"
"Display Prices In Emails","Wyświetlaj ceny w wiadomościach e-mail"
"Apply Tax To FPT","Używaj podatków w FPT"
"Include FPT In Subtotal","Zawrzyj FPT w podsumie"
"We found a duplicate of website, country and state fields for a fixed product tax","Znaleźliśmy duplikat pola strony internetowej, kraju i stanu dla stałego podatku od produktu"
"label_value' 'label_value' 'frontend_label","label_value' 'etykieta_wartość' 'frontend_label"
"Set unique country-state combinations within the same fixed product tax. Verify the combinations and try again.","Ustaw unikalne kombinacje kraju i państwa w ramach tego samego stałego podatku od produktów. Zweryfikuj kombinacje i spróbuj ponownie."
"Widget Insertion","Wstawianie widgetu"
"Insert Widget","Wstaw widget"
Choose...,Wybierz...
"Widget Type","Typ widgetu"
"Manage Widget Instances","Zarządzaj instancjami widgetów"
"Add Widget","Dodaj widget"
"Widget ""%1""","Widget %1"""""
"New Widget Instance","Nowa instancja widgetu"
"Custom Layouts","Indywidualny układ"
"Page Layouts","Układ strony"
"Please Select Container First","Proszę wybrać kontener"
"Design Package/Theme","Pakiet wyglądu/motyw"
"Widget Title","Tytuł widget'u"
"Assign to Store Views","Przypisz do widoków sklepu"
"Sort Order of widget instances in the same container","Porządek sortowanie widgetów w obrębie jednego kontenera"
"Layout Updates","Aktualizacje układu"
"Anchor Categories","Kategorie zakotwiczone"
"Non-Anchor Categories","Kategorie niezakotwiczone"
"All Product Types","Wszystkie rodzaje produktów"
"Generic Pages","Ogólne strony"
"All Pages","Wszystkie strony"
"Specified Page","Wybrana strona"
"Add Layout Update","Dodaj aktualizację układu"
"Remove Layout Update","Usuń aktualizacje układu"
"Widget Options","Opcje widgetu"
"Please specify a Widget Type.","Proszę podać typ widgetu."
"Please specify a correct widget.","Proszę podać poprawny widget."
"The widget instance has been deleted.","Instancja widgetu została usunięta."
"New Widget","Nowy widget"
Widgets,Widgety
"The widget instance has been saved.","Instancja widgetu została zapisana."
description,opis
"We cannot create the widget instance because it is missing required information.","Nie można utworzyć instancji widgetu z powodu braku wymaganych informacji."
"Specific %1","Wybrane %1"
"Defines whether a link to My Account","Określa, link do Moje konto"
"The text of the link to the My Account &gt; Order by SKU page","Łącze do Mojego Konta &gt; Zamów przez stronę SKU"
"Widget ID","ID widgetu"
"We're sorry, an error has occurred while loading widget options.","Przepraszamy, wystąpił błąd podczas ładowania opcji widżetu."
"Inserting a widget does not create a widget instance.","Umieszczenie widgetu nie tworzy jego instancji."
"Wish List Sharing","Udostępnianie listy życzeń"
"My Wish List","Moja lista życzeń"
"We can't add the item to Wish List right now: %1.","Aktualnie nie możemy dodać elementu do listy życzeń: %1."
"We can't add the item to Wish List right now.","Aktualnie nie możemy dodać elementu do listy życzeń."
"We can't add the item to the cart right now.","Nie można teraz dodać produktu do koszyka."
"We can't load the Wish List item right now.","Nie możemy teraz załadować elementu listy życzeń."
"The requested cart item doesn't exist.","Żądany element koszyka nie istnieje."
"%1 has been moved to your wish list.","%1 został przeniesiony do Twojej listy życzeń."
"We can't move the item to the wish list.","Nie możemy przenieść elementu do listy życzeń."
"We can't delete the item from Wish List right now because of an error: %1.","Nie możemy usunąć elementu z listy życzeń. Wystąpił błąd: %1."
"We can't delete the item from the Wish List right now.","Aktualnie nie możemy usunąć elementu z listy życzeń."
"Message length must not exceed %1 symbols","Długość komunikatu nie może przekraczać %1 znaków"
"This wish list can be shared %1 more times.","Tę listę życzeń można udostępnić jeszcze %1 razy."
"Your wish list has been shared.","Schowek został udostępniony."
"We can't delete item from Wish List right now.","Nie można teraz usunąć produktu z listy życzeń."
"Can't save description %1","Nie można zapisać opisu %1"
"Can't update wish list","Nie można zaktualizować listy życzeń"
"%1 has been updated in your Wish List.","%1 został zaktualizowany na liście życzeń."
"We can't update your Wish List right now.","Nie można teraz zaktualizować listy życzeń."
"The requested Wish List doesn't exist.","Żądana lista życzeń nie istnieje."
"Display number of items in wish list","Wyświetl liczbę elementów na liście życzeń"
"We can't specify a wish list.","Nie możemy dokładnie określić listy życzeń."
"Product is not salable.","Produkt nie jest chodliwy."
"%1 for ""%2"".","%1 na ""%2""."
"We couldn't add the following product(s) to the shopping cart: %1.","Nie udało się dodać następującego produktu (następujących produktów) do koszyka: %1."
"We can't update the Wish List right now.","Nie możemy teraz stworzyć listy życzeń."
Comment:,Komentarz:
"We cannot retrieve the Wish List.","Nie możemy pobrać listy życzeń."
"%1's Wishlist","Schowek %1"
"We can't specify a wish list item.","Nie możemy dokładnie określić elementów listy życzeń."
error-message,"komunikat o błędzie"
"Product Exception.","Błąd produktu."
"Regular Price","Cena regularna"
"Share Wish List","Podziel się listą życzeń"
"Add All to Cart","Dodaj wszystko do koszyka"
"Update Wish List","Aktualizacja listy życzeń"
"Move to Wishlist","Przenieś do listy życzeń"
"View Product","Zobacz produkt"
"This Wish List has no Items","Ta lista życzeń nie zawiera żadnych produktów"
"%1 has been added to your Wish List.","Produkt %1 został dodany do listy życzeń."
"RSS link to %1's wishlist","Link RSS do listy życzeń %1"
"RSS Feed","Kanał RSS"
"Wish List is empty now.","Lista życzeń jest pusta."
"Email addresses, separated by commas","Adresy e-mail rozdzielane przecinkami"
"Check here to link an RSS feed to your Wish List.","Sprawdź tutaj żeby podlinkować RSS do swojej listy życzeń."
"Last Added Items","Ostatnio dodane produkty"
"Go to Wish List","Przejdź do listy życzeń"
"You have no items in your wish list.","Nie masz żadnych produktów na liście życzeń."
"Take a look at %customer_name's Wish List","Spójrz na listę życzeń użytkownika %customer_name"
"%customer_name wants to share this Wish List from %store_name with you:","%customer_name chce się z tobą podzielić tą listą życzeń z %store_name:"
"Message from %customer_name:","Wiadomość od %customer_name:"
"View all Wish List items","Zobacz wszystkie elementy listy życzeń"
"Wish List Section","Sekcja listy życzeń"
"Share Options","Opcje współdzielenia"
"Max Emails Allowed to be Sent","Max e-maile mogą być wysyłane"
"Email Text Length Limit","Ograniczenie długości tekstu wiadomości e-mail"
"My Wish List Link","Mój link listy życzeń"
"Display Wish List Summary","Wyświetl podsumowanie schowka"
"No Items Found","Nie znaleziono produktów"
"User Description","Opis użytkownika"
"Product Details and Comment","Szczegóły i komentarze produktu"
"Add To Wishlist","Dodaj do listy życzeń"
"Are you sure you want to remove this product from your Wish List?","Czy na pewno chcesz usunąć ten produkt z listy życzeń?"
"%1 has been removed from your Wish List.","%1 został usunięty z listy życzeń."
"10 by default. Max - 10000","10 domyślnie. Max - 10000"
"255 by default","255 domyślnie"
"The Wish List item can't load at this time. Please try again later.","W tej chwili nie można załadować elementu listy życzeń. Spróbuj ponownie później."
"The cart item doesn't exist.","Pozycja w koszyku nie istnieje."
"You must login or register to add items to your wishlist.","Musisz być zalogowany aby dodać przedmioty do Twojej listy życzeń."
"Show in Sidebar","Wyświetl w panelu bocznym"
"Missing key ""model"" in Wishlist Item value data","Brakujący klucz ""model"" w danych wartości pozycji z listy życzeń"
"Missing key ""model"" in Wishlist value data","Brakujący klucz ""model"" w danych wartości listy życzeń"
"Credit card type","Rodzaj karty kredytowej"
"CVV result","Wynik CVV"
"Postcode AVS check","Sprawdzono kod pocztowy AVS"
"Address AVS check","Sprawdzono adres AVS"
"Country comparison check","Porównanie kraju"
"Not supported",Nieobsługiwane
"Not checked","Nie sprawdzony"
Matched,Pasujący
"Not matched","Nie pasujący"
"Partially matched","Częściowo pasujący"
"No such order id.","Brak takiego identyfikatora zamówienia."
"Your purchase process has been cancelled.","Twój proces zakupu został anulowany."
"Gateway response is not valid.","Błędna odpowiedź z bramki."
"Currency doesn't match.","Błędna waluta."
"Amount doesn't match.","Błędna ilość."
"Not supported response.","Otrzymana odpowiedź nie jest wspierana."
"Gateway processing error.","Błąd przetwarzania bramki."
"Transaction was not placed.","Transakcja nie została zakończona."
Refused,Odrzucono
Authorised,Autoryzowano
Captured,Przechwycone
"Please click ","Proszę kliknąć "
" if you are not redirected automatically."," jeżeli nie zostałeś przekierowany automatycznie."
"You will be redirected to the Worldpay website.","Zostaniesz przekierowany do serwisu Worldpay."
"Continue to Worldpay","Przejdź do Worldpay"
Worldpay,WorldPay
"Payment Response Password","Hasło odpowiedzi"
"Remote Admin Installation ID","Zdalny identyfikator instalacji"
"Remote Admin Authorisation Password","Zdalne hasło admina"
"MD5 Secret for Transactions","MD5 Sekret dla transakcji"
"Allow To Edit Contact Information","Zezwalaj na Edytowanie informacji o kontakcie"
"Hide Contact Information","Ukryj informacje kontaktowe"
"Payment Action for Test","Działanie płatności dla testu"
"Payment From Applicable Countries","Płatność z odpowiednich krajów"
"Payment From Specific Countries","Płatność z wybranych krajów"
"Set Order Status to Suspected Fraud for CVV","Ustaw stan zamówienia o podejrzenia oszustwa dla CVV"
"Set Order Status to Suspected Fraud for Postcode AVS","Ustaw stan zamówienia do podejrzenia oszustwa o kod pocztowy AVS"
"Payment was canceled.","Płatność została anulowana."
"Your payment has been successfully processed by our shop system.","Twoja płatność została poprawnie zakończona."
"Payment was canceled","Płatność została anulowana"
"Please ","Proszę "
"continue shopping","kontynuuj zakupy"
"Transaction has been canceled","Transakcja została anulowana"
"Account Dashboard","Panel konta"
"Account Information","Informacje o koncie"
"Quick Checkout","Szybkie zamówienie"
"Store alternative addresses","Alternatywny adres sklepu"
"For shipping to multiple family members and friends","Koszty wysyłki do wielu członków rodziny i przyjaciół"
"<a href=%url_about_us>About Us</a>","<a href=%url_about_us>O nas</a>"
"<a href=url_customer_service>Customer Service</a>","<a href=%url_customer_service>Obsługa Klienta</a>"
"<a href=""tel:%store_phone"">%store_phone</a>","<a href=""tel:%store_phone"">%store_phone</a>."
"Hours of Operation:<br /><span class=""no-link"">%store_hours</span>.","Godziny pracy:<br /><span class=""no-link"">%store_hours</span>."
"If you have questions about your order, you can email us at <a href=""mailto:%store_email"">%store_email</a>.","Jeśli masz pytania dotyczące Twojego zamówienia, możesz napisz do nas na <a href=""mailto:%store_email"">%store_email</a>."
"Shipping Info","Informacje wysyłkowe"
"About Us","O Nas"
"Backup options","Opcje kopii zapasowej"
Warning,Ostrzeżenie
"Insert Widget...","Wstaw widget..."
"Recent items","Najnowsze elementy"
"Show all...","Pokaż wszystkie..."
"Please enter a number greater 0 in this field.","Prosimy o podanie numeru większego od 0 w tym polu."
"Please select one of each ratings above.","Wybierz jedną z powyższych ocen."
"Please specify Url.","Proszę określić adres URL."
"Method %s does not exist on jQuery.decorate","Metoda %s nie istnieje na jQuery.decorate"
"All ","Wszystko "
Translate,Przetłumacz
"The specified vehicle identification number (VIN) is invalid.","Podany numer identyfikacyjny pojazdu (VIN) jest nieprawidłowy."
"Please remove invalid characters: {0}.","Proszę usunąć niepoprawne znaki: {0}."
"Please use only letters (a-z), numbers (0-9) or underscore (_) in this field, and the first character should be a letter.","Prosimy o używanie jedynie liter (a-z), cyfr (0-9) lub podkreślnika (_) w tym polu, pierwszy znak powinien być literą."
"Please select one of the options above.","Proszę wybrać jedną opcje z dostępnych."
"Please select a file.","Proszę wybrać plik."
"Please select one of the options.","Proszę wybrać jedną z opcji."
"Please enter a value less than or equal to %s.","Podaj wartość mniejszą niż lub równą %s."
"Please enter a value greater than or equal to %s.","Podaj wartość większa niż lub równa %s."
"Card type does not match credit card number.","Typ karty nie zgadza się z podanym numerem karty."
"Credit card number does not match credit card type.","Numer karty nie zgadza się z podanym typem karty."
"Incorrect credit card expiration date.","Nieprawidłowa data wygaśnięcia karty."
"Please enter less or equal than %1 symbols.","Podaj mniej lub dokładnie %1 symboli."
"Please enter more or equal than %1 symbols.","Podaj więcej lub dokładnie %1 symboli."
"Please enter a valid value from list","Wprowadź prawidłową wartość z listy"
"Please enter valid SKU key.","Proszę wpisać prawidłową nazwę SKU."
"Please enter a valid number.","Proszę wpisać poprawną cyfrę."
"This is required field","To pole jest wymagane"
"Admin is a required field in each row.","Pole ""Admin"" jest wymagane w każdym wierszu."
"Please fix this field.","Popraw to pole."
"Please enter a valid URL.","Wprowadź prawidłowy adres URL."
"Please enter a valid date (ISO).","Wprowadź prawidłową datę (ISO)."
"Please enter only digits.","Wprowadź tylko cyfry."
"Please enter the same value again.","Wpisz ponownie tę samą wartość."
"Please enter no more than {0} characters.","Wprowadź nie więcej niż {0} znaków."
"Please enter at least {0} characters.","Wprowadź przynajmniej {0} znaków."
"Please enter a value between {0} and {1} characters long.","Wprowadź wartość o liczbie znaków pomiędzy {0} a {1}."
"Please enter a value between {0} and {1}.","Wprowadź wartość pomiędzy {0} a {1}."
"Please enter a date between %min and %max.","Prosimy wprowadzić datę między % min i % max."
"Please enter a valid full date.","Wprowadź prawidłową pełną datę."
"Please enter a valid month (1-12).","Prosimy wpisać poprawny miesiąc (1-12)."
"Please enter a valid year (1900-%1).","Prosimy wpisać poprawny rok (1900-%1)."
"Please enter a valid day (1-%1).","Prosimy wpisać poprawny dzień (1-%1)."
"Please enter a date from the past.","Prosimy wprowadzić datę z przeszłości."
"Maximum length of this field must be equal or less than %1 symbols.","Maksymalna długość w tym polu musi być mniejsza lub równa %1 symboli."
"Admin is a required field in the each row.","Pole ""Admin"" jest wymagane w każdym wierszu."
"The maximum you may purchase is %1.","Możesz zakupić maksymalnie %1."
"Forbidden extensions has been used. Avoid usage of ","Używano zabronionych rozszerzeń. Unikaj używania "
"No marginal white space please","Proszę, bez marginesowej białej przestrzeni"
"Please enter 6 or more characters. Leading or trailing spaces will be ignored.","Proszę podać co najmniej 6 znaków. Spacje na początku i końcu są ignorowane."
"Enter valid SKU key","Wprowadź poprawny klucz SKU"
"Swatch and Admin are the required fields in the each row.","Pola Swatch i Admin są wymagane w każdym wierszu."
"Insert Widget","Wstaw widżet"
"The widget %1 is no longer available. Select a different widget.","Widżet %1 nie jest już dostępny. Wybierz inny widżet."
